Grid Size,30
NULL,NodeType,GridX,GridY,Length,Width,Height,PosX,PosY,PosZ
0,0,0,0,4.6667,4.6667,0,-67.6666,-67.6666,0
1,1,0,0,0,0,0,0,0,0
1,1,0,0,0,0,0,0,0,0
1,1,0,0,0,0,0,0,0,0
1,1,0,0,0,0,0,0,0,0
1,1,0,0,0,0,0,0,0,0
0,1,1,0,4.6667,4.6666,0,-63,-67.6666,0
0,1,1,1,4.6666,4.6666,0,-63,-63,0
0,1,0,1,4.6666,4.6667,0,-67.6666,-63,0
0,0,1,0,4.6667,4.6666,0,-63,-67.6666,0
0,1,0,1,4.6666,4.6667,0,-67.6666,-63,0
0,1,0,0,4.6667,4.6667,0,-67.6666,-67.6666,0
1,1,0,0,0,0,0,0,0,0
1,1,0,0,0,0,0,0,0,0
1,1,0,0,0,0,0,0,0,0
0,1,2,0,4.6667,4.6667,0,-58.3334,-67.6666,0
0,1,2,1,4.6666,4.6667,0,-58.3334,-63,0
0,1,1,1,4.6666,4.6666,0,-63,-63,0
0,0,2,0,4.6667,4.6667,0,-58.3334,-67.6666,0
0,1,1,1,4.6666,4.6666,0,-63,-63,0
0,1,1,0,4.6667,4.6666,0,-63,-67.6666,0
1,1,0,0,0,0,0,0,0,0
1,1,0,0,0,0,0,0,0,0
1,1,0,0,0,0,0,0,0,0
0,1,3,0,4.6667,4.6667,0,-53.6666,-67.6666,0
0,1,3,1,4.6666,4.6667,0,-53.6666,-63,0
0,1,2,1,4.6666,4.6667,0,-58.3334,-63,0
0,0,3,0,4.6667,4.6667,0,-53.6666,-67.6666,0
0,1,2,1,4.6666,4.6667,0,-58.3334,-63,0
0,1,2,0,4.6667,4.6667,0,-58.3334,-67.6666,0
1,1,0,0,0,0,0,0,0,0
1,1,0,0,0,0,0,0,0,0
1,1,0,0,0,0,0,0,0,0
0,1,4,0,4.6667,4.6666,0,-49,-67.6666,0
0,1,4,1,4.6666,4.6666,0,-49,-63,0
0,1,3,1,4.6666,4.6667,0,-53.6666,-63,0
0,0,4,0,4.6667,4.6666,0,-49,-67.6666,0
0,1,3,1,4.6666,4.6667,0,-53.6666,-63,0
0,1,3,0,4.6667,4.6667,0,-53.6666,-67.6666,0
1,1,0,0,0,0,0,0,0,0
1,1,0,0,0,0,0,0,0,0
1,1,0,0,0,0,0,0,0,0
0,1,5,0,4.6667,4.6667,0,-44.3334,-67.6666,0
0,1,5,1,4.6666,4.6667,0,-44.3334,-63,0
0,1,4,1,4.6666,4.6666,0,-49,-63,0
0,0,5,0,4.6667,4.6667,0,-44.3334,-67.6666,0
0,1,4,1,4.6666,4.6666,0,-49,-63,0
0,1,4,0,4.6667,4.6666,0,-49,-67.6666,0
1,1,0,0,0,0,0,0,0,0
1,1,0,0,0,0,0,0,0,0
1,1,0,0,0,0,0,0,0,0
0,1,6,0,4.6667,4.6667,0,-39.6666,-67.6666,0
0,1,6,1,4.6666,4.6667,0,-39.6666,-63,0
0,1,5,1,4.6666,4.6667,0,-44.3334,-63,0
0,0,6,0,4.6667,4.6667,0,-39.6666,-67.6666,0
0,1,5,1,4.6666,4.6667,0,-44.3334,-63,0
0,1,5,0,4.6667,4.6667,0,-44.3334,-67.6666,0
1,1,0,0,0,0,0,0,0,0
1,1,0,0,0,0,0,0,0,0
1,1,0,0,0,0,0,0,0,0
0,1,7,0,4.6667,4.6666,0,-35,-67.6666,0
0,1,7,1,4.6666,4.6666,0,-35,-63,0
0,1,6,1,4.6666,4.6667,0,-39.6666,-63,0
0,0,7,0,4.6667,4.6666,0,-35,-67.6666,0
0,1,6,1,4.6666,4.6667,0,-39.6666,-63,0
0,1,6,0,4.6667,4.6667,0,-39.6666,-67.6666,0
1,1,0,0,0,0,0,0,0,0
1,1,0,0,0,0,0,0,0,0
1,1,0,0,0,0,0,0,0,0
0,1,8,0,4.6667,4.6667,0,-30.3333,-67.6666,0
0,1,8,1,4.6666,4.6667,0,-30.3333,-63,0
0,1,7,1,4.6666,4.6666,0,-35,-63,0
0,0,8,0,4.6667,4.6667,0,-30.3333,-67.6666,0
0,1,7,1,4.6666,4.6666,0,-35,-63,0
0,1,7,0,4.6667,4.6666,0,-35,-67.6666,0
1,1,0,0,0,0,0,0,0,0
1,1,0,0,0,0,0,0,0,0
1,1,0,0,0,0,0,0,0,0
0,1,9,0,4.6667,4.6667,0,-25.6666,-67.6666,0
0,1,9,1,4.6666,4.6667,0,-25.6666,-63,0
0,1,8,1,4.6666,4.6667,0,-30.3333,-63,0
0,0,9,0,4.6667,4.6667,0,-25.6666,-67.6666,0
0,1,8,1,4.6666,4.6667,0,-30.3333,-63,0
0,1,8,0,4.6667,4.6667,0,-30.3333,-67.6666,0
1,1,0,0,0,0,0,0,0,0
1,1,0,0,0,0,0,0,0,0
1,1,0,0,0,0,0,0,0,0
0,1,10,0,4.6667,4.6666,0,-21,-67.6666,0
0,1,10,1,4.6666,4.6666,0,-21,-63,0
0,1,9,1,4.6666,4.6667,0,-25.6666,-63,0
0,0,10,0,4.6667,4.6666,0,-21,-67.6666,0
0,1,9,1,4.6666,4.6667,0,-25.6666,-63,0
0,1,9,0,4.6667,4.6667,0,-25.6666,-67.6666,0
1,1,0,0,0,0,0,0,0,0
1,1,0,0,0,0,0,0,0,0
1,1,0,0,0,0,0,0,0,0
0,1,11,0,4.6667,4.6667,0,-16.3334,-67.6666,0
0,1,11,1,4.6666,4.6667,0,-16.3334,-63,0
0,1,10,1,4.6666,4.6666,0,-21,-63,0
0,0,11,0,4.6667,4.6667,0,-16.3334,-67.6666,0
0,1,10,1,4.6666,4.6666,0,-21,-63,0
0,1,10,0,4.6667,4.6666,0,-21,-67.6666,0
1,1,0,0,0,0,0,0,0,0
1,1,0,0,0,0,0,0,0,0
1,1,0,0,0,0,0,0,0,0
0,1,12,0,4.6667,4.66667,0,-11.6667,-67.6666,0
0,1,12,1,4.6666,4.66667,0,-11.6667,-63,0
0,1,11,1,4.6666,4.6667,0,-16.3334,-63,0
0,0,12,0,4.6667,4.66667,0,-11.6667,-67.6666,0
0,1,11,1,4.6666,4.6667,0,-16.3334,-63,0
0,1,11,0,4.6667,4.6667,0,-16.3334,-67.6666,0
1,1,0,0,0,0,0,0,0,0
1,1,0,0,0,0,0,0,0,0
1,1,0,0,0,0,0,0,0,0
0,1,13,0,4.6667,4.66667,0,-7,-67.6666,0
0,1,13,1,4.6666,4.66667,0,-7,-63,0
0,1,12,1,4.6666,4.66667,0,-11.6667,-63,0
0,0,13,0,4.6667,4.66667,0,-7,-67.6666,0
0,1,12,1,4.6666,4.66667,0,-11.6667,-63,0
0,1,12,0,4.6667,4.66667,0,-11.6667,-67.6666,0
1,1,0,0,0,0,0,0,0,0
1,1,0,0,0,0,0,0,0,0
1,1,0,0,0,0,0,0,0,0
0,1,14,0,4.6667,4.66666,0,-2.33333,-67.6666,0
0,1,14,1,4.6666,4.66666,0,-2.33333,-63,0
0,1,13,1,4.6666,4.66667,0,-7,-63,0
0,0,14,0,4.6667,4.66666,0,-2.33333,-67.6666,0
0,1,13,1,4.6666,4.66667,0,-7,-63,0
0,1,13,0,4.6667,4.66667,0,-7,-67.6666,0
1,1,0,0,0,0,0,0,0,0
1,1,0,0,0,0,0,0,0,0
1,1,0,0,0,0,0,0,0,0
0,1,15,0,4.6667,4.66667,0,2.33334,-67.6666,0
0,1,15,1,4.6666,4.66667,0,2.33334,-63,0
0,1,14,1,4.6666,4.66666,0,-2.33333,-63,0
0,0,15,0,4.6667,4.66667,0,2.33334,-67.6666,0
0,1,14,1,4.6666,4.66666,0,-2.33333,-63,0
0,1,14,0,4.6667,4.66666,0,-2.33333,-67.6666,0
1,1,0,0,0,0,0,0,0,0
1,1,0,0,0,0,0,0,0,0
1,1,0,0,0,0,0,0,0,0
0,1,16,0,4.6667,4.66667,0,7,-67.6666,0
0,1,16,1,4.6666,4.66667,0,7,-63,0
0,1,15,1,4.6666,4.66667,0,2.33334,-63,0
0,0,16,0,4.6667,4.66667,0,7,-67.6666,0
0,1,15,1,4.6666,4.66667,0,2.33334,-63,0
0,1,15,0,4.6667,4.66667,0,2.33334,-67.6666,0
1,1,0,0,0,0,0,0,0,0
1,1,0,0,0,0,0,0,0,0
1,1,0,0,0,0,0,0,0,0
0,1,17,0,4.6667,4.66666,0,11.6667,-67.6666,0
0,1,17,1,4.6666,4.66666,0,11.6667,-63,0
0,1,16,1,4.6666,4.66667,0,7,-63,0
0,0,17,0,4.6667,4.66666,0,11.6667,-67.6666,0
0,1,16,1,4.6666,4.66667,0,7,-63,0
0,1,16,0,4.6667,4.66667,0,7,-67.6666,0
1,1,0,0,0,0,0,0,0,0
1,1,0,0,0,0,0,0,0,0
1,1,0,0,0,0,0,0,0,0
0,1,18,0,4.6667,4.6667,0,16.3334,-67.6666,0
0,1,18,1,4.6666,4.6667,0,16.3334,-63,0
0,1,17,1,4.6666,4.66666,0,11.6667,-63,0
0,0,18,0,4.6667,4.6667,0,16.3334,-67.6666,0
0,1,17,1,4.6666,4.66666,0,11.6667,-63,0
0,1,17,0,4.6667,4.66666,0,11.6667,-67.6666,0
1,1,0,0,0,0,0,0,0,0
1,1,0,0,0,0,0,0,0,0
1,1,0,0,0,0,0,0,0,0
0,1,19,0,4.6667,4.6666,0,21,-67.6666,0
0,1,19,1,4.6666,4.6666,0,21,-63,0
0,1,18,1,4.6666,4.6667,0,16.3334,-63,0
0,0,19,0,4.6667,4.6666,0,21,-67.6666,0
0,1,18,1,4.6666,4.6667,0,16.3334,-63,0
0,1,18,0,4.6667,4.6667,0,16.3334,-67.6666,0
1,1,0,0,0,0,0,0,0,0
1,1,0,0,0,0,0,0,0,0
1,1,0,0,0,0,0,0,0,0
0,1,20,0,4.6667,4.6667,0,25.6666,-67.6666,0
0,1,20,1,4.6666,4.6667,0,25.6666,-63,0
0,1,19,1,4.6666,4.6666,0,21,-63,0
0,0,20,0,4.6667,4.6667,0,25.6666,-67.6666,0
0,1,19,1,4.6666,4.6666,0,21,-63,0
0,1,19,0,4.6667,4.6666,0,21,-67.6666,0
1,1,0,0,0,0,0,0,0,0
1,1,0,0,0,0,0,0,0,0
1,1,0,0,0,0,0,0,0,0
0,1,21,0,4.6667,4.6667,0,30.3333,-67.6666,0
0,1,21,1,4.6666,4.6667,0,30.3333,-63,0
0,1,20,1,4.6666,4.6667,0,25.6666,-63,0
0,0,21,0,4.6667,4.6667,0,30.3333,-67.6666,0
0,1,20,1,4.6666,4.6667,0,25.6666,-63,0
0,1,20,0,4.6667,4.6667,0,25.6666,-67.6666,0
1,1,0,0,0,0,0,0,0,0
1,1,0,0,0,0,0,0,0,0
1,1,0,0,0,0,0,0,0,0
0,1,22,0,4.6667,4.6666,0,35,-67.6666,0
0,1,22,1,4.6666,4.6666,0,35,-63,0
0,1,21,1,4.6666,4.6667,0,30.3333,-63,0
0,0,22,0,4.6667,4.6666,0,35,-67.6666,0
0,1,21,1,4.6666,4.6667,0,30.3333,-63,0
0,1,21,0,4.6667,4.6667,0,30.3333,-67.6666,0
1,1,0,0,0,0,0,0,0,0
1,1,0,0,0,0,0,0,0,0
1,1,0,0,0,0,0,0,0,0
0,1,23,0,4.6667,4.6667,0,39.6666,-67.6666,0
0,1,23,1,4.6666,4.6667,0,39.6666,-63,0
0,1,22,1,4.6666,4.6666,0,35,-63,0
0,0,23,0,4.6667,4.6667,0,39.6666,-67.6666,0
0,1,22,1,4.6666,4.6666,0,35,-63,0
0,1,22,0,4.6667,4.6666,0,35,-67.6666,0
1,1,0,0,0,0,0,0,0,0
1,1,0,0,0,0,0,0,0,0
1,1,0,0,0,0,0,0,0,0
0,1,24,0,4.6667,4.6667,0,44.3334,-67.6666,0
0,1,24,1,4.6666,4.6667,0,44.3334,-63,0
0,1,23,1,4.6666,4.6667,0,39.6666,-63,0
0,0,24,0,4.6667,4.6667,0,44.3334,-67.6666,0
0,1,23,1,4.6666,4.6667,0,39.6666,-63,0
0,1,23,0,4.6667,4.6667,0,39.6666,-67.6666,0
1,1,0,0,0,0,0,0,0,0
1,1,0,0,0,0,0,0,0,0
1,1,0,0,0,0,0,0,0,0
0,1,25,0,4.6667,4.6666,0,49,-67.6666,0
0,1,25,1,4.6666,4.6666,0,49,-63,0
0,1,24,1,4.6666,4.6667,0,44.3334,-63,0
0,0,25,0,4.6667,4.6666,0,49,-67.6666,0
0,1,24,1,4.6666,4.6667,0,44.3334,-63,0
0,1,24,0,4.6667,4.6667,0,44.3334,-67.6666,0
1,1,0,0,0,0,0,0,0,0
1,1,0,0,0,0,0,0,0,0
1,1,0,0,0,0,0,0,0,0
0,1,26,0,4.6667,4.6667,0,53.6666,-67.6666,0
0,1,26,1,4.6666,4.6667,0,53.6666,-63,0
0,1,25,1,4.6666,4.6666,0,49,-63,0
0,0,26,0,4.6667,4.6667,0,53.6666,-67.6666,0
0,1,25,1,4.6666,4.6666,0,49,-63,0
0,1,25,0,4.6667,4.6666,0,49,-67.6666,0
1,1,0,0,0,0,0,0,0,0
1,1,0,0,0,0,0,0,0,0
1,1,0,0,0,0,0,0,0,0
0,1,27,0,4.6667,4.6667,0,58.3334,-67.6666,0
0,1,27,1,4.6666,4.6667,0,58.3334,-63,0
0,1,26,1,4.6666,4.6667,0,53.6666,-63,0
0,0,27,0,4.6667,4.6667,0,58.3334,-67.6666,0
0,1,26,1,4.6666,4.6667,0,53.6666,-63,0
0,1,26,0,4.6667,4.6667,0,53.6666,-67.6666,0
1,1,0,0,0,0,0,0,0,0
1,1,0,0,0,0,0,0,0,0
1,1,0,0,0,0,0,0,0,0
0,1,28,0,4.6667,4.6666,0,63,-67.6666,0
0,1,28,1,4.6666,4.6666,0,63,-63,0
0,1,27,1,4.6666,4.6667,0,58.3334,-63,0
0,0,28,0,4.6667,4.6666,0,63,-67.6666,0
0,1,27,1,4.6666,4.6667,0,58.3334,-63,0
0,1,27,0,4.6667,4.6667,0,58.3334,-67.6666,0
1,1,0,0,0,0,0,0,0,0
1,1,0,0,0,0,0,0,0,0
1,1,0,0,0,0,0,0,0,0
0,1,29,0,4.6667,4.6667,0,67.6666,-67.6666,0
0,1,29,1,4.6666,4.6667,0,67.6666,-63,0
0,1,28,1,4.6666,4.6666,0,63,-63,0
0,0,29,0,4.6667,4.6667,0,67.6666,-67.6666,0
0,1,28,1,4.6666,4.6666,0,63,-63,0
0,1,28,0,4.6667,4.6666,0,63,-67.6666,0
1,1,0,0,0,0,0,0,0,0
1,1,0,0,0,0,0,0,0,0
1,1,0,0,0,0,0,0,0,0
1,1,0,0,0,0,0,0,0,0
1,1,0,0,0,0,0,0,0,0
0,1,29,1,4.6666,4.6667,0,67.6666,-63,0
0,0,0,1,4.6666,4.6667,0,-67.6666,-63,0
1,1,0,0,0,0,0,0,0,0
1,1,0,0,0,0,0,0,0,0
1,1,0,0,0,0,0,0,0,0
0,1,0,0,4.6667,4.6667,0,-67.6666,-67.6666,0
0,1,1,0,4.6667,4.6666,0,-63,-67.6666,0
0,1,1,1,4.6666,4.6666,0,-63,-63,0
0,1,1,2,4.6667,4.6666,0,-63,-58.3334,0
0,1,0,2,4.6667,4.6667,0,-67.6666,-58.3334,0
0,0,1,1,4.6666,4.6666,0,-63,-63,0
0,1,0,2,4.6667,4.6667,0,-67.6666,-58.3334,0
0,1,0,1,4.6666,4.6667,0,-67.6666,-63,0
0,1,0,0,4.6667,4.6667,0,-67.6666,-67.6666,0
0,1,1,0,4.6667,4.6666,0,-63,-67.6666,0
0,1,2,0,4.6667,4.6667,0,-58.3334,-67.6666,0
0,1,2,1,4.6666,4.6667,0,-58.3334,-63,0
0,1,2,2,4.6667,4.6667,0,-58.3334,-58.3334,0
0,1,1,2,4.6667,4.6666,0,-63,-58.3334,0
0,0,2,1,4.6666,4.6667,0,-58.3334,-63,0
0,1,1,2,4.6667,4.6666,0,-63,-58.3334,0
0,1,1,1,4.6666,4.6666,0,-63,-63,0
0,1,1,0,4.6667,4.6666,0,-63,-67.6666,0
0,1,2,0,4.6667,4.6667,0,-58.3334,-67.6666,0
0,1,3,0,4.6667,4.6667,0,-53.6666,-67.6666,0
0,1,3,1,4.6666,4.6667,0,-53.6666,-63,0
0,1,3,2,4.6667,4.6667,0,-53.6666,-58.3334,0
0,1,2,2,4.6667,4.6667,0,-58.3334,-58.3334,0
0,0,3,1,4.6666,4.6667,0,-53.6666,-63,0
0,1,2,2,4.6667,4.6667,0,-58.3334,-58.3334,0
0,1,2,1,4.6666,4.6667,0,-58.3334,-63,0
0,1,2,0,4.6667,4.6667,0,-58.3334,-67.6666,0
0,1,3,0,4.6667,4.6667,0,-53.6666,-67.6666,0
0,1,4,0,4.6667,4.6666,0,-49,-67.6666,0
0,1,4,1,4.6666,4.6666,0,-49,-63,0
0,1,4,2,4.6667,4.6666,0,-49,-58.3334,0
0,1,3,2,4.6667,4.6667,0,-53.6666,-58.3334,0
0,0,4,1,4.6666,4.6666,0,-49,-63,0
0,1,3,2,4.6667,4.6667,0,-53.6666,-58.3334,0
0,1,3,1,4.6666,4.6667,0,-53.6666,-63,0
0,1,3,0,4.6667,4.6667,0,-53.6666,-67.6666,0
0,1,4,0,4.6667,4.6666,0,-49,-67.6666,0
0,1,5,0,4.6667,4.6667,0,-44.3334,-67.6666,0
0,1,5,1,4.6666,4.6667,0,-44.3334,-63,0
0,1,5,2,4.6667,4.6667,0,-44.3334,-58.3334,0
0,1,4,2,4.6667,4.6666,0,-49,-58.3334,0
0,0,5,1,4.6666,4.6667,0,-44.3334,-63,0
0,1,4,2,4.6667,4.6666,0,-49,-58.3334,0
0,1,4,1,4.6666,4.6666,0,-49,-63,0
0,1,4,0,4.6667,4.6666,0,-49,-67.6666,0
0,1,5,0,4.6667,4.6667,0,-44.3334,-67.6666,0
0,1,6,0,4.6667,4.6667,0,-39.6666,-67.6666,0
0,1,6,1,4.6666,4.6667,0,-39.6666,-63,0
0,1,6,2,4.6667,4.6667,0,-39.6666,-58.3334,0
0,1,5,2,4.6667,4.6667,0,-44.3334,-58.3334,0
0,0,6,1,4.6666,4.6667,0,-39.6666,-63,0
0,1,5,2,4.6667,4.6667,0,-44.3334,-58.3334,0
0,1,5,1,4.6666,4.6667,0,-44.3334,-63,0
0,1,5,0,4.6667,4.6667,0,-44.3334,-67.6666,0
0,1,6,0,4.6667,4.6667,0,-39.6666,-67.6666,0
0,1,7,0,4.6667,4.6666,0,-35,-67.6666,0
0,1,7,1,4.6666,4.6666,0,-35,-63,0
0,1,7,2,4.6667,4.6666,0,-35,-58.3334,0
0,1,6,2,4.6667,4.6667,0,-39.6666,-58.3334,0
0,0,7,1,4.6666,4.6666,0,-35,-63,0
0,1,6,2,4.6667,4.6667,0,-39.6666,-58.3334,0
0,1,6,1,4.6666,4.6667,0,-39.6666,-63,0
0,1,6,0,4.6667,4.6667,0,-39.6666,-67.6666,0
0,1,7,0,4.6667,4.6666,0,-35,-67.6666,0
0,1,8,0,4.6667,4.6667,0,-30.3333,-67.6666,0
0,1,8,1,4.6666,4.6667,0,-30.3333,-63,0
0,1,8,2,4.6667,4.6667,0,-30.3333,-58.3334,0
0,1,7,2,4.6667,4.6666,0,-35,-58.3334,0
0,0,8,1,4.6666,4.6667,0,-30.3333,-63,0
0,1,7,2,4.6667,4.6666,0,-35,-58.3334,0
0,1,7,1,4.6666,4.6666,0,-35,-63,0
0,1,7,0,4.6667,4.6666,0,-35,-67.6666,0
0,1,8,0,4.6667,4.6667,0,-30.3333,-67.6666,0
0,1,9,0,4.6667,4.6667,0,-25.6666,-67.6666,0
0,1,9,1,4.6666,4.6667,0,-25.6666,-63,0
0,1,9,2,4.6667,4.6667,0,-25.6666,-58.3334,0
0,1,8,2,4.6667,4.6667,0,-30.3333,-58.3334,0
0,0,9,1,4.6666,4.6667,0,-25.6666,-63,0
0,1,8,2,4.6667,4.6667,0,-30.3333,-58.3334,0
0,1,8,1,4.6666,4.6667,0,-30.3333,-63,0
0,1,8,0,4.6667,4.6667,0,-30.3333,-67.6666,0
0,1,9,0,4.6667,4.6667,0,-25.6666,-67.6666,0
0,1,10,0,4.6667,4.6666,0,-21,-67.6666,0
0,1,10,1,4.6666,4.6666,0,-21,-63,0
0,1,10,2,4.6667,4.6666,0,-21,-58.3334,0
0,1,9,2,4.6667,4.6667,0,-25.6666,-58.3334,0
0,0,10,1,4.6666,4.6666,0,-21,-63,0
0,1,9,2,4.6667,4.6667,0,-25.6666,-58.3334,0
0,1,9,1,4.6666,4.6667,0,-25.6666,-63,0
0,1,9,0,4.6667,4.6667,0,-25.6666,-67.6666,0
0,1,10,0,4.6667,4.6666,0,-21,-67.6666,0
0,1,11,0,4.6667,4.6667,0,-16.3334,-67.6666,0
0,1,11,1,4.6666,4.6667,0,-16.3334,-63,0
0,1,11,2,4.6667,4.6667,0,-16.3334,-58.3334,0
0,1,10,2,4.6667,4.6666,0,-21,-58.3334,0
0,0,11,1,4.6666,4.6667,0,-16.3334,-63,0
0,1,10,2,4.6667,4.6666,0,-21,-58.3334,0
0,1,10,1,4.6666,4.6666,0,-21,-63,0
0,1,10,0,4.6667,4.6666,0,-21,-67.6666,0
0,1,11,0,4.6667,4.6667,0,-16.3334,-67.6666,0
0,1,12,0,4.6667,4.66667,0,-11.6667,-67.6666,0
0,1,12,1,4.6666,4.66667,0,-11.6667,-63,0
0,1,12,2,4.6667,4.66667,0,-11.6667,-58.3334,0
0,1,11,2,4.6667,4.6667,0,-16.3334,-58.3334,0
0,0,12,1,4.6666,4.66667,0,-11.6667,-63,0
0,1,11,2,4.6667,4.6667,0,-16.3334,-58.3334,0
0,1,11,1,4.6666,4.6667,0,-16.3334,-63,0
0,1,11,0,4.6667,4.6667,0,-16.3334,-67.6666,0
0,1,12,0,4.6667,4.66667,0,-11.6667,-67.6666,0
0,1,13,0,4.6667,4.66667,0,-7,-67.6666,0
0,1,13,1,4.6666,4.66667,0,-7,-63,0
0,1,13,2,4.6667,4.66667,0,-7,-58.3334,0
0,1,12,2,4.6667,4.66667,0,-11.6667,-58.3334,0
0,0,13,1,4.6666,4.66667,0,-7,-63,0
0,1,12,2,4.6667,4.66667,0,-11.6667,-58.3334,0
0,1,12,1,4.6666,4.66667,0,-11.6667,-63,0
0,1,12,0,4.6667,4.66667,0,-11.6667,-67.6666,0
0,1,13,0,4.6667,4.66667,0,-7,-67.6666,0
0,1,14,0,4.6667,4.66666,0,-2.33333,-67.6666,0
0,1,14,1,4.6666,4.66666,0,-2.33333,-63,0
0,1,14,2,4.6667,4.66666,0,-2.33333,-58.3334,0
0,1,13,2,4.6667,4.66667,0,-7,-58.3334,0
0,0,14,1,4.6666,4.66666,0,-2.33333,-63,0
0,1,13,2,4.6667,4.66667,0,-7,-58.3334,0
0,1,13,1,4.6666,4.66667,0,-7,-63,0
0,1,13,0,4.6667,4.66667,0,-7,-67.6666,0
0,1,14,0,4.6667,4.66666,0,-2.33333,-67.6666,0
0,1,15,0,4.6667,4.66667,0,2.33334,-67.6666,0
0,1,15,1,4.6666,4.66667,0,2.33334,-63,0
0,1,15,2,4.6667,4.66667,0,2.33334,-58.3334,0
0,1,14,2,4.6667,4.66666,0,-2.33333,-58.3334,0
0,0,15,1,4.6666,4.66667,0,2.33334,-63,0
0,1,14,2,4.6667,4.66666,0,-2.33333,-58.3334,0
0,1,14,1,4.6666,4.66666,0,-2.33333,-63,0
0,1,14,0,4.6667,4.66666,0,-2.33333,-67.6666,0
0,1,15,0,4.6667,4.66667,0,2.33334,-67.6666,0
0,1,16,0,4.6667,4.66667,0,7,-67.6666,0
0,1,16,1,4.6666,4.66667,0,7,-63,0
0,1,16,2,4.6667,4.66667,0,7,-58.3334,0
0,1,15,2,4.6667,4.66667,0,2.33334,-58.3334,0
0,0,16,1,4.6666,4.66667,0,7,-63,0
0,1,15,2,4.6667,4.66667,0,2.33334,-58.3334,0
0,1,15,1,4.6666,4.66667,0,2.33334,-63,0
0,1,15,0,4.6667,4.66667,0,2.33334,-67.6666,0
0,1,16,0,4.6667,4.66667,0,7,-67.6666,0
0,1,17,0,4.6667,4.66666,0,11.6667,-67.6666,0
0,1,17,1,4.6666,4.66666,0,11.6667,-63,0
0,1,17,2,4.6667,4.66666,0,11.6667,-58.3334,0
0,1,16,2,4.6667,4.66667,0,7,-58.3334,0
0,0,17,1,4.6666,4.66666,0,11.6667,-63,0
0,1,16,2,4.6667,4.66667,0,7,-58.3334,0
0,1,16,1,4.6666,4.66667,0,7,-63,0
0,1,16,0,4.6667,4.66667,0,7,-67.6666,0
0,1,17,0,4.6667,4.66666,0,11.6667,-67.6666,0
0,1,18,0,4.6667,4.6667,0,16.3334,-67.6666,0
0,1,18,1,4.6666,4.6667,0,16.3334,-63,0
0,1,18,2,4.6667,4.6667,0,16.3334,-58.3334,0
0,1,17,2,4.6667,4.66666,0,11.6667,-58.3334,0
0,0,18,1,4.6666,4.6667,0,16.3334,-63,0
0,1,17,2,4.6667,4.66666,0,11.6667,-58.3334,0
0,1,17,1,4.6666,4.66666,0,11.6667,-63,0
0,1,17,0,4.6667,4.66666,0,11.6667,-67.6666,0
0,1,18,0,4.6667,4.6667,0,16.3334,-67.6666,0
0,1,19,0,4.6667,4.6666,0,21,-67.6666,0
0,1,19,1,4.6666,4.6666,0,21,-63,0
0,1,19,2,4.6667,4.6666,0,21,-58.3334,0
0,1,18,2,4.6667,4.6667,0,16.3334,-58.3334,0
0,0,19,1,4.6666,4.6666,0,21,-63,0
0,1,18,2,4.6667,4.6667,0,16.3334,-58.3334,0
0,1,18,1,4.6666,4.6667,0,16.3334,-63,0
0,1,18,0,4.6667,4.6667,0,16.3334,-67.6666,0
0,1,19,0,4.6667,4.6666,0,21,-67.6666,0
0,1,20,0,4.6667,4.6667,0,25.6666,-67.6666,0
0,1,20,1,4.6666,4.6667,0,25.6666,-63,0
0,1,20,2,4.6667,4.6667,0,25.6666,-58.3334,0
0,1,19,2,4.6667,4.6666,0,21,-58.3334,0
0,0,20,1,4.6666,4.6667,0,25.6666,-63,0
0,1,19,2,4.6667,4.6666,0,21,-58.3334,0
0,1,19,1,4.6666,4.6666,0,21,-63,0
0,1,19,0,4.6667,4.6666,0,21,-67.6666,0
0,1,20,0,4.6667,4.6667,0,25.6666,-67.6666,0
0,1,21,0,4.6667,4.6667,0,30.3333,-67.6666,0
0,1,21,1,4.6666,4.6667,0,30.3333,-63,0
0,1,21,2,4.6667,4.6667,0,30.3333,-58.3334,0
0,1,20,2,4.6667,4.6667,0,25.6666,-58.3334,0
0,0,21,1,4.6666,4.6667,0,30.3333,-63,0
0,1,20,2,4.6667,4.6667,0,25.6666,-58.3334,0
0,1,20,1,4.6666,4.6667,0,25.6666,-63,0
0,1,20,0,4.6667,4.6667,0,25.6666,-67.6666,0
0,1,21,0,4.6667,4.6667,0,30.3333,-67.6666,0
0,1,22,0,4.6667,4.6666,0,35,-67.6666,0
0,1,22,1,4.6666,4.6666,0,35,-63,0
0,1,22,2,4.6667,4.6666,0,35,-58.3334,0
0,1,21,2,4.6667,4.6667,0,30.3333,-58.3334,0
0,0,22,1,4.6666,4.6666,0,35,-63,0
0,1,21,2,4.6667,4.6667,0,30.3333,-58.3334,0
0,1,21,1,4.6666,4.6667,0,30.3333,-63,0
0,1,21,0,4.6667,4.6667,0,30.3333,-67.6666,0
0,1,22,0,4.6667,4.6666,0,35,-67.6666,0
0,1,23,0,4.6667,4.6667,0,39.6666,-67.6666,0
0,1,23,1,4.6666,4.6667,0,39.6666,-63,0
0,1,23,2,4.6667,4.6667,0,39.6666,-58.3334,0
0,1,22,2,4.6667,4.6666,0,35,-58.3334,0
0,0,23,1,4.6666,4.6667,0,39.6666,-63,0
0,1,22,2,4.6667,4.6666,0,35,-58.3334,0
0,1,22,1,4.6666,4.6666,0,35,-63,0
0,1,22,0,4.6667,4.6666,0,35,-67.6666,0
0,1,23,0,4.6667,4.6667,0,39.6666,-67.6666,0
0,1,24,0,4.6667,4.6667,0,44.3334,-67.6666,0
0,1,24,1,4.6666,4.6667,0,44.3334,-63,0
0,1,24,2,4.6667,4.6667,0,44.3334,-58.3334,0
0,1,23,2,4.6667,4.6667,0,39.6666,-58.3334,0
0,0,24,1,4.6666,4.6667,0,44.3334,-63,0
0,1,23,2,4.6667,4.6667,0,39.6666,-58.3334,0
0,1,23,1,4.6666,4.6667,0,39.6666,-63,0
0,1,23,0,4.6667,4.6667,0,39.6666,-67.6666,0
0,1,24,0,4.6667,4.6667,0,44.3334,-67.6666,0
0,1,25,0,4.6667,4.6666,0,49,-67.6666,0
0,1,25,1,4.6666,4.6666,0,49,-63,0
0,1,25,2,4.6667,4.6666,0,49,-58.3334,0
0,1,24,2,4.6667,4.6667,0,44.3334,-58.3334,0
0,0,25,1,4.6666,4.6666,0,49,-63,0
0,1,24,2,4.6667,4.6667,0,44.3334,-58.3334,0
0,1,24,1,4.6666,4.6667,0,44.3334,-63,0
0,1,24,0,4.6667,4.6667,0,44.3334,-67.6666,0
0,1,25,0,4.6667,4.6666,0,49,-67.6666,0
0,1,26,0,4.6667,4.6667,0,53.6666,-67.6666,0
0,1,26,1,4.6666,4.6667,0,53.6666,-63,0
0,1,26,2,4.6667,4.6667,0,53.6666,-58.3334,0
0,1,25,2,4.6667,4.6666,0,49,-58.3334,0
0,0,26,1,4.6666,4.6667,0,53.6666,-63,0
0,1,25,2,4.6667,4.6666,0,49,-58.3334,0
0,1,25,1,4.6666,4.6666,0,49,-63,0
0,1,25,0,4.6667,4.6666,0,49,-67.6666,0
0,1,26,0,4.6667,4.6667,0,53.6666,-67.6666,0
0,1,27,0,4.6667,4.6667,0,58.3334,-67.6666,0
0,1,27,1,4.6666,4.6667,0,58.3334,-63,0
0,1,27,2,4.6667,4.6667,0,58.3334,-58.3334,0
0,1,26,2,4.6667,4.6667,0,53.6666,-58.3334,0
0,0,27,1,4.6666,4.6667,0,58.3334,-63,0
0,1,26,2,4.6667,4.6667,0,53.6666,-58.3334,0
0,1,26,1,4.6666,4.6667,0,53.6666,-63,0
0,1,26,0,4.6667,4.6667,0,53.6666,-67.6666,0
0,1,27,0,4.6667,4.6667,0,58.3334,-67.6666,0
0,1,28,0,4.6667,4.6666,0,63,-67.6666,0
0,1,28,1,4.6666,4.6666,0,63,-63,0
0,1,28,2,4.6667,4.6666,0,63,-58.3334,0
0,1,27,2,4.6667,4.6667,0,58.3334,-58.3334,0
0,0,28,1,4.6666,4.6666,0,63,-63,0
0,1,27,2,4.6667,4.6667,0,58.3334,-58.3334,0
0,1,27,1,4.6666,4.6667,0,58.3334,-63,0
0,1,27,0,4.6667,4.6667,0,58.3334,-67.6666,0
0,1,28,0,4.6667,4.6666,0,63,-67.6666,0
0,1,29,0,4.6667,4.6667,0,67.6666,-67.6666,0
0,1,29,1,4.6666,4.6667,0,67.6666,-63,0
0,1,29,2,4.6667,4.6667,0,67.6666,-58.3334,0
0,1,28,2,4.6667,4.6666,0,63,-58.3334,0
0,0,29,1,4.6666,4.6667,0,67.6666,-63,0
0,1,28,2,4.6667,4.6666,0,63,-58.3334,0
0,1,28,1,4.6666,4.6666,0,63,-63,0
0,1,28,0,4.6667,4.6666,0,63,-67.6666,0
0,1,29,0,4.6667,4.6667,0,67.6666,-67.6666,0
1,1,0,0,0,0,0,0,0,0
1,1,0,0,0,0,0,0,0,0
1,1,0,0,0,0,0,0,0,0
0,1,29,2,4.6667,4.6667,0,67.6666,-58.3334,0
0,0,0,2,4.6667,4.6667,0,-67.6666,-58.3334,0
1,1,0,0,0,0,0,0,0,0
1,1,0,0,0,0,0,0,0,0
1,1,0,0,0,0,0,0,0,0
0,1,0,1,4.6666,4.6667,0,-67.6666,-63,0
0,1,1,1,4.6666,4.6666,0,-63,-63,0
0,1,1,2,4.6667,4.6666,0,-63,-58.3334,0
0,1,1,3,4.6667,4.6666,0,-63,-53.6666,0
0,1,0,3,4.6667,4.6667,0,-67.6666,-53.6666,0
0,0,1,2,4.6667,4.6666,0,-63,-58.3334,0
0,1,0,3,4.6667,4.6667,0,-67.6666,-53.6666,0
0,1,0,2,4.6667,4.6667,0,-67.6666,-58.3334,0
0,1,0,1,4.6666,4.6667,0,-67.6666,-63,0
0,1,1,1,4.6666,4.6666,0,-63,-63,0
0,1,2,1,4.6666,4.6667,0,-58.3334,-63,0
0,1,2,2,4.6667,4.6667,0,-58.3334,-58.3334,0
0,1,2,3,4.6667,4.6667,0,-58.3334,-53.6666,0
0,1,1,3,4.6667,4.6666,0,-63,-53.6666,0
0,0,2,2,4.6667,4.6667,0,-58.3334,-58.3334,0
0,1,1,3,4.6667,4.6666,0,-63,-53.6666,0
0,1,1,2,4.6667,4.6666,0,-63,-58.3334,0
0,1,1,1,4.6666,4.6666,0,-63,-63,0
0,1,2,1,4.6666,4.6667,0,-58.3334,-63,0
0,1,3,1,4.6666,4.6667,0,-53.6666,-63,0
0,1,3,2,4.6667,4.6667,0,-53.6666,-58.3334,0
0,1,3,3,4.6667,4.6667,0,-53.6666,-53.6666,0
0,1,2,3,4.6667,4.6667,0,-58.3334,-53.6666,0
0,0,3,2,4.6667,4.6667,0,-53.6666,-58.3334,0
0,1,2,3,4.6667,4.6667,0,-58.3334,-53.6666,0
0,1,2,2,4.6667,4.6667,0,-58.3334,-58.3334,0
0,1,2,1,4.6666,4.6667,0,-58.3334,-63,0
0,1,3,1,4.6666,4.6667,0,-53.6666,-63,0
0,1,4,1,4.6666,4.6666,0,-49,-63,0
0,1,4,2,4.6667,4.6666,0,-49,-58.3334,0
0,1,4,3,4.6667,4.6666,0,-49,-53.6666,0
0,1,3,3,4.6667,4.6667,0,-53.6666,-53.6666,0
0,0,4,2,4.6667,4.6666,0,-49,-58.3334,0
0,1,3,3,4.6667,4.6667,0,-53.6666,-53.6666,0
0,1,3,2,4.6667,4.6667,0,-53.6666,-58.3334,0
0,1,3,1,4.6666,4.6667,0,-53.6666,-63,0
0,1,4,1,4.6666,4.6666,0,-49,-63,0
0,1,5,1,4.6666,4.6667,0,-44.3334,-63,0
0,1,5,2,4.6667,4.6667,0,-44.3334,-58.3334,0
0,1,5,3,4.6667,4.6667,0,-44.3334,-53.6666,0
0,1,4,3,4.6667,4.6666,0,-49,-53.6666,0
0,0,5,2,4.6667,4.6667,0,-44.3334,-58.3334,0
0,1,4,3,4.6667,4.6666,0,-49,-53.6666,0
0,1,4,2,4.6667,4.6666,0,-49,-58.3334,0
0,1,4,1,4.6666,4.6666,0,-49,-63,0
0,1,5,1,4.6666,4.6667,0,-44.3334,-63,0
0,1,6,1,4.6666,4.6667,0,-39.6666,-63,0
0,1,6,2,4.6667,4.6667,0,-39.6666,-58.3334,0
0,1,6,3,4.6667,4.6667,0,-39.6666,-53.6666,0
0,1,5,3,4.6667,4.6667,0,-44.3334,-53.6666,0
0,0,6,2,4.6667,4.6667,0,-39.6666,-58.3334,0
0,1,5,3,4.6667,4.6667,0,-44.3334,-53.6666,0
0,1,5,2,4.6667,4.6667,0,-44.3334,-58.3334,0
0,1,5,1,4.6666,4.6667,0,-44.3334,-63,0
0,1,6,1,4.6666,4.6667,0,-39.6666,-63,0
0,1,7,1,4.6666,4.6666,0,-35,-63,0
0,1,7,2,4.6667,4.6666,0,-35,-58.3334,0
0,1,7,3,4.6667,4.6666,0,-35,-53.6666,0
0,1,6,3,4.6667,4.6667,0,-39.6666,-53.6666,0
0,0,7,2,4.6667,4.6666,0,-35,-58.3334,0
0,1,6,3,4.6667,4.6667,0,-39.6666,-53.6666,0
0,1,6,2,4.6667,4.6667,0,-39.6666,-58.3334,0
0,1,6,1,4.6666,4.6667,0,-39.6666,-63,0
0,1,7,1,4.6666,4.6666,0,-35,-63,0
0,1,8,1,4.6666,4.6667,0,-30.3333,-63,0
0,1,8,2,4.6667,4.6667,0,-30.3333,-58.3334,0
0,1,8,3,4.6667,4.6667,0,-30.3333,-53.6666,0
0,1,7,3,4.6667,4.6666,0,-35,-53.6666,0
0,0,8,2,4.6667,4.6667,0,-30.3333,-58.3334,0
0,1,7,3,4.6667,4.6666,0,-35,-53.6666,0
0,1,7,2,4.6667,4.6666,0,-35,-58.3334,0
0,1,7,1,4.6666,4.6666,0,-35,-63,0
0,1,8,1,4.6666,4.6667,0,-30.3333,-63,0
0,1,9,1,4.6666,4.6667,0,-25.6666,-63,0
0,1,9,2,4.6667,4.6667,0,-25.6666,-58.3334,0
0,1,9,3,4.6667,4.6667,0,-25.6666,-53.6666,0
0,1,8,3,4.6667,4.6667,0,-30.3333,-53.6666,0
0,0,9,2,4.6667,4.6667,0,-25.6666,-58.3334,0
0,1,8,3,4.6667,4.6667,0,-30.3333,-53.6666,0
0,1,8,2,4.6667,4.6667,0,-30.3333,-58.3334,0
0,1,8,1,4.6666,4.6667,0,-30.3333,-63,0
0,1,9,1,4.6666,4.6667,0,-25.6666,-63,0
0,1,10,1,4.6666,4.6666,0,-21,-63,0
0,1,10,2,4.6667,4.6666,0,-21,-58.3334,0
0,1,10,3,4.6667,4.6666,0,-21,-53.6666,0
0,1,9,3,4.6667,4.6667,0,-25.6666,-53.6666,0
0,0,10,2,4.6667,4.6666,0,-21,-58.3334,0
0,1,9,3,4.6667,4.6667,0,-25.6666,-53.6666,0
0,1,9,2,4.6667,4.6667,0,-25.6666,-58.3334,0
0,1,9,1,4.6666,4.6667,0,-25.6666,-63,0
0,1,10,1,4.6666,4.6666,0,-21,-63,0
0,1,11,1,4.6666,4.6667,0,-16.3334,-63,0
0,1,11,2,4.6667,4.6667,0,-16.3334,-58.3334,0
0,1,11,3,4.6667,4.6667,0,-16.3334,-53.6666,0
0,1,10,3,4.6667,4.6666,0,-21,-53.6666,0
0,0,11,2,4.6667,4.6667,0,-16.3334,-58.3334,0
0,1,10,3,4.6667,4.6666,0,-21,-53.6666,0
0,1,10,2,4.6667,4.6666,0,-21,-58.3334,0
0,1,10,1,4.6666,4.6666,0,-21,-63,0
0,1,11,1,4.6666,4.6667,0,-16.3334,-63,0
0,1,12,1,4.6666,4.66667,0,-11.6667,-63,0
0,1,12,2,4.6667,4.66667,0,-11.6667,-58.3334,0
0,1,12,3,4.6667,4.66667,0,-11.6667,-53.6666,0
0,1,11,3,4.6667,4.6667,0,-16.3334,-53.6666,0
0,0,12,2,4.6667,4.66667,0,-11.6667,-58.3334,0
0,1,11,3,4.6667,4.6667,0,-16.3334,-53.6666,0
0,1,11,2,4.6667,4.6667,0,-16.3334,-58.3334,0
0,1,11,1,4.6666,4.6667,0,-16.3334,-63,0
0,1,12,1,4.6666,4.66667,0,-11.6667,-63,0
0,1,13,1,4.6666,4.66667,0,-7,-63,0
0,1,13,2,4.6667,4.66667,0,-7,-58.3334,0
0,1,13,3,4.6667,4.66667,0,-7,-53.6666,0
0,1,12,3,4.6667,4.66667,0,-11.6667,-53.6666,0
0,0,13,2,4.6667,4.66667,0,-7,-58.3334,0
0,1,12,3,4.6667,4.66667,0,-11.6667,-53.6666,0
0,1,12,2,4.6667,4.66667,0,-11.6667,-58.3334,0
0,1,12,1,4.6666,4.66667,0,-11.6667,-63,0
0,1,13,1,4.6666,4.66667,0,-7,-63,0
0,1,14,1,4.6666,4.66666,0,-2.33333,-63,0
0,1,14,2,4.6667,4.66666,0,-2.33333,-58.3334,0
0,1,14,3,4.6667,4.66666,0,-2.33333,-53.6666,0
0,1,13,3,4.6667,4.66667,0,-7,-53.6666,0
0,0,14,2,4.6667,4.66666,0,-2.33333,-58.3334,0
0,1,13,3,4.6667,4.66667,0,-7,-53.6666,0
0,1,13,2,4.6667,4.66667,0,-7,-58.3334,0
0,1,13,1,4.6666,4.66667,0,-7,-63,0
0,1,14,1,4.6666,4.66666,0,-2.33333,-63,0
0,1,15,1,4.6666,4.66667,0,2.33334,-63,0
0,1,15,2,4.6667,4.66667,0,2.33334,-58.3334,0
0,1,15,3,4.6667,4.66667,0,2.33334,-53.6666,0
0,1,14,3,4.6667,4.66666,0,-2.33333,-53.6666,0
0,0,15,2,4.6667,4.66667,0,2.33334,-58.3334,0
0,1,14,3,4.6667,4.66666,0,-2.33333,-53.6666,0
0,1,14,2,4.6667,4.66666,0,-2.33333,-58.3334,0
0,1,14,1,4.6666,4.66666,0,-2.33333,-63,0
0,1,15,1,4.6666,4.66667,0,2.33334,-63,0
0,1,16,1,4.6666,4.66667,0,7,-63,0
0,1,16,2,4.6667,4.66667,0,7,-58.3334,0
0,1,16,3,4.6667,4.66667,0,7,-53.6666,0
0,1,15,3,4.6667,4.66667,0,2.33334,-53.6666,0
0,0,16,2,4.6667,4.66667,0,7,-58.3334,0
0,1,15,3,4.6667,4.66667,0,2.33334,-53.6666,0
0,1,15,2,4.6667,4.66667,0,2.33334,-58.3334,0
0,1,15,1,4.6666,4.66667,0,2.33334,-63,0
0,1,16,1,4.6666,4.66667,0,7,-63,0
0,1,17,1,4.6666,4.66666,0,11.6667,-63,0
0,1,17,2,4.6667,4.66666,0,11.6667,-58.3334,0
0,1,17,3,4.6667,4.66666,0,11.6667,-53.6666,0
0,1,16,3,4.6667,4.66667,0,7,-53.6666,0
0,0,17,2,4.6667,4.66666,0,11.6667,-58.3334,0
0,1,16,3,4.6667,4.66667,0,7,-53.6666,0
0,1,16,2,4.6667,4.66667,0,7,-58.3334,0
0,1,16,1,4.6666,4.66667,0,7,-63,0
0,1,17,1,4.6666,4.66666,0,11.6667,-63,0
0,1,18,1,4.6666,4.6667,0,16.3334,-63,0
0,1,18,2,4.6667,4.6667,0,16.3334,-58.3334,0
0,1,18,3,4.6667,4.6667,0,16.3334,-53.6666,0
0,1,17,3,4.6667,4.66666,0,11.6667,-53.6666,0
0,0,18,2,4.6667,4.6667,0,16.3334,-58.3334,0
0,1,17,3,4.6667,4.66666,0,11.6667,-53.6666,0
0,1,17,2,4.6667,4.66666,0,11.6667,-58.3334,0
0,1,17,1,4.6666,4.66666,0,11.6667,-63,0
0,1,18,1,4.6666,4.6667,0,16.3334,-63,0
0,1,19,1,4.6666,4.6666,0,21,-63,0
0,1,19,2,4.6667,4.6666,0,21,-58.3334,0
0,1,19,3,4.6667,4.6666,0,21,-53.6666,0
0,1,18,3,4.6667,4.6667,0,16.3334,-53.6666,0
0,0,19,2,4.6667,4.6666,0,21,-58.3334,0
0,1,18,3,4.6667,4.6667,0,16.3334,-53.6666,0
0,1,18,2,4.6667,4.6667,0,16.3334,-58.3334,0
0,1,18,1,4.6666,4.6667,0,16.3334,-63,0
0,1,19,1,4.6666,4.6666,0,21,-63,0
0,1,20,1,4.6666,4.6667,0,25.6666,-63,0
0,1,20,2,4.6667,4.6667,0,25.6666,-58.3334,0
0,1,20,3,4.6667,4.6667,0,25.6666,-53.6666,0
0,1,19,3,4.6667,4.6666,0,21,-53.6666,0
0,0,20,2,4.6667,4.6667,0,25.6666,-58.3334,0
0,1,19,3,4.6667,4.6666,0,21,-53.6666,0
0,1,19,2,4.6667,4.6666,0,21,-58.3334,0
0,1,19,1,4.6666,4.6666,0,21,-63,0
0,1,20,1,4.6666,4.6667,0,25.6666,-63,0
0,1,21,1,4.6666,4.6667,0,30.3333,-63,0
0,1,21,2,4.6667,4.6667,0,30.3333,-58.3334,0
0,1,21,3,4.6667,4.6667,0,30.3333,-53.6666,0
0,1,20,3,4.6667,4.6667,0,25.6666,-53.6666,0
0,0,21,2,4.6667,4.6667,0,30.3333,-58.3334,0
0,1,20,3,4.6667,4.6667,0,25.6666,-53.6666,0
0,1,20,2,4.6667,4.6667,0,25.6666,-58.3334,0
0,1,20,1,4.6666,4.6667,0,25.6666,-63,0
0,1,21,1,4.6666,4.6667,0,30.3333,-63,0
0,1,22,1,4.6666,4.6666,0,35,-63,0
0,1,22,2,4.6667,4.6666,0,35,-58.3334,0
0,1,22,3,4.6667,4.6666,0,35,-53.6666,0
0,1,21,3,4.6667,4.6667,0,30.3333,-53.6666,0
0,0,22,2,4.6667,4.6666,0,35,-58.3334,0
0,1,21,3,4.6667,4.6667,0,30.3333,-53.6666,0
0,1,21,2,4.6667,4.6667,0,30.3333,-58.3334,0
0,1,21,1,4.6666,4.6667,0,30.3333,-63,0
0,1,22,1,4.6666,4.6666,0,35,-63,0
0,1,23,1,4.6666,4.6667,0,39.6666,-63,0
0,1,23,2,4.6667,4.6667,0,39.6666,-58.3334,0
0,1,23,3,4.6667,4.6667,0,39.6666,-53.6666,0
0,1,22,3,4.6667,4.6666,0,35,-53.6666,0
0,0,23,2,4.6667,4.6667,0,39.6666,-58.3334,0
0,1,22,3,4.6667,4.6666,0,35,-53.6666,0
0,1,22,2,4.6667,4.6666,0,35,-58.3334,0
0,1,22,1,4.6666,4.6666,0,35,-63,0
0,1,23,1,4.6666,4.6667,0,39.6666,-63,0
0,1,24,1,4.6666,4.6667,0,44.3334,-63,0
0,1,24,2,4.6667,4.6667,0,44.3334,-58.3334,0
0,1,24,3,4.6667,4.6667,0,44.3334,-53.6666,0
0,1,23,3,4.6667,4.6667,0,39.6666,-53.6666,0
0,0,24,2,4.6667,4.6667,0,44.3334,-58.3334,0
0,1,23,3,4.6667,4.6667,0,39.6666,-53.6666,0
0,1,23,2,4.6667,4.6667,0,39.6666,-58.3334,0
0,1,23,1,4.6666,4.6667,0,39.6666,-63,0
0,1,24,1,4.6666,4.6667,0,44.3334,-63,0
0,1,25,1,4.6666,4.6666,0,49,-63,0
0,1,25,2,4.6667,4.6666,0,49,-58.3334,0
0,1,25,3,4.6667,4.6666,0,49,-53.6666,0
0,1,24,3,4.6667,4.6667,0,44.3334,-53.6666,0
0,0,25,2,4.6667,4.6666,0,49,-58.3334,0
0,1,24,3,4.6667,4.6667,0,44.3334,-53.6666,0
0,1,24,2,4.6667,4.6667,0,44.3334,-58.3334,0
0,1,24,1,4.6666,4.6667,0,44.3334,-63,0
0,1,25,1,4.6666,4.6666,0,49,-63,0
0,1,26,1,4.6666,4.6667,0,53.6666,-63,0
0,1,26,2,4.6667,4.6667,0,53.6666,-58.3334,0
0,1,26,3,4.6667,4.6667,0,53.6666,-53.6666,0
0,1,25,3,4.6667,4.6666,0,49,-53.6666,0
0,0,26,2,4.6667,4.6667,0,53.6666,-58.3334,0
0,1,25,3,4.6667,4.6666,0,49,-53.6666,0
0,1,25,2,4.6667,4.6666,0,49,-58.3334,0
0,1,25,1,4.6666,4.6666,0,49,-63,0
0,1,26,1,4.6666,4.6667,0,53.6666,-63,0
0,1,27,1,4.6666,4.6667,0,58.3334,-63,0
0,1,27,2,4.6667,4.6667,0,58.3334,-58.3334,0
0,1,27,3,4.6667,4.6667,0,58.3334,-53.6666,0
0,1,26,3,4.6667,4.6667,0,53.6666,-53.6666,0
0,0,27,2,4.6667,4.6667,0,58.3334,-58.3334,0
0,1,26,3,4.6667,4.6667,0,53.6666,-53.6666,0
0,1,26,2,4.6667,4.6667,0,53.6666,-58.3334,0
0,1,26,1,4.6666,4.6667,0,53.6666,-63,0
0,1,27,1,4.6666,4.6667,0,58.3334,-63,0
0,1,28,1,4.6666,4.6666,0,63,-63,0
0,1,28,2,4.6667,4.6666,0,63,-58.3334,0
0,1,28,3,4.6667,4.6666,0,63,-53.6666,0
0,1,27,3,4.6667,4.6667,0,58.3334,-53.6666,0
0,0,28,2,4.6667,4.6666,0,63,-58.3334,0
0,1,27,3,4.6667,4.6667,0,58.3334,-53.6666,0
0,1,27,2,4.6667,4.6667,0,58.3334,-58.3334,0
0,1,27,1,4.6666,4.6667,0,58.3334,-63,0
0,1,28,1,4.6666,4.6666,0,63,-63,0
0,1,29,1,4.6666,4.6667,0,67.6666,-63,0
0,1,29,2,4.6667,4.6667,0,67.6666,-58.3334,0
0,1,29,3,4.6667,4.6667,0,67.6666,-53.6666,0
0,1,28,3,4.6667,4.6666,0,63,-53.6666,0
0,0,29,2,4.6667,4.6667,0,67.6666,-58.3334,0
0,1,28,3,4.6667,4.6666,0,63,-53.6666,0
0,1,28,2,4.6667,4.6666,0,63,-58.3334,0
0,1,28,1,4.6666,4.6666,0,63,-63,0
0,1,29,1,4.6666,4.6667,0,67.6666,-63,0
1,1,0,0,0,0,0,0,0,0
1,1,0,0,0,0,0,0,0,0
1,1,0,0,0,0,0,0,0,0
0,1,29,3,4.6667,4.6667,0,67.6666,-53.6666,0
0,0,0,3,4.6667,4.6667,0,-67.6666,-53.6666,0
1,1,0,0,0,0,0,0,0,0
1,1,0,0,0,0,0,0,0,0
1,1,0,0,0,0,0,0,0,0
0,1,0,2,4.6667,4.6667,0,-67.6666,-58.3334,0
0,1,1,2,4.6667,4.6666,0,-63,-58.3334,0
0,1,1,3,4.6667,4.6666,0,-63,-53.6666,0
0,1,1,4,4.6666,4.6666,0,-63,-49,0
0,1,0,4,4.6666,4.6667,0,-67.6666,-49,0
0,0,1,3,4.6667,4.6666,0,-63,-53.6666,0
0,1,0,4,4.6666,4.6667,0,-67.6666,-49,0
0,1,0,3,4.6667,4.6667,0,-67.6666,-53.6666,0
0,1,0,2,4.6667,4.6667,0,-67.6666,-58.3334,0
0,1,1,2,4.6667,4.6666,0,-63,-58.3334,0
0,1,2,2,4.6667,4.6667,0,-58.3334,-58.3334,0
0,1,2,3,4.6667,4.6667,0,-58.3334,-53.6666,0
0,1,2,4,4.6666,4.6667,0,-58.3334,-49,0
0,1,1,4,4.6666,4.6666,0,-63,-49,0
0,0,2,3,4.6667,4.6667,0,-58.3334,-53.6666,0
0,1,1,4,4.6666,4.6666,0,-63,-49,0
0,1,1,3,4.6667,4.6666,0,-63,-53.6666,0
0,1,1,2,4.6667,4.6666,0,-63,-58.3334,0
0,1,2,2,4.6667,4.6667,0,-58.3334,-58.3334,0
0,1,3,2,4.6667,4.6667,0,-53.6666,-58.3334,0
0,1,3,3,4.6667,4.6667,0,-53.6666,-53.6666,0
0,1,3,4,4.6666,4.6667,0,-53.6666,-49,0
0,1,2,4,4.6666,4.6667,0,-58.3334,-49,0
0,0,3,3,4.6667,4.6667,0,-53.6666,-53.6666,0
0,1,2,4,4.6666,4.6667,0,-58.3334,-49,0
0,1,2,3,4.6667,4.6667,0,-58.3334,-53.6666,0
0,1,2,2,4.6667,4.6667,0,-58.3334,-58.3334,0
0,1,3,2,4.6667,4.6667,0,-53.6666,-58.3334,0
0,1,4,2,4.6667,4.6666,0,-49,-58.3334,0
0,1,4,3,4.6667,4.6666,0,-49,-53.6666,0
0,1,4,4,4.6666,4.6666,0,-49,-49,0
0,1,3,4,4.6666,4.6667,0,-53.6666,-49,0
0,0,4,3,4.6667,4.6666,0,-49,-53.6666,0
0,1,3,4,4.6666,4.6667,0,-53.6666,-49,0
0,1,3,3,4.6667,4.6667,0,-53.6666,-53.6666,0
0,1,3,2,4.6667,4.6667,0,-53.6666,-58.3334,0
0,1,4,2,4.6667,4.6666,0,-49,-58.3334,0
0,1,5,2,4.6667,4.6667,0,-44.3334,-58.3334,0
0,1,5,3,4.6667,4.6667,0,-44.3334,-53.6666,0
0,1,5,4,4.6666,4.6667,0,-44.3334,-49,0
0,1,4,4,4.6666,4.6666,0,-49,-49,0
0,0,5,3,4.6667,4.6667,0,-44.3334,-53.6666,0
0,1,4,4,4.6666,4.6666,0,-49,-49,0
0,1,4,3,4.6667,4.6666,0,-49,-53.6666,0
0,1,4,2,4.6667,4.6666,0,-49,-58.3334,0
0,1,5,2,4.6667,4.6667,0,-44.3334,-58.3334,0
0,1,6,2,4.6667,4.6667,0,-39.6666,-58.3334,0
0,1,6,3,4.6667,4.6667,0,-39.6666,-53.6666,0
0,1,6,4,4.6666,4.6667,0,-39.6666,-49,0
0,1,5,4,4.6666,4.6667,0,-44.3334,-49,0
0,0,6,3,4.6667,4.6667,0,-39.6666,-53.6666,0
0,1,5,4,4.6666,4.6667,0,-44.3334,-49,0
0,1,5,3,4.6667,4.6667,0,-44.3334,-53.6666,0
0,1,5,2,4.6667,4.6667,0,-44.3334,-58.3334,0
0,1,6,2,4.6667,4.6667,0,-39.6666,-58.3334,0
0,1,7,2,4.6667,4.6666,0,-35,-58.3334,0
0,1,7,3,4.6667,4.6666,0,-35,-53.6666,0
0,1,7,4,4.6666,4.6666,0,-35,-49,0
0,1,6,4,4.6666,4.6667,0,-39.6666,-49,0
0,0,7,3,4.6667,4.6666,0,-35,-53.6666,0
0,1,6,4,4.6666,4.6667,0,-39.6666,-49,0
0,1,6,3,4.6667,4.6667,0,-39.6666,-53.6666,0
0,1,6,2,4.6667,4.6667,0,-39.6666,-58.3334,0
0,1,7,2,4.6667,4.6666,0,-35,-58.3334,0
0,1,8,2,4.6667,4.6667,0,-30.3333,-58.3334,0
0,1,8,3,4.6667,4.6667,0,-30.3333,-53.6666,0
0,1,8,4,4.6666,4.6667,0,-30.3333,-49,0
0,1,7,4,4.6666,4.6666,0,-35,-49,0
0,0,8,3,4.6667,4.6667,0,-30.3333,-53.6666,0
0,1,7,4,4.6666,4.6666,0,-35,-49,0
0,1,7,3,4.6667,4.6666,0,-35,-53.6666,0
0,1,7,2,4.6667,4.6666,0,-35,-58.3334,0
0,1,8,2,4.6667,4.6667,0,-30.3333,-58.3334,0
0,1,9,2,4.6667,4.6667,0,-25.6666,-58.3334,0
0,1,9,3,4.6667,4.6667,0,-25.6666,-53.6666,0
0,1,9,4,4.6666,4.6667,0,-25.6666,-49,0
0,1,8,4,4.6666,4.6667,0,-30.3333,-49,0
0,0,9,3,4.6667,4.6667,0,-25.6666,-53.6666,0
0,1,8,4,4.6666,4.6667,0,-30.3333,-49,0
0,1,8,3,4.6667,4.6667,0,-30.3333,-53.6666,0
0,1,8,2,4.6667,4.6667,0,-30.3333,-58.3334,0
0,1,9,2,4.6667,4.6667,0,-25.6666,-58.3334,0
0,1,10,2,4.6667,4.6666,0,-21,-58.3334,0
0,1,10,3,4.6667,4.6666,0,-21,-53.6666,0
0,1,10,4,4.6666,4.6666,0,-21,-49,0
0,1,9,4,4.6666,4.6667,0,-25.6666,-49,0
0,0,10,3,4.6667,4.6666,0,-21,-53.6666,0
0,1,9,4,4.6666,4.6667,0,-25.6666,-49,0
0,1,9,3,4.6667,4.6667,0,-25.6666,-53.6666,0
0,1,9,2,4.6667,4.6667,0,-25.6666,-58.3334,0
0,1,10,2,4.6667,4.6666,0,-21,-58.3334,0
0,1,11,2,4.6667,4.6667,0,-16.3334,-58.3334,0
0,1,11,3,4.6667,4.6667,0,-16.3334,-53.6666,0
0,1,11,4,4.6666,4.6667,0,-16.3334,-49,0
0,1,10,4,4.6666,4.6666,0,-21,-49,0
0,0,11,3,4.6667,4.6667,0,-16.3334,-53.6666,0
0,1,10,4,4.6666,4.6666,0,-21,-49,0
0,1,10,3,4.6667,4.6666,0,-21,-53.6666,0
0,1,10,2,4.6667,4.6666,0,-21,-58.3334,0
0,1,11,2,4.6667,4.6667,0,-16.3334,-58.3334,0
0,1,12,2,4.6667,4.66667,0,-11.6667,-58.3334,0
0,1,12,3,4.6667,4.66667,0,-11.6667,-53.6666,0
0,1,12,4,4.6666,4.66667,0,-11.6667,-49,0
0,1,11,4,4.6666,4.6667,0,-16.3334,-49,0
0,0,12,3,4.6667,4.66667,0,-11.6667,-53.6666,0
0,1,11,4,4.6666,4.6667,0,-16.3334,-49,0
0,1,11,3,4.6667,4.6667,0,-16.3334,-53.6666,0
0,1,11,2,4.6667,4.6667,0,-16.3334,-58.3334,0
0,1,12,2,4.6667,4.66667,0,-11.6667,-58.3334,0
0,1,13,2,4.6667,4.66667,0,-7,-58.3334,0
0,1,13,3,4.6667,4.66667,0,-7,-53.6666,0
0,1,13,4,4.6666,4.66667,0,-7,-49,0
0,1,12,4,4.6666,4.66667,0,-11.6667,-49,0
0,0,13,3,4.6667,4.66667,0,-7,-53.6666,0
0,1,12,4,4.6666,4.66667,0,-11.6667,-49,0
0,1,12,3,4.6667,4.66667,0,-11.6667,-53.6666,0
0,1,12,2,4.6667,4.66667,0,-11.6667,-58.3334,0
0,1,13,2,4.6667,4.66667,0,-7,-58.3334,0
0,1,14,2,4.6667,4.66666,0,-2.33333,-58.3334,0
0,1,14,3,4.6667,4.66666,0,-2.33333,-53.6666,0
0,1,14,4,4.6666,4.66666,0,-2.33333,-49,0
0,1,13,4,4.6666,4.66667,0,-7,-49,0
0,0,14,3,4.6667,4.66666,0,-2.33333,-53.6666,0
0,1,13,4,4.6666,4.66667,0,-7,-49,0
0,1,13,3,4.6667,4.66667,0,-7,-53.6666,0
0,1,13,2,4.6667,4.66667,0,-7,-58.3334,0
0,1,14,2,4.6667,4.66666,0,-2.33333,-58.3334,0
0,1,15,2,4.6667,4.66667,0,2.33334,-58.3334,0
0,1,15,3,4.6667,4.66667,0,2.33334,-53.6666,0
0,1,15,4,4.6666,4.66667,0,2.33334,-49,0
0,1,14,4,4.6666,4.66666,0,-2.33333,-49,0
0,0,15,3,4.6667,4.66667,0,2.33334,-53.6666,0
0,1,14,4,4.6666,4.66666,0,-2.33333,-49,0
0,1,14,3,4.6667,4.66666,0,-2.33333,-53.6666,0
0,1,14,2,4.6667,4.66666,0,-2.33333,-58.3334,0
0,1,15,2,4.6667,4.66667,0,2.33334,-58.3334,0
0,1,16,2,4.6667,4.66667,0,7,-58.3334,0
0,1,16,3,4.6667,4.66667,0,7,-53.6666,0
0,1,16,4,4.6666,4.66667,0,7,-49,0
0,1,15,4,4.6666,4.66667,0,2.33334,-49,0
0,0,16,3,4.6667,4.66667,0,7,-53.6666,0
0,1,15,4,4.6666,4.66667,0,2.33334,-49,0
0,1,15,3,4.6667,4.66667,0,2.33334,-53.6666,0
0,1,15,2,4.6667,4.66667,0,2.33334,-58.3334,0
0,1,16,2,4.6667,4.66667,0,7,-58.3334,0
0,1,17,2,4.6667,4.66666,0,11.6667,-58.3334,0
0,1,17,3,4.6667,4.66666,0,11.6667,-53.6666,0
0,1,17,4,4.6666,4.66666,0,11.6667,-49,0
0,1,16,4,4.6666,4.66667,0,7,-49,0
0,0,17,3,4.6667,4.66666,0,11.6667,-53.6666,0
0,1,16,4,4.6666,4.66667,0,7,-49,0
0,1,16,3,4.6667,4.66667,0,7,-53.6666,0
0,1,16,2,4.6667,4.66667,0,7,-58.3334,0
0,1,17,2,4.6667,4.66666,0,11.6667,-58.3334,0
0,1,18,2,4.6667,4.6667,0,16.3334,-58.3334,0
0,1,18,3,4.6667,4.6667,0,16.3334,-53.6666,0
0,1,18,4,4.6666,4.6667,0,16.3334,-49,0
0,1,17,4,4.6666,4.66666,0,11.6667,-49,0
0,0,18,3,4.6667,4.6667,0,16.3334,-53.6666,0
0,1,17,4,4.6666,4.66666,0,11.6667,-49,0
0,1,17,3,4.6667,4.66666,0,11.6667,-53.6666,0
0,1,17,2,4.6667,4.66666,0,11.6667,-58.3334,0
0,1,18,2,4.6667,4.6667,0,16.3334,-58.3334,0
0,1,19,2,4.6667,4.6666,0,21,-58.3334,0
0,1,19,3,4.6667,4.6666,0,21,-53.6666,0
0,1,19,4,4.6666,4.6666,0,21,-49,0
0,1,18,4,4.6666,4.6667,0,16.3334,-49,0
0,0,19,3,4.6667,4.6666,0,21,-53.6666,0
0,1,18,4,4.6666,4.6667,0,16.3334,-49,0
0,1,18,3,4.6667,4.6667,0,16.3334,-53.6666,0
0,1,18,2,4.6667,4.6667,0,16.3334,-58.3334,0
0,1,19,2,4.6667,4.6666,0,21,-58.3334,0
0,1,20,2,4.6667,4.6667,0,25.6666,-58.3334,0
0,1,20,3,4.6667,4.6667,0,25.6666,-53.6666,0
0,1,20,4,4.6666,4.6667,0,25.6666,-49,0
0,1,19,4,4.6666,4.6666,0,21,-49,0
0,0,20,3,4.6667,4.6667,0,25.6666,-53.6666,0
0,1,19,4,4.6666,4.6666,0,21,-49,0
0,1,19,3,4.6667,4.6666,0,21,-53.6666,0
0,1,19,2,4.6667,4.6666,0,21,-58.3334,0
0,1,20,2,4.6667,4.6667,0,25.6666,-58.3334,0
0,1,21,2,4.6667,4.6667,0,30.3333,-58.3334,0
0,1,21,3,4.6667,4.6667,0,30.3333,-53.6666,0
0,1,21,4,4.6666,4.6667,0,30.3333,-49,0
0,1,20,4,4.6666,4.6667,0,25.6666,-49,0
0,0,21,3,4.6667,4.6667,0,30.3333,-53.6666,0
0,1,20,4,4.6666,4.6667,0,25.6666,-49,0
0,1,20,3,4.6667,4.6667,0,25.6666,-53.6666,0
0,1,20,2,4.6667,4.6667,0,25.6666,-58.3334,0
0,1,21,2,4.6667,4.6667,0,30.3333,-58.3334,0
0,1,22,2,4.6667,4.6666,0,35,-58.3334,0
0,1,22,3,4.6667,4.6666,0,35,-53.6666,0
0,1,22,4,4.6666,4.6666,0,35,-49,0
0,1,21,4,4.6666,4.6667,0,30.3333,-49,0
0,0,22,3,4.6667,4.6666,0,35,-53.6666,0
0,1,21,4,4.6666,4.6667,0,30.3333,-49,0
0,1,21,3,4.6667,4.6667,0,30.3333,-53.6666,0
0,1,21,2,4.6667,4.6667,0,30.3333,-58.3334,0
0,1,22,2,4.6667,4.6666,0,35,-58.3334,0
0,1,23,2,4.6667,4.6667,0,39.6666,-58.3334,0
0,1,23,3,4.6667,4.6667,0,39.6666,-53.6666,0
0,1,23,4,4.6666,4.6667,0,39.6666,-49,0
0,1,22,4,4.6666,4.6666,0,35,-49,0
0,0,23,3,4.6667,4.6667,0,39.6666,-53.6666,0
0,1,22,4,4.6666,4.6666,0,35,-49,0
0,1,22,3,4.6667,4.6666,0,35,-53.6666,0
0,1,22,2,4.6667,4.6666,0,35,-58.3334,0
0,1,23,2,4.6667,4.6667,0,39.6666,-58.3334,0
0,1,24,2,4.6667,4.6667,0,44.3334,-58.3334,0
0,1,24,3,4.6667,4.6667,0,44.3334,-53.6666,0
0,1,24,4,4.6666,4.6667,0,44.3334,-49,0
0,1,23,4,4.6666,4.6667,0,39.6666,-49,0
0,0,24,3,4.6667,4.6667,0,44.3334,-53.6666,0
0,1,23,4,4.6666,4.6667,0,39.6666,-49,0
0,1,23,3,4.6667,4.6667,0,39.6666,-53.6666,0
0,1,23,2,4.6667,4.6667,0,39.6666,-58.3334,0
0,1,24,2,4.6667,4.6667,0,44.3334,-58.3334,0
0,1,25,2,4.6667,4.6666,0,49,-58.3334,0
0,1,25,3,4.6667,4.6666,0,49,-53.6666,0
0,1,25,4,4.6666,4.6666,0,49,-49,0
0,1,24,4,4.6666,4.6667,0,44.3334,-49,0
0,0,25,3,4.6667,4.6666,0,49,-53.6666,0
0,1,24,4,4.6666,4.6667,0,44.3334,-49,0
0,1,24,3,4.6667,4.6667,0,44.3334,-53.6666,0
0,1,24,2,4.6667,4.6667,0,44.3334,-58.3334,0
0,1,25,2,4.6667,4.6666,0,49,-58.3334,0
0,1,26,2,4.6667,4.6667,0,53.6666,-58.3334,0
0,1,26,3,4.6667,4.6667,0,53.6666,-53.6666,0
0,1,26,4,4.6666,4.6667,0,53.6666,-49,0
0,1,25,4,4.6666,4.6666,0,49,-49,0
0,0,26,3,4.6667,4.6667,0,53.6666,-53.6666,0
0,1,25,4,4.6666,4.6666,0,49,-49,0
0,1,25,3,4.6667,4.6666,0,49,-53.6666,0
0,1,25,2,4.6667,4.6666,0,49,-58.3334,0
0,1,26,2,4.6667,4.6667,0,53.6666,-58.3334,0
0,1,27,2,4.6667,4.6667,0,58.3334,-58.3334,0
0,1,27,3,4.6667,4.6667,0,58.3334,-53.6666,0
0,1,27,4,4.6666,4.6667,0,58.3334,-49,0
0,1,26,4,4.6666,4.6667,0,53.6666,-49,0
0,0,27,3,4.6667,4.6667,0,58.3334,-53.6666,0
0,1,26,4,4.6666,4.6667,0,53.6666,-49,0
0,1,26,3,4.6667,4.6667,0,53.6666,-53.6666,0
0,1,26,2,4.6667,4.6667,0,53.6666,-58.3334,0
0,1,27,2,4.6667,4.6667,0,58.3334,-58.3334,0
0,1,28,2,4.6667,4.6666,0,63,-58.3334,0
0,1,28,3,4.6667,4.6666,0,63,-53.6666,0
0,1,28,4,4.6666,4.6666,0,63,-49,0
0,1,27,4,4.6666,4.6667,0,58.3334,-49,0
0,0,28,3,4.6667,4.6666,0,63,-53.6666,0
0,1,27,4,4.6666,4.6667,0,58.3334,-49,0
0,1,27,3,4.6667,4.6667,0,58.3334,-53.6666,0
0,1,27,2,4.6667,4.6667,0,58.3334,-58.3334,0
0,1,28,2,4.6667,4.6666,0,63,-58.3334,0
0,1,29,2,4.6667,4.6667,0,67.6666,-58.3334,0
0,1,29,3,4.6667,4.6667,0,67.6666,-53.6666,0
0,1,29,4,4.6666,4.6667,0,67.6666,-49,0
0,1,28,4,4.6666,4.6666,0,63,-49,0
0,0,29,3,4.6667,4.6667,0,67.6666,-53.6666,0
0,1,28,4,4.6666,4.6666,0,63,-49,0
0,1,28,3,4.6667,4.6666,0,63,-53.6666,0
0,1,28,2,4.6667,4.6666,0,63,-58.3334,0
0,1,29,2,4.6667,4.6667,0,67.6666,-58.3334,0
1,1,0,0,0,0,0,0,0,0
1,1,0,0,0,0,0,0,0,0
1,1,0,0,0,0,0,0,0,0
0,1,29,4,4.6666,4.6667,0,67.6666,-49,0
0,0,0,4,4.6666,4.6667,0,-67.6666,-49,0
1,1,0,0,0,0,0,0,0,0
1,1,0,0,0,0,0,0,0,0
1,1,0,0,0,0,0,0,0,0
0,1,0,3,4.6667,4.6667,0,-67.6666,-53.6666,0
0,1,1,3,4.6667,4.6666,0,-63,-53.6666,0
0,1,1,4,4.6666,4.6666,0,-63,-49,0
0,1,1,5,4.6667,4.6666,0,-63,-44.3334,0
0,1,0,5,4.6667,4.6667,0,-67.6666,-44.3334,0
0,0,1,4,4.6666,4.6666,0,-63,-49,0
0,1,0,5,4.6667,4.6667,0,-67.6666,-44.3334,0
0,1,0,4,4.6666,4.6667,0,-67.6666,-49,0
0,1,0,3,4.6667,4.6667,0,-67.6666,-53.6666,0
0,1,1,3,4.6667,4.6666,0,-63,-53.6666,0
0,1,2,3,4.6667,4.6667,0,-58.3334,-53.6666,0
0,1,2,4,4.6666,4.6667,0,-58.3334,-49,0
0,1,2,5,4.6667,4.6667,0,-58.3334,-44.3334,0
0,1,1,5,4.6667,4.6666,0,-63,-44.3334,0
0,0,2,4,4.6666,4.6667,0,-58.3334,-49,0
0,1,1,5,4.6667,4.6666,0,-63,-44.3334,0
0,1,1,4,4.6666,4.6666,0,-63,-49,0
0,1,1,3,4.6667,4.6666,0,-63,-53.6666,0
0,1,2,3,4.6667,4.6667,0,-58.3334,-53.6666,0
0,1,3,3,4.6667,4.6667,0,-53.6666,-53.6666,0
0,1,3,4,4.6666,4.6667,0,-53.6666,-49,0
0,1,3,5,4.6667,4.6667,0,-53.6666,-44.3334,0
0,1,2,5,4.6667,4.6667,0,-58.3334,-44.3334,0
0,0,3,4,4.6666,4.6667,0,-53.6666,-49,0
0,1,2,5,4.6667,4.6667,0,-58.3334,-44.3334,0
0,1,2,4,4.6666,4.6667,0,-58.3334,-49,0
0,1,2,3,4.6667,4.6667,0,-58.3334,-53.6666,0
0,1,3,3,4.6667,4.6667,0,-53.6666,-53.6666,0
0,1,4,3,4.6667,4.6666,0,-49,-53.6666,0
0,1,4,4,4.6666,4.6666,0,-49,-49,0
0,1,4,5,4.6667,4.6666,0,-49,-44.3334,0
0,1,3,5,4.6667,4.6667,0,-53.6666,-44.3334,0
0,0,4,4,4.6666,4.6666,0,-49,-49,0
0,1,3,5,4.6667,4.6667,0,-53.6666,-44.3334,0
0,1,3,4,4.6666,4.6667,0,-53.6666,-49,0
0,1,3,3,4.6667,4.6667,0,-53.6666,-53.6666,0
0,1,4,3,4.6667,4.6666,0,-49,-53.6666,0
0,1,5,3,4.6667,4.6667,0,-44.3334,-53.6666,0
0,1,5,4,4.6666,4.6667,0,-44.3334,-49,0
0,1,5,5,4.6667,4.6667,0,-44.3334,-44.3334,0
0,1,4,5,4.6667,4.6666,0,-49,-44.3334,0
0,0,5,4,4.6666,4.6667,0,-44.3334,-49,0
0,1,4,5,4.6667,4.6666,0,-49,-44.3334,0
0,1,4,4,4.6666,4.6666,0,-49,-49,0
0,1,4,3,4.6667,4.6666,0,-49,-53.6666,0
0,1,5,3,4.6667,4.6667,0,-44.3334,-53.6666,0
0,1,6,3,4.6667,4.6667,0,-39.6666,-53.6666,0
0,1,6,4,4.6666,4.6667,0,-39.6666,-49,0
0,1,6,5,4.6667,4.6667,0,-39.6666,-44.3334,0
0,1,5,5,4.6667,4.6667,0,-44.3334,-44.3334,0
0,0,6,4,4.6666,4.6667,0,-39.6666,-49,0
0,1,5,5,4.6667,4.6667,0,-44.3334,-44.3334,0
0,1,5,4,4.6666,4.6667,0,-44.3334,-49,0
0,1,5,3,4.6667,4.6667,0,-44.3334,-53.6666,0
0,1,6,3,4.6667,4.6667,0,-39.6666,-53.6666,0
0,1,7,3,4.6667,4.6666,0,-35,-53.6666,0
0,1,7,4,4.6666,4.6666,0,-35,-49,0
0,1,7,5,4.6667,4.6666,0,-35,-44.3334,0
0,1,6,5,4.6667,4.6667,0,-39.6666,-44.3334,0
0,0,7,4,4.6666,4.6666,0,-35,-49,0
0,1,6,5,4.6667,4.6667,0,-39.6666,-44.3334,0
0,1,6,4,4.6666,4.6667,0,-39.6666,-49,0
0,1,6,3,4.6667,4.6667,0,-39.6666,-53.6666,0
0,1,7,3,4.6667,4.6666,0,-35,-53.6666,0
0,1,8,3,4.6667,4.6667,0,-30.3333,-53.6666,0
0,1,8,4,4.6666,4.6667,0,-30.3333,-49,0
0,1,8,5,4.6667,4.6667,0,-30.3333,-44.3334,0
0,1,7,5,4.6667,4.6666,0,-35,-44.3334,0
0,0,8,4,4.6666,4.6667,0,-30.3333,-49,0
0,1,7,5,4.6667,4.6666,0,-35,-44.3334,0
0,1,7,4,4.6666,4.6666,0,-35,-49,0
0,1,7,3,4.6667,4.6666,0,-35,-53.6666,0
0,1,8,3,4.6667,4.6667,0,-30.3333,-53.6666,0
0,1,9,3,4.6667,4.6667,0,-25.6666,-53.6666,0
0,1,9,4,4.6666,4.6667,0,-25.6666,-49,0
0,1,9,5,4.6667,4.6667,0,-25.6666,-44.3334,0
0,1,8,5,4.6667,4.6667,0,-30.3333,-44.3334,0
0,0,9,4,4.6666,4.6667,0,-25.6666,-49,0
0,1,8,5,4.6667,4.6667,0,-30.3333,-44.3334,0
0,1,8,4,4.6666,4.6667,0,-30.3333,-49,0
0,1,8,3,4.6667,4.6667,0,-30.3333,-53.6666,0
0,1,9,3,4.6667,4.6667,0,-25.6666,-53.6666,0
0,1,10,3,4.6667,4.6666,0,-21,-53.6666,0
0,1,10,4,4.6666,4.6666,0,-21,-49,0
0,1,10,5,4.6667,4.6666,0,-21,-44.3334,0
0,1,9,5,4.6667,4.6667,0,-25.6666,-44.3334,0
0,0,10,4,4.6666,4.6666,0,-21,-49,0
0,1,9,5,4.6667,4.6667,0,-25.6666,-44.3334,0
0,1,9,4,4.6666,4.6667,0,-25.6666,-49,0
0,1,9,3,4.6667,4.6667,0,-25.6666,-53.6666,0
0,1,10,3,4.6667,4.6666,0,-21,-53.6666,0
0,1,11,3,4.6667,4.6667,0,-16.3334,-53.6666,0
0,1,11,4,4.6666,4.6667,0,-16.3334,-49,0
0,1,11,5,4.6667,4.6667,0,-16.3334,-44.3334,0
0,1,10,5,4.6667,4.6666,0,-21,-44.3334,0
0,0,11,4,4.6666,4.6667,0,-16.3334,-49,0
0,1,10,5,4.6667,4.6666,0,-21,-44.3334,0
0,1,10,4,4.6666,4.6666,0,-21,-49,0
0,1,10,3,4.6667,4.6666,0,-21,-53.6666,0
0,1,11,3,4.6667,4.6667,0,-16.3334,-53.6666,0
0,1,12,3,4.6667,4.66667,0,-11.6667,-53.6666,0
0,1,12,4,4.6666,4.66667,0,-11.6667,-49,0
0,1,12,5,4.6667,4.66667,0,-11.6667,-44.3334,0
0,1,11,5,4.6667,4.6667,0,-16.3334,-44.3334,0
0,0,12,4,4.6666,4.66667,0,-11.6667,-49,0
0,1,11,5,4.6667,4.6667,0,-16.3334,-44.3334,0
0,1,11,4,4.6666,4.6667,0,-16.3334,-49,0
0,1,11,3,4.6667,4.6667,0,-16.3334,-53.6666,0
0,1,12,3,4.6667,4.66667,0,-11.6667,-53.6666,0
0,1,13,3,4.6667,4.66667,0,-7,-53.6666,0
0,1,13,4,4.6666,4.66667,0,-7,-49,0
0,1,13,5,4.6667,4.66667,0,-7,-44.3334,0
0,1,12,5,4.6667,4.66667,0,-11.6667,-44.3334,0
0,0,13,4,4.6666,4.66667,0,-7,-49,0
0,1,12,5,4.6667,4.66667,0,-11.6667,-44.3334,0
0,1,12,4,4.6666,4.66667,0,-11.6667,-49,0
0,1,12,3,4.6667,4.66667,0,-11.6667,-53.6666,0
0,1,13,3,4.6667,4.66667,0,-7,-53.6666,0
0,1,14,3,4.6667,4.66666,0,-2.33333,-53.6666,0
0,1,14,4,4.6666,4.66666,0,-2.33333,-49,0
0,1,14,5,4.6667,4.66666,0,-2.33333,-44.3334,0
0,1,13,5,4.6667,4.66667,0,-7,-44.3334,0
0,0,14,4,4.6666,4.66666,0,-2.33333,-49,0
0,1,13,5,4.6667,4.66667,0,-7,-44.3334,0
0,1,13,4,4.6666,4.66667,0,-7,-49,0
0,1,13,3,4.6667,4.66667,0,-7,-53.6666,0
0,1,14,3,4.6667,4.66666,0,-2.33333,-53.6666,0
0,1,15,3,4.6667,4.66667,0,2.33334,-53.6666,0
0,1,15,4,4.6666,4.66667,0,2.33334,-49,0
0,1,15,5,4.6667,4.66667,0,2.33334,-44.3334,0
0,1,14,5,4.6667,4.66666,0,-2.33333,-44.3334,0
0,0,15,4,4.6666,4.66667,0,2.33334,-49,0
0,1,14,5,4.6667,4.66666,0,-2.33333,-44.3334,0
0,1,14,4,4.6666,4.66666,0,-2.33333,-49,0
0,1,14,3,4.6667,4.66666,0,-2.33333,-53.6666,0
0,1,15,3,4.6667,4.66667,0,2.33334,-53.6666,0
0,1,16,3,4.6667,4.66667,0,7,-53.6666,0
0,1,16,4,4.6666,4.66667,0,7,-49,0
0,1,16,5,4.6667,4.66667,0,7,-44.3334,0
0,1,15,5,4.6667,4.66667,0,2.33334,-44.3334,0
0,0,16,4,4.6666,4.66667,0,7,-49,0
0,1,15,5,4.6667,4.66667,0,2.33334,-44.3334,0
0,1,15,4,4.6666,4.66667,0,2.33334,-49,0
0,1,15,3,4.6667,4.66667,0,2.33334,-53.6666,0
0,1,16,3,4.6667,4.66667,0,7,-53.6666,0
0,1,17,3,4.6667,4.66666,0,11.6667,-53.6666,0
0,1,17,4,4.6666,4.66666,0,11.6667,-49,0
0,1,17,5,4.6667,4.66666,0,11.6667,-44.3334,0
0,1,16,5,4.6667,4.66667,0,7,-44.3334,0
0,0,17,4,4.6666,4.66666,0,11.6667,-49,0
0,1,16,5,4.6667,4.66667,0,7,-44.3334,0
0,1,16,4,4.6666,4.66667,0,7,-49,0
0,1,16,3,4.6667,4.66667,0,7,-53.6666,0
0,1,17,3,4.6667,4.66666,0,11.6667,-53.6666,0
0,1,18,3,4.6667,4.6667,0,16.3334,-53.6666,0
0,1,18,4,4.6666,4.6667,0,16.3334,-49,0
1,1,0,0,0,0,0,0,0,0
0,1,17,5,4.6667,4.66666,0,11.6667,-44.3334,0
0,0,18,4,4.6666,4.6667,0,16.3334,-49,0
0,1,17,5,4.6667,4.66666,0,11.6667,-44.3334,0
0,1,17,4,4.6666,4.66666,0,11.6667,-49,0
0,1,17,3,4.6667,4.66666,0,11.6667,-53.6666,0
0,1,18,3,4.6667,4.6667,0,16.3334,-53.6666,0
0,1,19,3,4.6667,4.6666,0,21,-53.6666,0
0,1,19,4,4.6666,4.6666,0,21,-49,0
1,1,0,0,0,0,0,0,0,0
1,1,0,0,0,0,0,0,0,0
0,0,19,4,4.6666,4.6666,0,21,-49,0
1,1,0,0,0,0,0,0,0,0
0,1,18,4,4.6666,4.6667,0,16.3334,-49,0
0,1,18,3,4.6667,4.6667,0,16.3334,-53.6666,0
0,1,19,3,4.6667,4.6666,0,21,-53.6666,0
0,1,20,3,4.6667,4.6667,0,25.6666,-53.6666,0
0,1,20,4,4.6666,4.6667,0,25.6666,-49,0
0,1,20,5,4.6667,4.6667,0,25.6666,-44.3334,0
1,1,0,0,0,0,0,0,0,0
0,0,20,4,4.6666,4.6667,0,25.6666,-49,0
1,1,0,0,0,0,0,0,0,0
0,1,19,4,4.6666,4.6666,0,21,-49,0
0,1,19,3,4.6667,4.6666,0,21,-53.6666,0
0,1,20,3,4.6667,4.6667,0,25.6666,-53.6666,0
0,1,21,3,4.6667,4.6667,0,30.3333,-53.6666,0
0,1,21,4,4.6666,4.6667,0,30.3333,-49,0
0,1,21,5,4.6667,4.6667,0,30.3333,-44.3334,0
0,1,20,5,4.6667,4.6667,0,25.6666,-44.3334,0
0,0,21,4,4.6666,4.6667,0,30.3333,-49,0
0,1,20,5,4.6667,4.6667,0,25.6666,-44.3334,0
0,1,20,4,4.6666,4.6667,0,25.6666,-49,0
0,1,20,3,4.6667,4.6667,0,25.6666,-53.6666,0
0,1,21,3,4.6667,4.6667,0,30.3333,-53.6666,0
0,1,22,3,4.6667,4.6666,0,35,-53.6666,0
0,1,22,4,4.6666,4.6666,0,35,-49,0
0,1,22,5,4.6667,4.6666,0,35,-44.3334,0
0,1,21,5,4.6667,4.6667,0,30.3333,-44.3334,0
0,0,22,4,4.6666,4.6666,0,35,-49,0
0,1,21,5,4.6667,4.6667,0,30.3333,-44.3334,0
0,1,21,4,4.6666,4.6667,0,30.3333,-49,0
0,1,21,3,4.6667,4.6667,0,30.3333,-53.6666,0
0,1,22,3,4.6667,4.6666,0,35,-53.6666,0
0,1,23,3,4.6667,4.6667,0,39.6666,-53.6666,0
0,1,23,4,4.6666,4.6667,0,39.6666,-49,0
0,1,23,5,4.6667,4.6667,0,39.6666,-44.3334,0
0,1,22,5,4.6667,4.6666,0,35,-44.3334,0
0,0,23,4,4.6666,4.6667,0,39.6666,-49,0
0,1,22,5,4.6667,4.6666,0,35,-44.3334,0
0,1,22,4,4.6666,4.6666,0,35,-49,0
0,1,22,3,4.6667,4.6666,0,35,-53.6666,0
0,1,23,3,4.6667,4.6667,0,39.6666,-53.6666,0
0,1,24,3,4.6667,4.6667,0,44.3334,-53.6666,0
0,1,24,4,4.6666,4.6667,0,44.3334,-49,0
0,1,24,5,4.6667,4.6667,0,44.3334,-44.3334,0
0,1,23,5,4.6667,4.6667,0,39.6666,-44.3334,0
0,0,24,4,4.6666,4.6667,0,44.3334,-49,0
0,1,23,5,4.6667,4.6667,0,39.6666,-44.3334,0
0,1,23,4,4.6666,4.6667,0,39.6666,-49,0
0,1,23,3,4.6667,4.6667,0,39.6666,-53.6666,0
0,1,24,3,4.6667,4.6667,0,44.3334,-53.6666,0
0,1,25,3,4.6667,4.6666,0,49,-53.6666,0
0,1,25,4,4.6666,4.6666,0,49,-49,0
0,1,25,5,4.6667,4.6666,0,49,-44.3334,0
0,1,24,5,4.6667,4.6667,0,44.3334,-44.3334,0
0,0,25,4,4.6666,4.6666,0,49,-49,0
0,1,24,5,4.6667,4.6667,0,44.3334,-44.3334,0
0,1,24,4,4.6666,4.6667,0,44.3334,-49,0
0,1,24,3,4.6667,4.6667,0,44.3334,-53.6666,0
0,1,25,3,4.6667,4.6666,0,49,-53.6666,0
0,1,26,3,4.6667,4.6667,0,53.6666,-53.6666,0
0,1,26,4,4.6666,4.6667,0,53.6666,-49,0
0,1,26,5,4.6667,4.6667,0,53.6666,-44.3334,0
0,1,25,5,4.6667,4.6666,0,49,-44.3334,0
0,0,26,4,4.6666,4.6667,0,53.6666,-49,0
0,1,25,5,4.6667,4.6666,0,49,-44.3334,0
0,1,25,4,4.6666,4.6666,0,49,-49,0
0,1,25,3,4.6667,4.6666,0,49,-53.6666,0
0,1,26,3,4.6667,4.6667,0,53.6666,-53.6666,0
0,1,27,3,4.6667,4.6667,0,58.3334,-53.6666,0
0,1,27,4,4.6666,4.6667,0,58.3334,-49,0
0,1,27,5,4.6667,4.6667,0,58.3334,-44.3334,0
0,1,26,5,4.6667,4.6667,0,53.6666,-44.3334,0
0,0,27,4,4.6666,4.6667,0,58.3334,-49,0
0,1,26,5,4.6667,4.6667,0,53.6666,-44.3334,0
0,1,26,4,4.6666,4.6667,0,53.6666,-49,0
0,1,26,3,4.6667,4.6667,0,53.6666,-53.6666,0
0,1,27,3,4.6667,4.6667,0,58.3334,-53.6666,0
0,1,28,3,4.6667,4.6666,0,63,-53.6666,0
0,1,28,4,4.6666,4.6666,0,63,-49,0
0,1,28,5,4.6667,4.6666,0,63,-44.3334,0
0,1,27,5,4.6667,4.6667,0,58.3334,-44.3334,0
0,0,28,4,4.6666,4.6666,0,63,-49,0
0,1,27,5,4.6667,4.6667,0,58.3334,-44.3334,0
0,1,27,4,4.6666,4.6667,0,58.3334,-49,0
0,1,27,3,4.6667,4.6667,0,58.3334,-53.6666,0
0,1,28,3,4.6667,4.6666,0,63,-53.6666,0
0,1,29,3,4.6667,4.6667,0,67.6666,-53.6666,0
0,1,29,4,4.6666,4.6667,0,67.6666,-49,0
0,1,29,5,4.6667,4.6667,0,67.6666,-44.3334,0
0,1,28,5,4.6667,4.6666,0,63,-44.3334,0
0,0,29,4,4.6666,4.6667,0,67.6666,-49,0
0,1,28,5,4.6667,4.6666,0,63,-44.3334,0
0,1,28,4,4.6666,4.6666,0,63,-49,0
0,1,28,3,4.6667,4.6666,0,63,-53.6666,0
0,1,29,3,4.6667,4.6667,0,67.6666,-53.6666,0
1,1,0,0,0,0,0,0,0,0
1,1,0,0,0,0,0,0,0,0
1,1,0,0,0,0,0,0,0,0
0,1,29,5,4.6667,4.6667,0,67.6666,-44.3334,0
0,0,0,5,4.6667,4.6667,0,-67.6666,-44.3334,0
1,1,0,0,0,0,0,0,0,0
1,1,0,0,0,0,0,0,0,0
1,1,0,0,0,0,0,0,0,0
0,1,0,4,4.6666,4.6667,0,-67.6666,-49,0
0,1,1,4,4.6666,4.6666,0,-63,-49,0
0,1,1,5,4.6667,4.6666,0,-63,-44.3334,0
0,1,1,6,4.6667,4.6666,0,-63,-39.6666,0
0,1,0,6,4.6667,4.6667,0,-67.6666,-39.6666,0
0,0,1,5,4.6667,4.6666,0,-63,-44.3334,0
0,1,0,6,4.6667,4.6667,0,-67.6666,-39.6666,0
0,1,0,5,4.6667,4.6667,0,-67.6666,-44.3334,0
0,1,0,4,4.6666,4.6667,0,-67.6666,-49,0
0,1,1,4,4.6666,4.6666,0,-63,-49,0
0,1,2,4,4.6666,4.6667,0,-58.3334,-49,0
0,1,2,5,4.6667,4.6667,0,-58.3334,-44.3334,0
0,1,2,6,4.6667,4.6667,0,-58.3334,-39.6666,0
0,1,1,6,4.6667,4.6666,0,-63,-39.6666,0
0,0,2,5,4.6667,4.6667,0,-58.3334,-44.3334,0
0,1,1,6,4.6667,4.6666,0,-63,-39.6666,0
0,1,1,5,4.6667,4.6666,0,-63,-44.3334,0
0,1,1,4,4.6666,4.6666,0,-63,-49,0
0,1,2,4,4.6666,4.6667,0,-58.3334,-49,0
0,1,3,4,4.6666,4.6667,0,-53.6666,-49,0
0,1,3,5,4.6667,4.6667,0,-53.6666,-44.3334,0
0,1,3,6,4.6667,4.6667,0,-53.6666,-39.6666,0
0,1,2,6,4.6667,4.6667,0,-58.3334,-39.6666,0
0,0,3,5,4.6667,4.6667,0,-53.6666,-44.3334,0
0,1,2,6,4.6667,4.6667,0,-58.3334,-39.6666,0
0,1,2,5,4.6667,4.6667,0,-58.3334,-44.3334,0
0,1,2,4,4.6666,4.6667,0,-58.3334,-49,0
0,1,3,4,4.6666,4.6667,0,-53.6666,-49,0
0,1,4,4,4.6666,4.6666,0,-49,-49,0
0,1,4,5,4.6667,4.6666,0,-49,-44.3334,0
0,1,4,6,4.6667,4.6666,0,-49,-39.6666,0
0,1,3,6,4.6667,4.6667,0,-53.6666,-39.6666,0
0,0,4,5,4.6667,4.6666,0,-49,-44.3334,0
0,1,3,6,4.6667,4.6667,0,-53.6666,-39.6666,0
0,1,3,5,4.6667,4.6667,0,-53.6666,-44.3334,0
0,1,3,4,4.6666,4.6667,0,-53.6666,-49,0
0,1,4,4,4.6666,4.6666,0,-49,-49,0
0,1,5,4,4.6666,4.6667,0,-44.3334,-49,0
0,1,5,5,4.6667,4.6667,0,-44.3334,-44.3334,0
0,1,5,6,4.6667,4.6667,0,-44.3334,-39.6666,0
0,1,4,6,4.6667,4.6666,0,-49,-39.6666,0
0,0,5,5,4.6667,4.6667,0,-44.3334,-44.3334,0
0,1,4,6,4.6667,4.6666,0,-49,-39.6666,0
0,1,4,5,4.6667,4.6666,0,-49,-44.3334,0
0,1,4,4,4.6666,4.6666,0,-49,-49,0
0,1,5,4,4.6666,4.6667,0,-44.3334,-49,0
0,1,6,4,4.6666,4.6667,0,-39.6666,-49,0
0,1,6,5,4.6667,4.6667,0,-39.6666,-44.3334,0
0,1,6,6,4.6667,4.6667,0,-39.6666,-39.6666,0
0,1,5,6,4.6667,4.6667,0,-44.3334,-39.6666,0
0,0,6,5,4.6667,4.6667,0,-39.6666,-44.3334,0
0,1,5,6,4.6667,4.6667,0,-44.3334,-39.6666,0
0,1,5,5,4.6667,4.6667,0,-44.3334,-44.3334,0
0,1,5,4,4.6666,4.6667,0,-44.3334,-49,0
0,1,6,4,4.6666,4.6667,0,-39.6666,-49,0
0,1,7,4,4.6666,4.6666,0,-35,-49,0
0,1,7,5,4.6667,4.6666,0,-35,-44.3334,0
0,1,7,6,4.6667,4.6666,0,-35,-39.6666,0
0,1,6,6,4.6667,4.6667,0,-39.6666,-39.6666,0
0,0,7,5,4.6667,4.6666,0,-35,-44.3334,0
0,1,6,6,4.6667,4.6667,0,-39.6666,-39.6666,0
0,1,6,5,4.6667,4.6667,0,-39.6666,-44.3334,0
0,1,6,4,4.6666,4.6667,0,-39.6666,-49,0
0,1,7,4,4.6666,4.6666,0,-35,-49,0
0,1,8,4,4.6666,4.6667,0,-30.3333,-49,0
0,1,8,5,4.6667,4.6667,0,-30.3333,-44.3334,0
0,1,8,6,4.6667,4.6667,0,-30.3333,-39.6666,0
0,1,7,6,4.6667,4.6666,0,-35,-39.6666,0
0,0,8,5,4.6667,4.6667,0,-30.3333,-44.3334,0
0,1,7,6,4.6667,4.6666,0,-35,-39.6666,0
0,1,7,5,4.6667,4.6666,0,-35,-44.3334,0
0,1,7,4,4.6666,4.6666,0,-35,-49,0
0,1,8,4,4.6666,4.6667,0,-30.3333,-49,0
0,1,9,4,4.6666,4.6667,0,-25.6666,-49,0
0,1,9,5,4.6667,4.6667,0,-25.6666,-44.3334,0
0,1,9,6,4.6667,4.6667,0,-25.6666,-39.6666,0
0,1,8,6,4.6667,4.6667,0,-30.3333,-39.6666,0
0,0,9,5,4.6667,4.6667,0,-25.6666,-44.3334,0
0,1,8,6,4.6667,4.6667,0,-30.3333,-39.6666,0
0,1,8,5,4.6667,4.6667,0,-30.3333,-44.3334,0
0,1,8,4,4.6666,4.6667,0,-30.3333,-49,0
0,1,9,4,4.6666,4.6667,0,-25.6666,-49,0
0,1,10,4,4.6666,4.6666,0,-21,-49,0
0,1,10,5,4.6667,4.6666,0,-21,-44.3334,0
0,1,10,6,4.6667,4.6666,0,-21,-39.6666,0
0,1,9,6,4.6667,4.6667,0,-25.6666,-39.6666,0
0,0,10,5,4.6667,4.6666,0,-21,-44.3334,0
0,1,9,6,4.6667,4.6667,0,-25.6666,-39.6666,0
0,1,9,5,4.6667,4.6667,0,-25.6666,-44.3334,0
0,1,9,4,4.6666,4.6667,0,-25.6666,-49,0
0,1,10,4,4.6666,4.6666,0,-21,-49,0
0,1,11,4,4.6666,4.6667,0,-16.3334,-49,0
0,1,11,5,4.6667,4.6667,0,-16.3334,-44.3334,0
0,1,11,6,4.6667,4.6667,0,-16.3334,-39.6666,0
0,1,10,6,4.6667,4.6666,0,-21,-39.6666,0
0,0,11,5,4.6667,4.6667,0,-16.3334,-44.3334,0
0,1,10,6,4.6667,4.6666,0,-21,-39.6666,0
0,1,10,5,4.6667,4.6666,0,-21,-44.3334,0
0,1,10,4,4.6666,4.6666,0,-21,-49,0
0,1,11,4,4.6666,4.6667,0,-16.3334,-49,0
0,1,12,4,4.6666,4.66667,0,-11.6667,-49,0
0,1,12,5,4.6667,4.66667,0,-11.6667,-44.3334,0
0,1,12,6,4.6667,4.66667,0,-11.6667,-39.6666,0
0,1,11,6,4.6667,4.6667,0,-16.3334,-39.6666,0
0,0,12,5,4.6667,4.66667,0,-11.6667,-44.3334,0
0,1,11,6,4.6667,4.6667,0,-16.3334,-39.6666,0
0,1,11,5,4.6667,4.6667,0,-16.3334,-44.3334,0
0,1,11,4,4.6666,4.6667,0,-16.3334,-49,0
0,1,12,4,4.6666,4.66667,0,-11.6667,-49,0
0,1,13,4,4.6666,4.66667,0,-7,-49,0
0,1,13,5,4.6667,4.66667,0,-7,-44.3334,0
0,1,13,6,4.6667,4.66667,0,-7,-39.6666,0
0,1,12,6,4.6667,4.66667,0,-11.6667,-39.6666,0
0,0,13,5,4.6667,4.66667,0,-7,-44.3334,0
0,1,12,6,4.6667,4.66667,0,-11.6667,-39.6666,0
0,1,12,5,4.6667,4.66667,0,-11.6667,-44.3334,0
0,1,12,4,4.6666,4.66667,0,-11.6667,-49,0
0,1,13,4,4.6666,4.66667,0,-7,-49,0
0,1,14,4,4.6666,4.66666,0,-2.33333,-49,0
0,1,14,5,4.6667,4.66666,0,-2.33333,-44.3334,0
0,1,14,6,4.6667,4.66666,0,-2.33333,-39.6666,0
0,1,13,6,4.6667,4.66667,0,-7,-39.6666,0
0,0,14,5,4.6667,4.66666,0,-2.33333,-44.3334,0
0,1,13,6,4.6667,4.66667,0,-7,-39.6666,0
0,1,13,5,4.6667,4.66667,0,-7,-44.3334,0
0,1,13,4,4.6666,4.66667,0,-7,-49,0
0,1,14,4,4.6666,4.66666,0,-2.33333,-49,0
0,1,15,4,4.6666,4.66667,0,2.33334,-49,0
0,1,15,5,4.6667,4.66667,0,2.33334,-44.3334,0
0,1,15,6,4.6667,4.66667,0,2.33334,-39.6666,0
0,1,14,6,4.6667,4.66666,0,-2.33333,-39.6666,0
0,0,15,5,4.6667,4.66667,0,2.33334,-44.3334,0
0,1,14,6,4.6667,4.66666,0,-2.33333,-39.6666,0
0,1,14,5,4.6667,4.66666,0,-2.33333,-44.3334,0
0,1,14,4,4.6666,4.66666,0,-2.33333,-49,0
0,1,15,4,4.6666,4.66667,0,2.33334,-49,0
0,1,16,4,4.6666,4.66667,0,7,-49,0
0,1,16,5,4.6667,4.66667,0,7,-44.3334,0
0,1,16,6,4.6667,4.66667,0,7,-39.6666,0
0,1,15,6,4.6667,4.66667,0,2.33334,-39.6666,0
0,0,16,5,4.6667,4.66667,0,7,-44.3334,0
0,1,15,6,4.6667,4.66667,0,2.33334,-39.6666,0
0,1,15,5,4.6667,4.66667,0,2.33334,-44.3334,0
0,1,15,4,4.6666,4.66667,0,2.33334,-49,0
0,1,16,4,4.6666,4.66667,0,7,-49,0
0,1,17,4,4.6666,4.66666,0,11.6667,-49,0
0,1,17,5,4.6667,4.66666,0,11.6667,-44.3334,0
1,1,0,0,0,0,0,0,0,0
0,1,16,6,4.6667,4.66667,0,7,-39.6666,0
0,0,17,5,4.6667,4.66666,0,11.6667,-44.3334,0
0,1,16,6,4.6667,4.66667,0,7,-39.6666,0
0,1,16,5,4.6667,4.66667,0,7,-44.3334,0
0,1,16,4,4.6666,4.66667,0,7,-49,0
0,1,17,4,4.6666,4.66666,0,11.6667,-49,0
0,1,18,4,4.6666,4.6667,0,16.3334,-49,0
1,1,0,0,0,0,0,0,0,0
1,1,0,0,0,0,0,0,0,0
1,1,0,0,0,0,0,0,0,0
1,0,0,0,0,0,0,0,0,0
1,0,0,0,0,0,0,0,0,0
0,0,20,5,4.6667,4.6667,0,25.6666,-44.3334,0
1,1,0,0,0,0,0,0,0,0
1,1,0,0,0,0,0,0,0,0
0,1,19,4,4.6666,4.6666,0,21,-49,0
0,1,20,4,4.6666,4.6667,0,25.6666,-49,0
0,1,21,4,4.6666,4.6667,0,30.3333,-49,0
0,1,21,5,4.6667,4.6667,0,30.3333,-44.3334,0
1,1,0,0,0,0,0,0,0,0
1,1,0,0,0,0,0,0,0,0
0,0,21,5,4.6667,4.6667,0,30.3333,-44.3334,0
1,1,0,0,0,0,0,0,0,0
0,1,20,5,4.6667,4.6667,0,25.6666,-44.3334,0
0,1,20,4,4.6666,4.6667,0,25.6666,-49,0
0,1,21,4,4.6666,4.6667,0,30.3333,-49,0
0,1,22,4,4.6666,4.6666,0,35,-49,0
0,1,22,5,4.6667,4.6666,0,35,-44.3334,0
1,1,0,0,0,0,0,0,0,0
1,1,0,0,0,0,0,0,0,0
0,0,22,5,4.6667,4.6666,0,35,-44.3334,0
1,1,0,0,0,0,0,0,0,0
0,1,21,5,4.6667,4.6667,0,30.3333,-44.3334,0
0,1,21,4,4.6666,4.6667,0,30.3333,-49,0
0,1,22,4,4.6666,4.6666,0,35,-49,0
0,1,23,4,4.6666,4.6667,0,39.6666,-49,0
0,1,23,5,4.6667,4.6667,0,39.6666,-44.3334,0
0,1,23,6,4.6667,4.6667,0,39.6666,-39.6666,0
1,1,0,0,0,0,0,0,0,0
0,0,23,5,4.6667,4.6667,0,39.6666,-44.3334,0
1,1,0,0,0,0,0,0,0,0
0,1,22,5,4.6667,4.6666,0,35,-44.3334,0
0,1,22,4,4.6666,4.6666,0,35,-49,0
0,1,23,4,4.6666,4.6667,0,39.6666,-49,0
0,1,24,4,4.6666,4.6667,0,44.3334,-49,0
0,1,24,5,4.6667,4.6667,0,44.3334,-44.3334,0
0,1,24,6,4.6667,4.6667,0,44.3334,-39.6666,0
0,1,23,6,4.6667,4.6667,0,39.6666,-39.6666,0
0,0,24,5,4.6667,4.6667,0,44.3334,-44.3334,0
0,1,23,6,4.6667,4.6667,0,39.6666,-39.6666,0
0,1,23,5,4.6667,4.6667,0,39.6666,-44.3334,0
0,1,23,4,4.6666,4.6667,0,39.6666,-49,0
0,1,24,4,4.6666,4.6667,0,44.3334,-49,0
0,1,25,4,4.6666,4.6666,0,49,-49,0
0,1,25,5,4.6667,4.6666,0,49,-44.3334,0
0,1,25,6,4.6667,4.6666,0,49,-39.6666,0
0,1,24,6,4.6667,4.6667,0,44.3334,-39.6666,0
0,0,25,5,4.6667,4.6666,0,49,-44.3334,0
0,1,24,6,4.6667,4.6667,0,44.3334,-39.6666,0
0,1,24,5,4.6667,4.6667,0,44.3334,-44.3334,0
0,1,24,4,4.6666,4.6667,0,44.3334,-49,0
0,1,25,4,4.6666,4.6666,0,49,-49,0
0,1,26,4,4.6666,4.6667,0,53.6666,-49,0
0,1,26,5,4.6667,4.6667,0,53.6666,-44.3334,0
0,1,26,6,4.6667,4.6667,0,53.6666,-39.6666,0
0,1,25,6,4.6667,4.6666,0,49,-39.6666,0
0,0,26,5,4.6667,4.6667,0,53.6666,-44.3334,0
0,1,25,6,4.6667,4.6666,0,49,-39.6666,0
0,1,25,5,4.6667,4.6666,0,49,-44.3334,0
0,1,25,4,4.6666,4.6666,0,49,-49,0
0,1,26,4,4.6666,4.6667,0,53.6666,-49,0
0,1,27,4,4.6666,4.6667,0,58.3334,-49,0
0,1,27,5,4.6667,4.6667,0,58.3334,-44.3334,0
0,1,27,6,4.6667,4.6667,0,58.3334,-39.6666,0
0,1,26,6,4.6667,4.6667,0,53.6666,-39.6666,0
0,0,27,5,4.6667,4.6667,0,58.3334,-44.3334,0
0,1,26,6,4.6667,4.6667,0,53.6666,-39.6666,0
0,1,26,5,4.6667,4.6667,0,53.6666,-44.3334,0
0,1,26,4,4.6666,4.6667,0,53.6666,-49,0
0,1,27,4,4.6666,4.6667,0,58.3334,-49,0
0,1,28,4,4.6666,4.6666,0,63,-49,0
0,1,28,5,4.6667,4.6666,0,63,-44.3334,0
0,1,28,6,4.6667,4.6666,0,63,-39.6666,0
0,1,27,6,4.6667,4.6667,0,58.3334,-39.6666,0
0,0,28,5,4.6667,4.6666,0,63,-44.3334,0
0,1,27,6,4.6667,4.6667,0,58.3334,-39.6666,0
0,1,27,5,4.6667,4.6667,0,58.3334,-44.3334,0
0,1,27,4,4.6666,4.6667,0,58.3334,-49,0
0,1,28,4,4.6666,4.6666,0,63,-49,0
0,1,29,4,4.6666,4.6667,0,67.6666,-49,0
0,1,29,5,4.6667,4.6667,0,67.6666,-44.3334,0
0,1,29,6,4.6667,4.6667,0,67.6666,-39.6666,0
0,1,28,6,4.6667,4.6666,0,63,-39.6666,0
0,0,29,5,4.6667,4.6667,0,67.6666,-44.3334,0
0,1,28,6,4.6667,4.6666,0,63,-39.6666,0
0,1,28,5,4.6667,4.6666,0,63,-44.3334,0
0,1,28,4,4.6666,4.6666,0,63,-49,0
0,1,29,4,4.6666,4.6667,0,67.6666,-49,0
1,1,0,0,0,0,0,0,0,0
1,1,0,0,0,0,0,0,0,0
1,1,0,0,0,0,0,0,0,0
0,1,29,6,4.6667,4.6667,0,67.6666,-39.6666,0
0,0,0,6,4.6667,4.6667,0,-67.6666,-39.6666,0
1,1,0,0,0,0,0,0,0,0
1,1,0,0,0,0,0,0,0,0
1,1,0,0,0,0,0,0,0,0
0,1,0,5,4.6667,4.6667,0,-67.6666,-44.3334,0
0,1,1,5,4.6667,4.6666,0,-63,-44.3334,0
0,1,1,6,4.6667,4.6666,0,-63,-39.6666,0
0,1,1,7,4.6666,4.6666,0,-63,-35,0
0,1,0,7,4.6666,4.6667,0,-67.6666,-35,0
0,0,1,6,4.6667,4.6666,0,-63,-39.6666,0
0,1,0,7,4.6666,4.6667,0,-67.6666,-35,0
0,1,0,6,4.6667,4.6667,0,-67.6666,-39.6666,0
0,1,0,5,4.6667,4.6667,0,-67.6666,-44.3334,0
0,1,1,5,4.6667,4.6666,0,-63,-44.3334,0
0,1,2,5,4.6667,4.6667,0,-58.3334,-44.3334,0
0,1,2,6,4.6667,4.6667,0,-58.3334,-39.6666,0
0,1,2,7,4.6666,4.6667,0,-58.3334,-35,0
0,1,1,7,4.6666,4.6666,0,-63,-35,0
0,0,2,6,4.6667,4.6667,0,-58.3334,-39.6666,0
0,1,1,7,4.6666,4.6666,0,-63,-35,0
0,1,1,6,4.6667,4.6666,0,-63,-39.6666,0
0,1,1,5,4.6667,4.6666,0,-63,-44.3334,0
0,1,2,5,4.6667,4.6667,0,-58.3334,-44.3334,0
0,1,3,5,4.6667,4.6667,0,-53.6666,-44.3334,0
0,1,3,6,4.6667,4.6667,0,-53.6666,-39.6666,0
0,1,3,7,4.6666,4.6667,0,-53.6666,-35,0
0,1,2,7,4.6666,4.6667,0,-58.3334,-35,0
0,0,3,6,4.6667,4.6667,0,-53.6666,-39.6666,0
0,1,2,7,4.6666,4.6667,0,-58.3334,-35,0
0,1,2,6,4.6667,4.6667,0,-58.3334,-39.6666,0
0,1,2,5,4.6667,4.6667,0,-58.3334,-44.3334,0
0,1,3,5,4.6667,4.6667,0,-53.6666,-44.3334,0
0,1,4,5,4.6667,4.6666,0,-49,-44.3334,0
0,1,4,6,4.6667,4.6666,0,-49,-39.6666,0
0,1,4,7,4.6666,4.6666,0,-49,-35,0
0,1,3,7,4.6666,4.6667,0,-53.6666,-35,0
0,0,4,6,4.6667,4.6666,0,-49,-39.6666,0
0,1,3,7,4.6666,4.6667,0,-53.6666,-35,0
0,1,3,6,4.6667,4.6667,0,-53.6666,-39.6666,0
0,1,3,5,4.6667,4.6667,0,-53.6666,-44.3334,0
0,1,4,5,4.6667,4.6666,0,-49,-44.3334,0
0,1,5,5,4.6667,4.6667,0,-44.3334,-44.3334,0
0,1,5,6,4.6667,4.6667,0,-44.3334,-39.6666,0
0,1,5,7,4.6666,4.6667,0,-44.3334,-35,0
0,1,4,7,4.6666,4.6666,0,-49,-35,0
0,0,5,6,4.6667,4.6667,0,-44.3334,-39.6666,0
0,1,4,7,4.6666,4.6666,0,-49,-35,0
0,1,4,6,4.6667,4.6666,0,-49,-39.6666,0
0,1,4,5,4.6667,4.6666,0,-49,-44.3334,0
0,1,5,5,4.6667,4.6667,0,-44.3334,-44.3334,0
0,1,6,5,4.6667,4.6667,0,-39.6666,-44.3334,0
0,1,6,6,4.6667,4.6667,0,-39.6666,-39.6666,0
0,1,6,7,4.6666,4.6667,0,-39.6666,-35,0
0,1,5,7,4.6666,4.6667,0,-44.3334,-35,0
0,0,6,6,4.6667,4.6667,0,-39.6666,-39.6666,0
0,1,5,7,4.6666,4.6667,0,-44.3334,-35,0
0,1,5,6,4.6667,4.6667,0,-44.3334,-39.6666,0
0,1,5,5,4.6667,4.6667,0,-44.3334,-44.3334,0
0,1,6,5,4.6667,4.6667,0,-39.6666,-44.3334,0
0,1,7,5,4.6667,4.6666,0,-35,-44.3334,0
0,1,7,6,4.6667,4.6666,0,-35,-39.6666,0
0,1,7,7,4.6666,4.6666,0,-35,-35,0
0,1,6,7,4.6666,4.6667,0,-39.6666,-35,0
0,0,7,6,4.6667,4.6666,0,-35,-39.6666,0
0,1,6,7,4.6666,4.6667,0,-39.6666,-35,0
0,1,6,6,4.6667,4.6667,0,-39.6666,-39.6666,0
0,1,6,5,4.6667,4.6667,0,-39.6666,-44.3334,0
0,1,7,5,4.6667,4.6666,0,-35,-44.3334,0
0,1,8,5,4.6667,4.6667,0,-30.3333,-44.3334,0
0,1,8,6,4.6667,4.6667,0,-30.3333,-39.6666,0
0,1,8,7,4.6666,4.6667,0,-30.3333,-35,0
0,1,7,7,4.6666,4.6666,0,-35,-35,0
0,0,8,6,4.6667,4.6667,0,-30.3333,-39.6666,0
0,1,7,7,4.6666,4.6666,0,-35,-35,0
0,1,7,6,4.6667,4.6666,0,-35,-39.6666,0
0,1,7,5,4.6667,4.6666,0,-35,-44.3334,0
0,1,8,5,4.6667,4.6667,0,-30.3333,-44.3334,0
0,1,9,5,4.6667,4.6667,0,-25.6666,-44.3334,0
0,1,9,6,4.6667,4.6667,0,-25.6666,-39.6666,0
0,1,9,7,4.6666,4.6667,0,-25.6666,-35,0
0,1,8,7,4.6666,4.6667,0,-30.3333,-35,0
0,0,9,6,4.6667,4.6667,0,-25.6666,-39.6666,0
0,1,8,7,4.6666,4.6667,0,-30.3333,-35,0
0,1,8,6,4.6667,4.6667,0,-30.3333,-39.6666,0
0,1,8,5,4.6667,4.6667,0,-30.3333,-44.3334,0
0,1,9,5,4.6667,4.6667,0,-25.6666,-44.3334,0
0,1,10,5,4.6667,4.6666,0,-21,-44.3334,0
0,1,10,6,4.6667,4.6666,0,-21,-39.6666,0
0,1,10,7,4.6666,4.6666,0,-21,-35,0
0,1,9,7,4.6666,4.6667,0,-25.6666,-35,0
0,0,10,6,4.6667,4.6666,0,-21,-39.6666,0
0,1,9,7,4.6666,4.6667,0,-25.6666,-35,0
0,1,9,6,4.6667,4.6667,0,-25.6666,-39.6666,0
0,1,9,5,4.6667,4.6667,0,-25.6666,-44.3334,0
0,1,10,5,4.6667,4.6666,0,-21,-44.3334,0
0,1,11,5,4.6667,4.6667,0,-16.3334,-44.3334,0
0,1,11,6,4.6667,4.6667,0,-16.3334,-39.6666,0
0,1,11,7,4.6666,4.6667,0,-16.3334,-35,0
0,1,10,7,4.6666,4.6666,0,-21,-35,0
0,0,11,6,4.6667,4.6667,0,-16.3334,-39.6666,0
0,1,10,7,4.6666,4.6666,0,-21,-35,0
0,1,10,6,4.6667,4.6666,0,-21,-39.6666,0
0,1,10,5,4.6667,4.6666,0,-21,-44.3334,0
0,1,11,5,4.6667,4.6667,0,-16.3334,-44.3334,0
0,1,12,5,4.6667,4.66667,0,-11.6667,-44.3334,0
0,1,12,6,4.6667,4.66667,0,-11.6667,-39.6666,0
0,1,12,7,4.6666,4.66667,0,-11.6667,-35,0
0,1,11,7,4.6666,4.6667,0,-16.3334,-35,0
0,0,12,6,4.6667,4.66667,0,-11.6667,-39.6666,0
0,1,11,7,4.6666,4.6667,0,-16.3334,-35,0
0,1,11,6,4.6667,4.6667,0,-16.3334,-39.6666,0
0,1,11,5,4.6667,4.6667,0,-16.3334,-44.3334,0
0,1,12,5,4.6667,4.66667,0,-11.6667,-44.3334,0
0,1,13,5,4.6667,4.66667,0,-7,-44.3334,0
0,1,13,6,4.6667,4.66667,0,-7,-39.6666,0
0,1,13,7,4.6666,4.66667,0,-7,-35,0
0,1,12,7,4.6666,4.66667,0,-11.6667,-35,0
0,0,13,6,4.6667,4.66667,0,-7,-39.6666,0
0,1,12,7,4.6666,4.66667,0,-11.6667,-35,0
0,1,12,6,4.6667,4.66667,0,-11.6667,-39.6666,0
0,1,12,5,4.6667,4.66667,0,-11.6667,-44.3334,0
0,1,13,5,4.6667,4.66667,0,-7,-44.3334,0
0,1,14,5,4.6667,4.66666,0,-2.33333,-44.3334,0
0,1,14,6,4.6667,4.66666,0,-2.33333,-39.6666,0
0,1,14,7,4.6666,4.66666,0,-2.33333,-35,0
0,1,13,7,4.6666,4.66667,0,-7,-35,0
0,0,14,6,4.6667,4.66666,0,-2.33333,-39.6666,0
0,1,13,7,4.6666,4.66667,0,-7,-35,0
0,1,13,6,4.6667,4.66667,0,-7,-39.6666,0
0,1,13,5,4.6667,4.66667,0,-7,-44.3334,0
0,1,14,5,4.6667,4.66666,0,-2.33333,-44.3334,0
0,1,15,5,4.6667,4.66667,0,2.33334,-44.3334,0
0,1,15,6,4.6667,4.66667,0,2.33334,-39.6666,0
0,1,15,7,4.6666,4.66667,0,2.33334,-35,0
0,1,14,7,4.6666,4.66666,0,-2.33333,-35,0
0,0,15,6,4.6667,4.66667,0,2.33334,-39.6666,0
0,1,14,7,4.6666,4.66666,0,-2.33333,-35,0
0,1,14,6,4.6667,4.66666,0,-2.33333,-39.6666,0
0,1,14,5,4.6667,4.66666,0,-2.33333,-44.3334,0
0,1,15,5,4.6667,4.66667,0,2.33334,-44.3334,0
0,1,16,5,4.6667,4.66667,0,7,-44.3334,0
0,1,16,6,4.6667,4.66667,0,7,-39.6666,0
0,1,16,7,4.6666,4.66667,0,7,-35,0
0,1,15,7,4.6666,4.66667,0,2.33334,-35,0
0,0,16,6,4.6667,4.66667,0,7,-39.6666,0
0,1,15,7,4.6666,4.66667,0,2.33334,-35,0
0,1,15,6,4.6667,4.66667,0,2.33334,-39.6666,0
0,1,15,5,4.6667,4.66667,0,2.33334,-44.3334,0
0,1,16,5,4.6667,4.66667,0,7,-44.3334,0
0,1,17,5,4.6667,4.66666,0,11.6667,-44.3334,0
1,1,0,0,0,0,0,0,0,0
1,1,0,0,0,0,0,0,0,0
0,1,16,7,4.6666,4.66667,0,7,-35,0
1,0,0,0,0,0,0,0,0,0
1,0,0,0,0,0,0,0,0,0
1,0,0,0,0,0,0,0,0,0
1,0,0,0,0,0,0,0,0,0
1,0,0,0,0,0,0,0,0,0
1,0,0,0,0,0,0,0,0,0
0,0,23,6,4.6667,4.6667,0,39.6666,-39.6666,0
1,1,0,0,0,0,0,0,0,0
1,1,0,0,0,0,0,0,0,0
0,1,22,5,4.6667,4.6666,0,35,-44.3334,0
0,1,23,5,4.6667,4.6667,0,39.6666,-44.3334,0
0,1,24,5,4.6667,4.6667,0,44.3334,-44.3334,0
0,1,24,6,4.6667,4.6667,0,44.3334,-39.6666,0
0,1,24,7,4.6666,4.6667,0,44.3334,-35,0
0,1,23,7,4.6666,4.6667,0,39.6666,-35,0
0,0,24,6,4.6667,4.6667,0,44.3334,-39.6666,0
0,1,23,7,4.6666,4.6667,0,39.6666,-35,0
0,1,23,6,4.6667,4.6667,0,39.6666,-39.6666,0
0,1,23,5,4.6667,4.6667,0,39.6666,-44.3334,0
0,1,24,5,4.6667,4.6667,0,44.3334,-44.3334,0
0,1,25,5,4.6667,4.6666,0,49,-44.3334,0
0,1,25,6,4.6667,4.6666,0,49,-39.6666,0
0,1,25,7,4.6666,4.6666,0,49,-35,0
0,1,24,7,4.6666,4.6667,0,44.3334,-35,0
0,0,25,6,4.6667,4.6666,0,49,-39.6666,0
0,1,24,7,4.6666,4.6667,0,44.3334,-35,0
0,1,24,6,4.6667,4.6667,0,44.3334,-39.6666,0
0,1,24,5,4.6667,4.6667,0,44.3334,-44.3334,0
0,1,25,5,4.6667,4.6666,0,49,-44.3334,0
0,1,26,5,4.6667,4.6667,0,53.6666,-44.3334,0
0,1,26,6,4.6667,4.6667,0,53.6666,-39.6666,0
0,1,26,7,4.6666,4.6667,0,53.6666,-35,0
0,1,25,7,4.6666,4.6666,0,49,-35,0
0,0,26,6,4.6667,4.6667,0,53.6666,-39.6666,0
0,1,25,7,4.6666,4.6666,0,49,-35,0
0,1,25,6,4.6667,4.6666,0,49,-39.6666,0
0,1,25,5,4.6667,4.6666,0,49,-44.3334,0
0,1,26,5,4.6667,4.6667,0,53.6666,-44.3334,0
0,1,27,5,4.6667,4.6667,0,58.3334,-44.3334,0
0,1,27,6,4.6667,4.6667,0,58.3334,-39.6666,0
0,1,27,7,4.6666,4.6667,0,58.3334,-35,0
0,1,26,7,4.6666,4.6667,0,53.6666,-35,0
0,0,27,6,4.6667,4.6667,0,58.3334,-39.6666,0
0,1,26,7,4.6666,4.6667,0,53.6666,-35,0
0,1,26,6,4.6667,4.6667,0,53.6666,-39.6666,0
0,1,26,5,4.6667,4.6667,0,53.6666,-44.3334,0
0,1,27,5,4.6667,4.6667,0,58.3334,-44.3334,0
0,1,28,5,4.6667,4.6666,0,63,-44.3334,0
0,1,28,6,4.6667,4.6666,0,63,-39.6666,0
0,1,28,7,4.6666,4.6666,0,63,-35,0
0,1,27,7,4.6666,4.6667,0,58.3334,-35,0
0,0,28,6,4.6667,4.6666,0,63,-39.6666,0
0,1,27,7,4.6666,4.6667,0,58.3334,-35,0
0,1,27,6,4.6667,4.6667,0,58.3334,-39.6666,0
0,1,27,5,4.6667,4.6667,0,58.3334,-44.3334,0
0,1,28,5,4.6667,4.6666,0,63,-44.3334,0
0,1,29,5,4.6667,4.6667,0,67.6666,-44.3334,0
0,1,29,6,4.6667,4.6667,0,67.6666,-39.6666,0
0,1,29,7,4.6666,4.6667,0,67.6666,-35,0
0,1,28,7,4.6666,4.6666,0,63,-35,0
0,0,29,6,4.6667,4.6667,0,67.6666,-39.6666,0
0,1,28,7,4.6666,4.6666,0,63,-35,0
0,1,28,6,4.6667,4.6666,0,63,-39.6666,0
0,1,28,5,4.6667,4.6666,0,63,-44.3334,0
0,1,29,5,4.6667,4.6667,0,67.6666,-44.3334,0
1,1,0,0,0,0,0,0,0,0
1,1,0,0,0,0,0,0,0,0
1,1,0,0,0,0,0,0,0,0
0,1,29,7,4.6666,4.6667,0,67.6666,-35,0
0,0,0,7,4.6666,4.6667,0,-67.6666,-35,0
1,1,0,0,0,0,0,0,0,0
1,1,0,0,0,0,0,0,0,0
1,1,0,0,0,0,0,0,0,0
0,1,0,6,4.6667,4.6667,0,-67.6666,-39.6666,0
0,1,1,6,4.6667,4.6666,0,-63,-39.6666,0
0,1,1,7,4.6666,4.6666,0,-63,-35,0
0,1,1,8,4.6667,4.6666,0,-63,-30.3333,0
0,1,0,8,4.6667,4.6667,0,-67.6666,-30.3333,0
0,0,1,7,4.6666,4.6666,0,-63,-35,0
0,1,0,8,4.6667,4.6667,0,-67.6666,-30.3333,0
0,1,0,7,4.6666,4.6667,0,-67.6666,-35,0
0,1,0,6,4.6667,4.6667,0,-67.6666,-39.6666,0
0,1,1,6,4.6667,4.6666,0,-63,-39.6666,0
0,1,2,6,4.6667,4.6667,0,-58.3334,-39.6666,0
0,1,2,7,4.6666,4.6667,0,-58.3334,-35,0
0,1,2,8,4.6667,4.6667,0,-58.3334,-30.3333,0
0,1,1,8,4.6667,4.6666,0,-63,-30.3333,0
0,0,2,7,4.6666,4.6667,0,-58.3334,-35,0
0,1,1,8,4.6667,4.6666,0,-63,-30.3333,0
0,1,1,7,4.6666,4.6666,0,-63,-35,0
0,1,1,6,4.6667,4.6666,0,-63,-39.6666,0
0,1,2,6,4.6667,4.6667,0,-58.3334,-39.6666,0
0,1,3,6,4.6667,4.6667,0,-53.6666,-39.6666,0
0,1,3,7,4.6666,4.6667,0,-53.6666,-35,0
0,1,3,8,4.6667,4.6667,0,-53.6666,-30.3333,0
0,1,2,8,4.6667,4.6667,0,-58.3334,-30.3333,0
0,0,3,7,4.6666,4.6667,0,-53.6666,-35,0
0,1,2,8,4.6667,4.6667,0,-58.3334,-30.3333,0
0,1,2,7,4.6666,4.6667,0,-58.3334,-35,0
0,1,2,6,4.6667,4.6667,0,-58.3334,-39.6666,0
0,1,3,6,4.6667,4.6667,0,-53.6666,-39.6666,0
0,1,4,6,4.6667,4.6666,0,-49,-39.6666,0
0,1,4,7,4.6666,4.6666,0,-49,-35,0
0,1,4,8,4.6667,4.6666,0,-49,-30.3333,0
0,1,3,8,4.6667,4.6667,0,-53.6666,-30.3333,0
0,0,4,7,4.6666,4.6666,0,-49,-35,0
0,1,3,8,4.6667,4.6667,0,-53.6666,-30.3333,0
0,1,3,7,4.6666,4.6667,0,-53.6666,-35,0
0,1,3,6,4.6667,4.6667,0,-53.6666,-39.6666,0
0,1,4,6,4.6667,4.6666,0,-49,-39.6666,0
0,1,5,6,4.6667,4.6667,0,-44.3334,-39.6666,0
0,1,5,7,4.6666,4.6667,0,-44.3334,-35,0
0,1,5,8,4.6667,4.6667,0,-44.3334,-30.3333,0
0,1,4,8,4.6667,4.6666,0,-49,-30.3333,0
0,0,5,7,4.6666,4.6667,0,-44.3334,-35,0
0,1,4,8,4.6667,4.6666,0,-49,-30.3333,0
0,1,4,7,4.6666,4.6666,0,-49,-35,0
0,1,4,6,4.6667,4.6666,0,-49,-39.6666,0
0,1,5,6,4.6667,4.6667,0,-44.3334,-39.6666,0
0,1,6,6,4.6667,4.6667,0,-39.6666,-39.6666,0
0,1,6,7,4.6666,4.6667,0,-39.6666,-35,0
0,1,6,8,4.6667,4.6667,0,-39.6666,-30.3333,0
0,1,5,8,4.6667,4.6667,0,-44.3334,-30.3333,0
0,0,6,7,4.6666,4.6667,0,-39.6666,-35,0
0,1,5,8,4.6667,4.6667,0,-44.3334,-30.3333,0
0,1,5,7,4.6666,4.6667,0,-44.3334,-35,0
0,1,5,6,4.6667,4.6667,0,-44.3334,-39.6666,0
0,1,6,6,4.6667,4.6667,0,-39.6666,-39.6666,0
0,1,7,6,4.6667,4.6666,0,-35,-39.6666,0
0,1,7,7,4.6666,4.6666,0,-35,-35,0
0,1,7,8,4.6667,4.6666,0,-35,-30.3333,0
0,1,6,8,4.6667,4.6667,0,-39.6666,-30.3333,0
0,0,7,7,4.6666,4.6666,0,-35,-35,0
0,1,6,8,4.6667,4.6667,0,-39.6666,-30.3333,0
0,1,6,7,4.6666,4.6667,0,-39.6666,-35,0
0,1,6,6,4.6667,4.6667,0,-39.6666,-39.6666,0
0,1,7,6,4.6667,4.6666,0,-35,-39.6666,0
0,1,8,6,4.6667,4.6667,0,-30.3333,-39.6666,0
0,1,8,7,4.6666,4.6667,0,-30.3333,-35,0
0,1,8,8,4.6667,4.6667,0,-30.3333,-30.3333,0
0,1,7,8,4.6667,4.6666,0,-35,-30.3333,0
0,0,8,7,4.6666,4.6667,0,-30.3333,-35,0
0,1,7,8,4.6667,4.6666,0,-35,-30.3333,0
0,1,7,7,4.6666,4.6666,0,-35,-35,0
0,1,7,6,4.6667,4.6666,0,-35,-39.6666,0
0,1,8,6,4.6667,4.6667,0,-30.3333,-39.6666,0
0,1,9,6,4.6667,4.6667,0,-25.6666,-39.6666,0
0,1,9,7,4.6666,4.6667,0,-25.6666,-35,0
0,1,9,8,4.6667,4.6667,0,-25.6666,-30.3333,0
0,1,8,8,4.6667,4.6667,0,-30.3333,-30.3333,0
0,0,9,7,4.6666,4.6667,0,-25.6666,-35,0
0,1,8,8,4.6667,4.6667,0,-30.3333,-30.3333,0
0,1,8,7,4.6666,4.6667,0,-30.3333,-35,0
0,1,8,6,4.6667,4.6667,0,-30.3333,-39.6666,0
0,1,9,6,4.6667,4.6667,0,-25.6666,-39.6666,0
0,1,10,6,4.6667,4.6666,0,-21,-39.6666,0
0,1,10,7,4.6666,4.6666,0,-21,-35,0
0,1,10,8,4.6667,4.6666,0,-21,-30.3333,0
0,1,9,8,4.6667,4.6667,0,-25.6666,-30.3333,0
0,0,10,7,4.6666,4.6666,0,-21,-35,0
0,1,9,8,4.6667,4.6667,0,-25.6666,-30.3333,0
0,1,9,7,4.6666,4.6667,0,-25.6666,-35,0
0,1,9,6,4.6667,4.6667,0,-25.6666,-39.6666,0
0,1,10,6,4.6667,4.6666,0,-21,-39.6666,0
0,1,11,6,4.6667,4.6667,0,-16.3334,-39.6666,0
0,1,11,7,4.6666,4.6667,0,-16.3334,-35,0
0,1,11,8,4.6667,4.6667,0,-16.3334,-30.3333,0
0,1,10,8,4.6667,4.6666,0,-21,-30.3333,0
0,0,11,7,4.6666,4.6667,0,-16.3334,-35,0
0,1,10,8,4.6667,4.6666,0,-21,-30.3333,0
0,1,10,7,4.6666,4.6666,0,-21,-35,0
0,1,10,6,4.6667,4.6666,0,-21,-39.6666,0
0,1,11,6,4.6667,4.6667,0,-16.3334,-39.6666,0
0,1,12,6,4.6667,4.66667,0,-11.6667,-39.6666,0
0,1,12,7,4.6666,4.66667,0,-11.6667,-35,0
0,1,12,8,4.6667,4.66667,0,-11.6667,-30.3333,0
0,1,11,8,4.6667,4.6667,0,-16.3334,-30.3333,0
0,0,12,7,4.6666,4.66667,0,-11.6667,-35,0
0,1,11,8,4.6667,4.6667,0,-16.3334,-30.3333,0
0,1,11,7,4.6666,4.6667,0,-16.3334,-35,0
0,1,11,6,4.6667,4.6667,0,-16.3334,-39.6666,0
0,1,12,6,4.6667,4.66667,0,-11.6667,-39.6666,0
0,1,13,6,4.6667,4.66667,0,-7,-39.6666,0
0,1,13,7,4.6666,4.66667,0,-7,-35,0
0,1,13,8,4.6667,4.66667,0,-7,-30.3333,0
0,1,12,8,4.6667,4.66667,0,-11.6667,-30.3333,0
0,0,13,7,4.6666,4.66667,0,-7,-35,0
0,1,12,8,4.6667,4.66667,0,-11.6667,-30.3333,0
0,1,12,7,4.6666,4.66667,0,-11.6667,-35,0
0,1,12,6,4.6667,4.66667,0,-11.6667,-39.6666,0
0,1,13,6,4.6667,4.66667,0,-7,-39.6666,0
0,1,14,6,4.6667,4.66666,0,-2.33333,-39.6666,0
0,1,14,7,4.6666,4.66666,0,-2.33333,-35,0
0,1,14,8,4.6667,4.66666,0,-2.33333,-30.3333,0
0,1,13,8,4.6667,4.66667,0,-7,-30.3333,0
0,0,14,7,4.6666,4.66666,0,-2.33333,-35,0
0,1,13,8,4.6667,4.66667,0,-7,-30.3333,0
0,1,13,7,4.6666,4.66667,0,-7,-35,0
0,1,13,6,4.6667,4.66667,0,-7,-39.6666,0
0,1,14,6,4.6667,4.66666,0,-2.33333,-39.6666,0
0,1,15,6,4.6667,4.66667,0,2.33334,-39.6666,0
0,1,15,7,4.6666,4.66667,0,2.33334,-35,0
0,1,15,8,4.6667,4.66667,0,2.33334,-30.3333,0
0,1,14,8,4.6667,4.66666,0,-2.33333,-30.3333,0
0,0,15,7,4.6666,4.66667,0,2.33334,-35,0
0,1,14,8,4.6667,4.66666,0,-2.33333,-30.3333,0
0,1,14,7,4.6666,4.66666,0,-2.33333,-35,0
0,1,14,6,4.6667,4.66666,0,-2.33333,-39.6666,0
0,1,15,6,4.6667,4.66667,0,2.33334,-39.6666,0
0,1,16,6,4.6667,4.66667,0,7,-39.6666,0
0,1,16,7,4.6666,4.66667,0,7,-35,0
0,1,16,8,4.6667,4.66667,0,7,-30.3333,0
0,1,15,8,4.6667,4.66667,0,2.33334,-30.3333,0
0,0,16,7,4.6666,4.66667,0,7,-35,0
0,1,15,8,4.6667,4.66667,0,2.33334,-30.3333,0
0,1,15,7,4.6666,4.66667,0,2.33334,-35,0
0,1,15,6,4.6667,4.66667,0,2.33334,-39.6666,0
0,1,16,6,4.6667,4.66667,0,7,-39.6666,0
1,1,0,0,0,0,0,0,0,0
1,1,0,0,0,0,0,0,0,0
1,1,0,0,0,0,0,0,0,0
0,1,16,8,4.6667,4.66667,0,7,-30.3333,0
1,0,0,0,0,0,0,0,0,0
1,0,0,0,0,0,0,0,0,0
1,0,0,0,0,0,0,0,0,0
1,0,0,0,0,0,0,0,0,0
1,0,0,0,0,0,0,0,0,0
1,0,0,0,0,0,0,0,0,0
0,0,23,7,4.6666,4.6667,0,39.6666,-35,0
1,1,0,0,0,0,0,0,0,0
1,1,0,0,0,0,0,0,0,0
1,1,0,0,0,0,0,0,0,0
0,1,23,6,4.6667,4.6667,0,39.6666,-39.6666,0
0,1,24,6,4.6667,4.6667,0,44.3334,-39.6666,0
0,1,24,7,4.6666,4.6667,0,44.3334,-35,0
0,1,24,8,4.6667,4.6667,0,44.3334,-30.3333,0
0,1,23,8,4.6667,4.6667,0,39.6666,-30.3333,0
0,0,24,7,4.6666,4.6667,0,44.3334,-35,0
0,1,23,8,4.6667,4.6667,0,39.6666,-30.3333,0
0,1,23,7,4.6666,4.6667,0,39.6666,-35,0
0,1,23,6,4.6667,4.6667,0,39.6666,-39.6666,0
0,1,24,6,4.6667,4.6667,0,44.3334,-39.6666,0
0,1,25,6,4.6667,4.6666,0,49,-39.6666,0
0,1,25,7,4.6666,4.6666,0,49,-35,0
0,1,25,8,4.6667,4.6666,0,49,-30.3333,0
0,1,24,8,4.6667,4.6667,0,44.3334,-30.3333,0
0,0,25,7,4.6666,4.6666,0,49,-35,0
0,1,24,8,4.6667,4.6667,0,44.3334,-30.3333,0
0,1,24,7,4.6666,4.6667,0,44.3334,-35,0
0,1,24,6,4.6667,4.6667,0,44.3334,-39.6666,0
0,1,25,6,4.6667,4.6666,0,49,-39.6666,0
0,1,26,6,4.6667,4.6667,0,53.6666,-39.6666,0
0,1,26,7,4.6666,4.6667,0,53.6666,-35,0
0,1,26,8,4.6667,4.6667,0,53.6666,-30.3333,0
0,1,25,8,4.6667,4.6666,0,49,-30.3333,0
0,0,26,7,4.6666,4.6667,0,53.6666,-35,0
0,1,25,8,4.6667,4.6666,0,49,-30.3333,0
0,1,25,7,4.6666,4.6666,0,49,-35,0
0,1,25,6,4.6667,4.6666,0,49,-39.6666,0
0,1,26,6,4.6667,4.6667,0,53.6666,-39.6666,0
0,1,27,6,4.6667,4.6667,0,58.3334,-39.6666,0
0,1,27,7,4.6666,4.6667,0,58.3334,-35,0
0,1,27,8,4.6667,4.6667,0,58.3334,-30.3333,0
0,1,26,8,4.6667,4.6667,0,53.6666,-30.3333,0
0,0,27,7,4.6666,4.6667,0,58.3334,-35,0
0,1,26,8,4.6667,4.6667,0,53.6666,-30.3333,0
0,1,26,7,4.6666,4.6667,0,53.6666,-35,0
0,1,26,6,4.6667,4.6667,0,53.6666,-39.6666,0
0,1,27,6,4.6667,4.6667,0,58.3334,-39.6666,0
0,1,28,6,4.6667,4.6666,0,63,-39.6666,0
0,1,28,7,4.6666,4.6666,0,63,-35,0
0,1,28,8,4.6667,4.6666,0,63,-30.3333,0
0,1,27,8,4.6667,4.6667,0,58.3334,-30.3333,0
0,0,28,7,4.6666,4.6666,0,63,-35,0
0,1,27,8,4.6667,4.6667,0,58.3334,-30.3333,0
0,1,27,7,4.6666,4.6667,0,58.3334,-35,0
0,1,27,6,4.6667,4.6667,0,58.3334,-39.6666,0
0,1,28,6,4.6667,4.6666,0,63,-39.6666,0
0,1,29,6,4.6667,4.6667,0,67.6666,-39.6666,0
0,1,29,7,4.6666,4.6667,0,67.6666,-35,0
0,1,29,8,4.6667,4.6667,0,67.6666,-30.3333,0
0,1,28,8,4.6667,4.6666,0,63,-30.3333,0
0,0,29,7,4.6666,4.6667,0,67.6666,-35,0
0,1,28,8,4.6667,4.6666,0,63,-30.3333,0
0,1,28,7,4.6666,4.6666,0,63,-35,0
0,1,28,6,4.6667,4.6666,0,63,-39.6666,0
0,1,29,6,4.6667,4.6667,0,67.6666,-39.6666,0
1,1,0,0,0,0,0,0,0,0
1,1,0,0,0,0,0,0,0,0
1,1,0,0,0,0,0,0,0,0
0,1,29,8,4.6667,4.6667,0,67.6666,-30.3333,0
0,0,0,8,4.6667,4.6667,0,-67.6666,-30.3333,0
1,1,0,0,0,0,0,0,0,0
1,1,0,0,0,0,0,0,0,0
1,1,0,0,0,0,0,0,0,0
0,1,0,7,4.6666,4.6667,0,-67.6666,-35,0
0,1,1,7,4.6666,4.6666,0,-63,-35,0
0,1,1,8,4.6667,4.6666,0,-63,-30.3333,0
0,1,1,9,4.6667,4.6666,0,-63,-25.6666,0
0,1,0,9,4.6667,4.6667,0,-67.6666,-25.6666,0
0,0,1,8,4.6667,4.6666,0,-63,-30.3333,0
0,1,0,9,4.6667,4.6667,0,-67.6666,-25.6666,0
0,1,0,8,4.6667,4.6667,0,-67.6666,-30.3333,0
0,1,0,7,4.6666,4.6667,0,-67.6666,-35,0
0,1,1,7,4.6666,4.6666,0,-63,-35,0
0,1,2,7,4.6666,4.6667,0,-58.3334,-35,0
0,1,2,8,4.6667,4.6667,0,-58.3334,-30.3333,0
0,1,2,9,4.6667,4.6667,0,-58.3334,-25.6666,0
0,1,1,9,4.6667,4.6666,0,-63,-25.6666,0
0,0,2,8,4.6667,4.6667,0,-58.3334,-30.3333,0
0,1,1,9,4.6667,4.6666,0,-63,-25.6666,0
0,1,1,8,4.6667,4.6666,0,-63,-30.3333,0
0,1,1,7,4.6666,4.6666,0,-63,-35,0
0,1,2,7,4.6666,4.6667,0,-58.3334,-35,0
0,1,3,7,4.6666,4.6667,0,-53.6666,-35,0
0,1,3,8,4.6667,4.6667,0,-53.6666,-30.3333,0
0,1,3,9,4.6667,4.6667,0,-53.6666,-25.6666,0
0,1,2,9,4.6667,4.6667,0,-58.3334,-25.6666,0
0,0,3,8,4.6667,4.6667,0,-53.6666,-30.3333,0
0,1,2,9,4.6667,4.6667,0,-58.3334,-25.6666,0
0,1,2,8,4.6667,4.6667,0,-58.3334,-30.3333,0
0,1,2,7,4.6666,4.6667,0,-58.3334,-35,0
0,1,3,7,4.6666,4.6667,0,-53.6666,-35,0
0,1,4,7,4.6666,4.6666,0,-49,-35,0
0,1,4,8,4.6667,4.6666,0,-49,-30.3333,0
0,1,4,9,4.6667,4.6666,0,-49,-25.6666,0
0,1,3,9,4.6667,4.6667,0,-53.6666,-25.6666,0
0,0,4,8,4.6667,4.6666,0,-49,-30.3333,0
0,1,3,9,4.6667,4.6667,0,-53.6666,-25.6666,0
0,1,3,8,4.6667,4.6667,0,-53.6666,-30.3333,0
0,1,3,7,4.6666,4.6667,0,-53.6666,-35,0
0,1,4,7,4.6666,4.6666,0,-49,-35,0
0,1,5,7,4.6666,4.6667,0,-44.3334,-35,0
0,1,5,8,4.6667,4.6667,0,-44.3334,-30.3333,0
0,1,5,9,4.6667,4.6667,0,-44.3334,-25.6666,0
0,1,4,9,4.6667,4.6666,0,-49,-25.6666,0
0,0,5,8,4.6667,4.6667,0,-44.3334,-30.3333,0
0,1,4,9,4.6667,4.6666,0,-49,-25.6666,0
0,1,4,8,4.6667,4.6666,0,-49,-30.3333,0
0,1,4,7,4.6666,4.6666,0,-49,-35,0
0,1,5,7,4.6666,4.6667,0,-44.3334,-35,0
0,1,6,7,4.6666,4.6667,0,-39.6666,-35,0
0,1,6,8,4.6667,4.6667,0,-39.6666,-30.3333,0
0,1,6,9,4.6667,4.6667,0,-39.6666,-25.6666,0
0,1,5,9,4.6667,4.6667,0,-44.3334,-25.6666,0
0,0,6,8,4.6667,4.6667,0,-39.6666,-30.3333,0
0,1,5,9,4.6667,4.6667,0,-44.3334,-25.6666,0
0,1,5,8,4.6667,4.6667,0,-44.3334,-30.3333,0
0,1,5,7,4.6666,4.6667,0,-44.3334,-35,0
0,1,6,7,4.6666,4.6667,0,-39.6666,-35,0
0,1,7,7,4.6666,4.6666,0,-35,-35,0
0,1,7,8,4.6667,4.6666,0,-35,-30.3333,0
0,1,7,9,4.6667,4.6666,0,-35,-25.6666,0
0,1,6,9,4.6667,4.6667,0,-39.6666,-25.6666,0
0,0,7,8,4.6667,4.6666,0,-35,-30.3333,0
0,1,6,9,4.6667,4.6667,0,-39.6666,-25.6666,0
0,1,6,8,4.6667,4.6667,0,-39.6666,-30.3333,0
0,1,6,7,4.6666,4.6667,0,-39.6666,-35,0
0,1,7,7,4.6666,4.6666,0,-35,-35,0
0,1,8,7,4.6666,4.6667,0,-30.3333,-35,0
0,1,8,8,4.6667,4.6667,0,-30.3333,-30.3333,0
0,1,8,9,4.6667,4.6667,0,-30.3333,-25.6666,0
0,1,7,9,4.6667,4.6666,0,-35,-25.6666,0
0,0,8,8,4.6667,4.6667,0,-30.3333,-30.3333,0
0,1,7,9,4.6667,4.6666,0,-35,-25.6666,0
0,1,7,8,4.6667,4.6666,0,-35,-30.3333,0
0,1,7,7,4.6666,4.6666,0,-35,-35,0
0,1,8,7,4.6666,4.6667,0,-30.3333,-35,0
0,1,9,7,4.6666,4.6667,0,-25.6666,-35,0
0,1,9,8,4.6667,4.6667,0,-25.6666,-30.3333,0
0,1,9,9,4.6667,4.6667,0,-25.6666,-25.6666,0
0,1,8,9,4.6667,4.6667,0,-30.3333,-25.6666,0
0,0,9,8,4.6667,4.6667,0,-25.6666,-30.3333,0
0,1,8,9,4.6667,4.6667,0,-30.3333,-25.6666,0
0,1,8,8,4.6667,4.6667,0,-30.3333,-30.3333,0
0,1,8,7,4.6666,4.6667,0,-30.3333,-35,0
0,1,9,7,4.6666,4.6667,0,-25.6666,-35,0
0,1,10,7,4.6666,4.6666,0,-21,-35,0
0,1,10,8,4.6667,4.6666,0,-21,-30.3333,0
0,1,10,9,4.6667,4.6666,0,-21,-25.6666,0
0,1,9,9,4.6667,4.6667,0,-25.6666,-25.6666,0
0,0,10,8,4.6667,4.6666,0,-21,-30.3333,0
0,1,9,9,4.6667,4.6667,0,-25.6666,-25.6666,0
0,1,9,8,4.6667,4.6667,0,-25.6666,-30.3333,0
0,1,9,7,4.6666,4.6667,0,-25.6666,-35,0
0,1,10,7,4.6666,4.6666,0,-21,-35,0
0,1,11,7,4.6666,4.6667,0,-16.3334,-35,0
0,1,11,8,4.6667,4.6667,0,-16.3334,-30.3333,0
0,1,11,9,4.6667,4.6667,0,-16.3334,-25.6666,0
0,1,10,9,4.6667,4.6666,0,-21,-25.6666,0
0,0,11,8,4.6667,4.6667,0,-16.3334,-30.3333,0
0,1,10,9,4.6667,4.6666,0,-21,-25.6666,0
0,1,10,8,4.6667,4.6666,0,-21,-30.3333,0
0,1,10,7,4.6666,4.6666,0,-21,-35,0
0,1,11,7,4.6666,4.6667,0,-16.3334,-35,0
0,1,12,7,4.6666,4.66667,0,-11.6667,-35,0
0,1,12,8,4.6667,4.66667,0,-11.6667,-30.3333,0
0,1,12,9,4.6667,4.66667,0,-11.6667,-25.6666,0
0,1,11,9,4.6667,4.6667,0,-16.3334,-25.6666,0
0,0,12,8,4.6667,4.66667,0,-11.6667,-30.3333,0
0,1,11,9,4.6667,4.6667,0,-16.3334,-25.6666,0
0,1,11,8,4.6667,4.6667,0,-16.3334,-30.3333,0
0,1,11,7,4.6666,4.6667,0,-16.3334,-35,0
0,1,12,7,4.6666,4.66667,0,-11.6667,-35,0
0,1,13,7,4.6666,4.66667,0,-7,-35,0
0,1,13,8,4.6667,4.66667,0,-7,-30.3333,0
0,1,13,9,4.6667,4.66667,0,-7,-25.6666,0
0,1,12,9,4.6667,4.66667,0,-11.6667,-25.6666,0
0,0,13,8,4.6667,4.66667,0,-7,-30.3333,0
0,1,12,9,4.6667,4.66667,0,-11.6667,-25.6666,0
0,1,12,8,4.6667,4.66667,0,-11.6667,-30.3333,0
0,1,12,7,4.6666,4.66667,0,-11.6667,-35,0
0,1,13,7,4.6666,4.66667,0,-7,-35,0
0,1,14,7,4.6666,4.66666,0,-2.33333,-35,0
0,1,14,8,4.6667,4.66666,0,-2.33333,-30.3333,0
0,1,14,9,4.6667,4.66666,0,-2.33333,-25.6666,0
0,1,13,9,4.6667,4.66667,0,-7,-25.6666,0
0,0,14,8,4.6667,4.66666,0,-2.33333,-30.3333,0
0,1,13,9,4.6667,4.66667,0,-7,-25.6666,0
0,1,13,8,4.6667,4.66667,0,-7,-30.3333,0
0,1,13,7,4.6666,4.66667,0,-7,-35,0
0,1,14,7,4.6666,4.66666,0,-2.33333,-35,0
0,1,15,7,4.6666,4.66667,0,2.33334,-35,0
0,1,15,8,4.6667,4.66667,0,2.33334,-30.3333,0
0,1,15,9,4.6667,4.66667,0,2.33334,-25.6666,0
0,1,14,9,4.6667,4.66666,0,-2.33333,-25.6666,0
0,0,15,8,4.6667,4.66667,0,2.33334,-30.3333,0
0,1,14,9,4.6667,4.66666,0,-2.33333,-25.6666,0
0,1,14,8,4.6667,4.66666,0,-2.33333,-30.3333,0
0,1,14,7,4.6666,4.66666,0,-2.33333,-35,0
0,1,15,7,4.6666,4.66667,0,2.33334,-35,0
0,1,16,7,4.6666,4.66667,0,7,-35,0
0,1,16,8,4.6667,4.66667,0,7,-30.3333,0
1,1,0,0,0,0,0,0,0,0
0,1,15,9,4.6667,4.66667,0,2.33334,-25.6666,0
0,0,16,8,4.6667,4.66667,0,7,-30.3333,0
0,1,15,9,4.6667,4.66667,0,2.33334,-25.6666,0
0,1,15,8,4.6667,4.66667,0,2.33334,-30.3333,0
0,1,15,7,4.6666,4.66667,0,2.33334,-35,0
0,1,16,7,4.6666,4.66667,0,7,-35,0
1,1,0,0,0,0,0,0,0,0
1,1,0,0,0,0,0,0,0,0
1,1,0,0,0,0,0,0,0,0
1,1,0,0,0,0,0,0,0,0
1,0,0,0,0,0,0,0,0,0
1,0,0,0,0,0,0,0,0,0
1,0,0,0,0,0,0,0,0,0
1,0,0,0,0,0,0,0,0,0
1,0,0,0,0,0,0,0,0,0
1,0,0,0,0,0,0,0,0,0
0,0,23,8,4.6667,4.6667,0,39.6666,-30.3333,0
0,1,22,9,4.6667,4.6666,0,35,-25.6666,0
1,1,0,0,0,0,0,0,0,0
1,1,0,0,0,0,0,0,0,0
0,1,23,7,4.6666,4.6667,0,39.6666,-35,0
0,1,24,7,4.6666,4.6667,0,44.3334,-35,0
0,1,24,8,4.6667,4.6667,0,44.3334,-30.3333,0
0,1,24,9,4.6667,4.6667,0,44.3334,-25.6666,0
0,1,23,9,4.6667,4.6667,0,39.6666,-25.6666,0
0,0,24,8,4.6667,4.6667,0,44.3334,-30.3333,0
0,1,23,9,4.6667,4.6667,0,39.6666,-25.6666,0
0,1,23,8,4.6667,4.6667,0,39.6666,-30.3333,0
0,1,23,7,4.6666,4.6667,0,39.6666,-35,0
0,1,24,7,4.6666,4.6667,0,44.3334,-35,0
0,1,25,7,4.6666,4.6666,0,49,-35,0
0,1,25,8,4.6667,4.6666,0,49,-30.3333,0
0,1,25,9,4.6667,4.6666,0,49,-25.6666,0
0,1,24,9,4.6667,4.6667,0,44.3334,-25.6666,0
0,0,25,8,4.6667,4.6666,0,49,-30.3333,0
0,1,24,9,4.6667,4.6667,0,44.3334,-25.6666,0
0,1,24,8,4.6667,4.6667,0,44.3334,-30.3333,0
0,1,24,7,4.6666,4.6667,0,44.3334,-35,0
0,1,25,7,4.6666,4.6666,0,49,-35,0
0,1,26,7,4.6666,4.6667,0,53.6666,-35,0
0,1,26,8,4.6667,4.6667,0,53.6666,-30.3333,0
0,1,26,9,4.6667,4.6667,0,53.6666,-25.6666,0
0,1,25,9,4.6667,4.6666,0,49,-25.6666,0
0,0,26,8,4.6667,4.6667,0,53.6666,-30.3333,0
0,1,25,9,4.6667,4.6666,0,49,-25.6666,0
0,1,25,8,4.6667,4.6666,0,49,-30.3333,0
0,1,25,7,4.6666,4.6666,0,49,-35,0
0,1,26,7,4.6666,4.6667,0,53.6666,-35,0
0,1,27,7,4.6666,4.6667,0,58.3334,-35,0
0,1,27,8,4.6667,4.6667,0,58.3334,-30.3333,0
0,1,27,9,4.6667,4.6667,0,58.3334,-25.6666,0
0,1,26,9,4.6667,4.6667,0,53.6666,-25.6666,0
0,0,27,8,4.6667,4.6667,0,58.3334,-30.3333,0
0,1,26,9,4.6667,4.6667,0,53.6666,-25.6666,0
0,1,26,8,4.6667,4.6667,0,53.6666,-30.3333,0
0,1,26,7,4.6666,4.6667,0,53.6666,-35,0
0,1,27,7,4.6666,4.6667,0,58.3334,-35,0
0,1,28,7,4.6666,4.6666,0,63,-35,0
0,1,28,8,4.6667,4.6666,0,63,-30.3333,0
0,1,28,9,4.6667,4.6666,0,63,-25.6666,0
0,1,27,9,4.6667,4.6667,0,58.3334,-25.6666,0
0,0,28,8,4.6667,4.6666,0,63,-30.3333,0
0,1,27,9,4.6667,4.6667,0,58.3334,-25.6666,0
0,1,27,8,4.6667,4.6667,0,58.3334,-30.3333,0
0,1,27,7,4.6666,4.6667,0,58.3334,-35,0
0,1,28,7,4.6666,4.6666,0,63,-35,0
0,1,29,7,4.6666,4.6667,0,67.6666,-35,0
0,1,29,8,4.6667,4.6667,0,67.6666,-30.3333,0
0,1,29,9,4.6667,4.6667,0,67.6666,-25.6666,0
0,1,28,9,4.6667,4.6666,0,63,-25.6666,0
0,0,29,8,4.6667,4.6667,0,67.6666,-30.3333,0
0,1,28,9,4.6667,4.6666,0,63,-25.6666,0
0,1,28,8,4.6667,4.6666,0,63,-30.3333,0
0,1,28,7,4.6666,4.6666,0,63,-35,0
0,1,29,7,4.6666,4.6667,0,67.6666,-35,0
1,1,0,0,0,0,0,0,0,0
1,1,0,0,0,0,0,0,0,0
1,1,0,0,0,0,0,0,0,0
0,1,29,9,4.6667,4.6667,0,67.6666,-25.6666,0
0,0,0,9,4.6667,4.6667,0,-67.6666,-25.6666,0
1,1,0,0,0,0,0,0,0,0
1,1,0,0,0,0,0,0,0,0
1,1,0,0,0,0,0,0,0,0
0,1,0,8,4.6667,4.6667,0,-67.6666,-30.3333,0
0,1,1,8,4.6667,4.6666,0,-63,-30.3333,0
0,1,1,9,4.6667,4.6666,0,-63,-25.6666,0
0,1,1,10,4.6666,4.6666,0,-63,-21,0
0,1,0,10,4.6666,4.6667,0,-67.6666,-21,0
0,0,1,9,4.6667,4.6666,0,-63,-25.6666,0
0,1,0,10,4.6666,4.6667,0,-67.6666,-21,0
0,1,0,9,4.6667,4.6667,0,-67.6666,-25.6666,0
0,1,0,8,4.6667,4.6667,0,-67.6666,-30.3333,0
0,1,1,8,4.6667,4.6666,0,-63,-30.3333,0
0,1,2,8,4.6667,4.6667,0,-58.3334,-30.3333,0
0,1,2,9,4.6667,4.6667,0,-58.3334,-25.6666,0
0,1,2,10,4.6666,4.6667,0,-58.3334,-21,0
0,1,1,10,4.6666,4.6666,0,-63,-21,0
0,0,2,9,4.6667,4.6667,0,-58.3334,-25.6666,0
0,1,1,10,4.6666,4.6666,0,-63,-21,0
0,1,1,9,4.6667,4.6666,0,-63,-25.6666,0
0,1,1,8,4.6667,4.6666,0,-63,-30.3333,0
0,1,2,8,4.6667,4.6667,0,-58.3334,-30.3333,0
0,1,3,8,4.6667,4.6667,0,-53.6666,-30.3333,0
0,1,3,9,4.6667,4.6667,0,-53.6666,-25.6666,0
0,1,3,10,4.6666,4.6667,0,-53.6666,-21,0
0,1,2,10,4.6666,4.6667,0,-58.3334,-21,0
0,0,3,9,4.6667,4.6667,0,-53.6666,-25.6666,0
0,1,2,10,4.6666,4.6667,0,-58.3334,-21,0
0,1,2,9,4.6667,4.6667,0,-58.3334,-25.6666,0
0,1,2,8,4.6667,4.6667,0,-58.3334,-30.3333,0
0,1,3,8,4.6667,4.6667,0,-53.6666,-30.3333,0
0,1,4,8,4.6667,4.6666,0,-49,-30.3333,0
0,1,4,9,4.6667,4.6666,0,-49,-25.6666,0
0,1,4,10,4.6666,4.6666,0,-49,-21,0
0,1,3,10,4.6666,4.6667,0,-53.6666,-21,0
0,0,4,9,4.6667,4.6666,0,-49,-25.6666,0
0,1,3,10,4.6666,4.6667,0,-53.6666,-21,0
0,1,3,9,4.6667,4.6667,0,-53.6666,-25.6666,0
0,1,3,8,4.6667,4.6667,0,-53.6666,-30.3333,0
0,1,4,8,4.6667,4.6666,0,-49,-30.3333,0
0,1,5,8,4.6667,4.6667,0,-44.3334,-30.3333,0
0,1,5,9,4.6667,4.6667,0,-44.3334,-25.6666,0
0,1,5,10,4.6666,4.6667,0,-44.3334,-21,0
0,1,4,10,4.6666,4.6666,0,-49,-21,0
0,0,5,9,4.6667,4.6667,0,-44.3334,-25.6666,0
0,1,4,10,4.6666,4.6666,0,-49,-21,0
0,1,4,9,4.6667,4.6666,0,-49,-25.6666,0
0,1,4,8,4.6667,4.6666,0,-49,-30.3333,0
0,1,5,8,4.6667,4.6667,0,-44.3334,-30.3333,0
0,1,6,8,4.6667,4.6667,0,-39.6666,-30.3333,0
0,1,6,9,4.6667,4.6667,0,-39.6666,-25.6666,0
0,1,6,10,4.6666,4.6667,0,-39.6666,-21,0
0,1,5,10,4.6666,4.6667,0,-44.3334,-21,0
0,0,6,9,4.6667,4.6667,0,-39.6666,-25.6666,0
0,1,5,10,4.6666,4.6667,0,-44.3334,-21,0
0,1,5,9,4.6667,4.6667,0,-44.3334,-25.6666,0
0,1,5,8,4.6667,4.6667,0,-44.3334,-30.3333,0
0,1,6,8,4.6667,4.6667,0,-39.6666,-30.3333,0
0,1,7,8,4.6667,4.6666,0,-35,-30.3333,0
0,1,7,9,4.6667,4.6666,0,-35,-25.6666,0
0,1,7,10,4.6666,4.6666,0,-35,-21,0
0,1,6,10,4.6666,4.6667,0,-39.6666,-21,0
0,0,7,9,4.6667,4.6666,0,-35,-25.6666,0
0,1,6,10,4.6666,4.6667,0,-39.6666,-21,0
0,1,6,9,4.6667,4.6667,0,-39.6666,-25.6666,0
0,1,6,8,4.6667,4.6667,0,-39.6666,-30.3333,0
0,1,7,8,4.6667,4.6666,0,-35,-30.3333,0
0,1,8,8,4.6667,4.6667,0,-30.3333,-30.3333,0
0,1,8,9,4.6667,4.6667,0,-30.3333,-25.6666,0
0,1,8,10,4.6666,4.6667,0,-30.3333,-21,0
0,1,7,10,4.6666,4.6666,0,-35,-21,0
0,0,8,9,4.6667,4.6667,0,-30.3333,-25.6666,0
0,1,7,10,4.6666,4.6666,0,-35,-21,0
0,1,7,9,4.6667,4.6666,0,-35,-25.6666,0
0,1,7,8,4.6667,4.6666,0,-35,-30.3333,0
0,1,8,8,4.6667,4.6667,0,-30.3333,-30.3333,0
0,1,9,8,4.6667,4.6667,0,-25.6666,-30.3333,0
0,1,9,9,4.6667,4.6667,0,-25.6666,-25.6666,0
0,1,9,10,4.6666,4.6667,0,-25.6666,-21,0
0,1,8,10,4.6666,4.6667,0,-30.3333,-21,0
0,0,9,9,4.6667,4.6667,0,-25.6666,-25.6666,0
0,1,8,10,4.6666,4.6667,0,-30.3333,-21,0
0,1,8,9,4.6667,4.6667,0,-30.3333,-25.6666,0
0,1,8,8,4.6667,4.6667,0,-30.3333,-30.3333,0
0,1,9,8,4.6667,4.6667,0,-25.6666,-30.3333,0
0,1,10,8,4.6667,4.6666,0,-21,-30.3333,0
0,1,10,9,4.6667,4.6666,0,-21,-25.6666,0
0,1,10,10,4.6666,4.6666,0,-21,-21,0
0,1,9,10,4.6666,4.6667,0,-25.6666,-21,0
0,0,10,9,4.6667,4.6666,0,-21,-25.6666,0
0,1,9,10,4.6666,4.6667,0,-25.6666,-21,0
0,1,9,9,4.6667,4.6667,0,-25.6666,-25.6666,0
0,1,9,8,4.6667,4.6667,0,-25.6666,-30.3333,0
0,1,10,8,4.6667,4.6666,0,-21,-30.3333,0
0,1,11,8,4.6667,4.6667,0,-16.3334,-30.3333,0
0,1,11,9,4.6667,4.6667,0,-16.3334,-25.6666,0
0,1,11,10,4.6666,4.6667,0,-16.3334,-21,0
0,1,10,10,4.6666,4.6666,0,-21,-21,0
0,0,11,9,4.6667,4.6667,0,-16.3334,-25.6666,0
0,1,10,10,4.6666,4.6666,0,-21,-21,0
0,1,10,9,4.6667,4.6666,0,-21,-25.6666,0
0,1,10,8,4.6667,4.6666,0,-21,-30.3333,0
0,1,11,8,4.6667,4.6667,0,-16.3334,-30.3333,0
0,1,12,8,4.6667,4.66667,0,-11.6667,-30.3333,0
0,1,12,9,4.6667,4.66667,0,-11.6667,-25.6666,0
0,1,12,10,4.6666,4.66667,0,-11.6667,-21,0
0,1,11,10,4.6666,4.6667,0,-16.3334,-21,0
0,0,12,9,4.6667,4.66667,0,-11.6667,-25.6666,0
0,1,11,10,4.6666,4.6667,0,-16.3334,-21,0
0,1,11,9,4.6667,4.6667,0,-16.3334,-25.6666,0
0,1,11,8,4.6667,4.6667,0,-16.3334,-30.3333,0
0,1,12,8,4.6667,4.66667,0,-11.6667,-30.3333,0
0,1,13,8,4.6667,4.66667,0,-7,-30.3333,0
0,1,13,9,4.6667,4.66667,0,-7,-25.6666,0
0,1,13,10,4.6666,4.66667,0,-7,-21,0
0,1,12,10,4.6666,4.66667,0,-11.6667,-21,0
0,0,13,9,4.6667,4.66667,0,-7,-25.6666,0
0,1,12,10,4.6666,4.66667,0,-11.6667,-21,0
0,1,12,9,4.6667,4.66667,0,-11.6667,-25.6666,0
0,1,12,8,4.6667,4.66667,0,-11.6667,-30.3333,0
0,1,13,8,4.6667,4.66667,0,-7,-30.3333,0
0,1,14,8,4.6667,4.66666,0,-2.33333,-30.3333,0
0,1,14,9,4.6667,4.66666,0,-2.33333,-25.6666,0
0,1,14,10,4.6666,4.66666,0,-2.33333,-21,0
0,1,13,10,4.6666,4.66667,0,-7,-21,0
0,0,14,9,4.6667,4.66666,0,-2.33333,-25.6666,0
0,1,13,10,4.6666,4.66667,0,-7,-21,0
0,1,13,9,4.6667,4.66667,0,-7,-25.6666,0
0,1,13,8,4.6667,4.66667,0,-7,-30.3333,0
0,1,14,8,4.6667,4.66666,0,-2.33333,-30.3333,0
0,1,15,8,4.6667,4.66667,0,2.33334,-30.3333,0
0,1,15,9,4.6667,4.66667,0,2.33334,-25.6666,0
0,1,15,10,4.6666,4.66667,0,2.33334,-21,0
0,1,14,10,4.6666,4.66666,0,-2.33333,-21,0
0,0,15,9,4.6667,4.66667,0,2.33334,-25.6666,0
0,1,14,10,4.6666,4.66666,0,-2.33333,-21,0
0,1,14,9,4.6667,4.66666,0,-2.33333,-25.6666,0
0,1,14,8,4.6667,4.66666,0,-2.33333,-30.3333,0
0,1,15,8,4.6667,4.66667,0,2.33334,-30.3333,0
0,1,16,8,4.6667,4.66667,0,7,-30.3333,0
1,1,0,0,0,0,0,0,0,0
1,1,0,0,0,0,0,0,0,0
0,1,15,10,4.6666,4.66667,0,2.33334,-21,0
1,0,0,0,0,0,0,0,0,0
1,0,0,0,0,0,0,0,0,0
1,0,0,0,0,0,0,0,0,0
1,0,0,0,0,0,0,0,0,0
1,0,0,0,0,0,0,0,0,0
1,0,0,0,0,0,0,0,0,0
0,0,22,9,4.6667,4.6666,0,35,-25.6666,0
1,1,0,0,0,0,0,0,0,0
1,1,0,0,0,0,0,0,0,0
1,1,0,0,0,0,0,0,0,0
1,1,0,0,0,0,0,0,0,0
0,1,23,8,4.6667,4.6667,0,39.6666,-30.3333,0
0,1,23,9,4.6667,4.6667,0,39.6666,-25.6666,0
0,1,23,10,4.6666,4.6667,0,39.6666,-21,0
0,1,22,10,4.6666,4.6666,0,35,-21,0
0,0,23,9,4.6667,4.6667,0,39.6666,-25.6666,0
0,1,22,10,4.6666,4.6666,0,35,-21,0
0,1,22,9,4.6667,4.6666,0,35,-25.6666,0
1,1,0,0,0,0,0,0,0,0
0,1,23,8,4.6667,4.6667,0,39.6666,-30.3333,0
0,1,24,8,4.6667,4.6667,0,44.3334,-30.3333,0
0,1,24,9,4.6667,4.6667,0,44.3334,-25.6666,0
0,1,24,10,4.6666,4.6667,0,44.3334,-21,0
0,1,23,10,4.6666,4.6667,0,39.6666,-21,0
0,0,24,9,4.6667,4.6667,0,44.3334,-25.6666,0
0,1,23,10,4.6666,4.6667,0,39.6666,-21,0
0,1,23,9,4.6667,4.6667,0,39.6666,-25.6666,0
0,1,23,8,4.6667,4.6667,0,39.6666,-30.3333,0
0,1,24,8,4.6667,4.6667,0,44.3334,-30.3333,0
0,1,25,8,4.6667,4.6666,0,49,-30.3333,0
0,1,25,9,4.6667,4.6666,0,49,-25.6666,0
0,1,25,10,4.6666,4.6666,0,49,-21,0
0,1,24,10,4.6666,4.6667,0,44.3334,-21,0
0,0,25,9,4.6667,4.6666,0,49,-25.6666,0
0,1,24,10,4.6666,4.6667,0,44.3334,-21,0
0,1,24,9,4.6667,4.6667,0,44.3334,-25.6666,0
0,1,24,8,4.6667,4.6667,0,44.3334,-30.3333,0
0,1,25,8,4.6667,4.6666,0,49,-30.3333,0
0,1,26,8,4.6667,4.6667,0,53.6666,-30.3333,0
0,1,26,9,4.6667,4.6667,0,53.6666,-25.6666,0
0,1,26,10,4.6666,4.6667,0,53.6666,-21,0
0,1,25,10,4.6666,4.6666,0,49,-21,0
0,0,26,9,4.6667,4.6667,0,53.6666,-25.6666,0
0,1,25,10,4.6666,4.6666,0,49,-21,0
0,1,25,9,4.6667,4.6666,0,49,-25.6666,0
0,1,25,8,4.6667,4.6666,0,49,-30.3333,0
0,1,26,8,4.6667,4.6667,0,53.6666,-30.3333,0
0,1,27,8,4.6667,4.6667,0,58.3334,-30.3333,0
0,1,27,9,4.6667,4.6667,0,58.3334,-25.6666,0
0,1,27,10,4.6666,4.6667,0,58.3334,-21,0
0,1,26,10,4.6666,4.6667,0,53.6666,-21,0
0,0,27,9,4.6667,4.6667,0,58.3334,-25.6666,0
0,1,26,10,4.6666,4.6667,0,53.6666,-21,0
0,1,26,9,4.6667,4.6667,0,53.6666,-25.6666,0
0,1,26,8,4.6667,4.6667,0,53.6666,-30.3333,0
0,1,27,8,4.6667,4.6667,0,58.3334,-30.3333,0
0,1,28,8,4.6667,4.6666,0,63,-30.3333,0
0,1,28,9,4.6667,4.6666,0,63,-25.6666,0
0,1,28,10,4.6666,4.6666,0,63,-21,0
0,1,27,10,4.6666,4.6667,0,58.3334,-21,0
0,0,28,9,4.6667,4.6666,0,63,-25.6666,0
0,1,27,10,4.6666,4.6667,0,58.3334,-21,0
0,1,27,9,4.6667,4.6667,0,58.3334,-25.6666,0
0,1,27,8,4.6667,4.6667,0,58.3334,-30.3333,0
0,1,28,8,4.6667,4.6666,0,63,-30.3333,0
0,1,29,8,4.6667,4.6667,0,67.6666,-30.3333,0
0,1,29,9,4.6667,4.6667,0,67.6666,-25.6666,0
0,1,29,10,4.6666,4.6667,0,67.6666,-21,0
0,1,28,10,4.6666,4.6666,0,63,-21,0
0,0,29,9,4.6667,4.6667,0,67.6666,-25.6666,0
0,1,28,10,4.6666,4.6666,0,63,-21,0
0,1,28,9,4.6667,4.6666,0,63,-25.6666,0
0,1,28,8,4.6667,4.6666,0,63,-30.3333,0
0,1,29,8,4.6667,4.6667,0,67.6666,-30.3333,0
1,1,0,0,0,0,0,0,0,0
1,1,0,0,0,0,0,0,0,0
1,1,0,0,0,0,0,0,0,0
0,1,29,10,4.6666,4.6667,0,67.6666,-21,0
0,0,0,10,4.6666,4.6667,0,-67.6666,-21,0
1,1,0,0,0,0,0,0,0,0
1,1,0,0,0,0,0,0,0,0
1,1,0,0,0,0,0,0,0,0
0,1,0,9,4.6667,4.6667,0,-67.6666,-25.6666,0
0,1,1,9,4.6667,4.6666,0,-63,-25.6666,0
0,1,1,10,4.6666,4.6666,0,-63,-21,0
0,1,1,11,4.6667,4.6666,0,-63,-16.3334,0
0,1,0,11,4.6667,4.6667,0,-67.6666,-16.3334,0
0,0,1,10,4.6666,4.6666,0,-63,-21,0
0,1,0,11,4.6667,4.6667,0,-67.6666,-16.3334,0
0,1,0,10,4.6666,4.6667,0,-67.6666,-21,0
0,1,0,9,4.6667,4.6667,0,-67.6666,-25.6666,0
0,1,1,9,4.6667,4.6666,0,-63,-25.6666,0
0,1,2,9,4.6667,4.6667,0,-58.3334,-25.6666,0
0,1,2,10,4.6666,4.6667,0,-58.3334,-21,0
0,1,2,11,4.6667,4.6667,0,-58.3334,-16.3334,0
0,1,1,11,4.6667,4.6666,0,-63,-16.3334,0
0,0,2,10,4.6666,4.6667,0,-58.3334,-21,0
0,1,1,11,4.6667,4.6666,0,-63,-16.3334,0
0,1,1,10,4.6666,4.6666,0,-63,-21,0
0,1,1,9,4.6667,4.6666,0,-63,-25.6666,0
0,1,2,9,4.6667,4.6667,0,-58.3334,-25.6666,0
0,1,3,9,4.6667,4.6667,0,-53.6666,-25.6666,0
0,1,3,10,4.6666,4.6667,0,-53.6666,-21,0
0,1,3,11,4.6667,4.6667,0,-53.6666,-16.3334,0
0,1,2,11,4.6667,4.6667,0,-58.3334,-16.3334,0
0,0,3,10,4.6666,4.6667,0,-53.6666,-21,0
0,1,2,11,4.6667,4.6667,0,-58.3334,-16.3334,0
0,1,2,10,4.6666,4.6667,0,-58.3334,-21,0
0,1,2,9,4.6667,4.6667,0,-58.3334,-25.6666,0
0,1,3,9,4.6667,4.6667,0,-53.6666,-25.6666,0
0,1,4,9,4.6667,4.6666,0,-49,-25.6666,0
0,1,4,10,4.6666,4.6666,0,-49,-21,0
0,1,4,11,4.6667,4.6666,0,-49,-16.3334,0
0,1,3,11,4.6667,4.6667,0,-53.6666,-16.3334,0
0,0,4,10,4.6666,4.6666,0,-49,-21,0
0,1,3,11,4.6667,4.6667,0,-53.6666,-16.3334,0
0,1,3,10,4.6666,4.6667,0,-53.6666,-21,0
0,1,3,9,4.6667,4.6667,0,-53.6666,-25.6666,0
0,1,4,9,4.6667,4.6666,0,-49,-25.6666,0
0,1,5,9,4.6667,4.6667,0,-44.3334,-25.6666,0
0,1,5,10,4.6666,4.6667,0,-44.3334,-21,0
0,1,5,11,4.6667,4.6667,0,-44.3334,-16.3334,0
0,1,4,11,4.6667,4.6666,0,-49,-16.3334,0
0,0,5,10,4.6666,4.6667,0,-44.3334,-21,0
0,1,4,11,4.6667,4.6666,0,-49,-16.3334,0
0,1,4,10,4.6666,4.6666,0,-49,-21,0
0,1,4,9,4.6667,4.6666,0,-49,-25.6666,0
0,1,5,9,4.6667,4.6667,0,-44.3334,-25.6666,0
0,1,6,9,4.6667,4.6667,0,-39.6666,-25.6666,0
0,1,6,10,4.6666,4.6667,0,-39.6666,-21,0
0,1,6,11,4.6667,4.6667,0,-39.6666,-16.3334,0
0,1,5,11,4.6667,4.6667,0,-44.3334,-16.3334,0
0,0,6,10,4.6666,4.6667,0,-39.6666,-21,0
0,1,5,11,4.6667,4.6667,0,-44.3334,-16.3334,0
0,1,5,10,4.6666,4.6667,0,-44.3334,-21,0
0,1,5,9,4.6667,4.6667,0,-44.3334,-25.6666,0
0,1,6,9,4.6667,4.6667,0,-39.6666,-25.6666,0
0,1,7,9,4.6667,4.6666,0,-35,-25.6666,0
0,1,7,10,4.6666,4.6666,0,-35,-21,0
0,1,7,11,4.6667,4.6666,0,-35,-16.3334,0
0,1,6,11,4.6667,4.6667,0,-39.6666,-16.3334,0
0,0,7,10,4.6666,4.6666,0,-35,-21,0
0,1,6,11,4.6667,4.6667,0,-39.6666,-16.3334,0
0,1,6,10,4.6666,4.6667,0,-39.6666,-21,0
0,1,6,9,4.6667,4.6667,0,-39.6666,-25.6666,0
0,1,7,9,4.6667,4.6666,0,-35,-25.6666,0
0,1,8,9,4.6667,4.6667,0,-30.3333,-25.6666,0
0,1,8,10,4.6666,4.6667,0,-30.3333,-21,0
0,1,8,11,4.6667,4.6667,0,-30.3333,-16.3334,0
0,1,7,11,4.6667,4.6666,0,-35,-16.3334,0
0,0,8,10,4.6666,4.6667,0,-30.3333,-21,0
0,1,7,11,4.6667,4.6666,0,-35,-16.3334,0
0,1,7,10,4.6666,4.6666,0,-35,-21,0
0,1,7,9,4.6667,4.6666,0,-35,-25.6666,0
0,1,8,9,4.6667,4.6667,0,-30.3333,-25.6666,0
0,1,9,9,4.6667,4.6667,0,-25.6666,-25.6666,0
0,1,9,10,4.6666,4.6667,0,-25.6666,-21,0
0,1,9,11,4.6667,4.6667,0,-25.6666,-16.3334,0
0,1,8,11,4.6667,4.6667,0,-30.3333,-16.3334,0
0,0,9,10,4.6666,4.6667,0,-25.6666,-21,0
0,1,8,11,4.6667,4.6667,0,-30.3333,-16.3334,0
0,1,8,10,4.6666,4.6667,0,-30.3333,-21,0
0,1,8,9,4.6667,4.6667,0,-30.3333,-25.6666,0
0,1,9,9,4.6667,4.6667,0,-25.6666,-25.6666,0
0,1,10,9,4.6667,4.6666,0,-21,-25.6666,0
0,1,10,10,4.6666,4.6666,0,-21,-21,0
0,1,10,11,4.6667,4.6666,0,-21,-16.3334,0
0,1,9,11,4.6667,4.6667,0,-25.6666,-16.3334,0
0,0,10,10,4.6666,4.6666,0,-21,-21,0
0,1,9,11,4.6667,4.6667,0,-25.6666,-16.3334,0
0,1,9,10,4.6666,4.6667,0,-25.6666,-21,0
0,1,9,9,4.6667,4.6667,0,-25.6666,-25.6666,0
0,1,10,9,4.6667,4.6666,0,-21,-25.6666,0
0,1,11,9,4.6667,4.6667,0,-16.3334,-25.6666,0
0,1,11,10,4.6666,4.6667,0,-16.3334,-21,0
0,1,11,11,4.6667,4.6667,0,-16.3334,-16.3334,0
0,1,10,11,4.6667,4.6666,0,-21,-16.3334,0
0,0,11,10,4.6666,4.6667,0,-16.3334,-21,0
0,1,10,11,4.6667,4.6666,0,-21,-16.3334,0
0,1,10,10,4.6666,4.6666,0,-21,-21,0
0,1,10,9,4.6667,4.6666,0,-21,-25.6666,0
0,1,11,9,4.6667,4.6667,0,-16.3334,-25.6666,0
0,1,12,9,4.6667,4.66667,0,-11.6667,-25.6666,0
0,1,12,10,4.6666,4.66667,0,-11.6667,-21,0
0,1,12,11,4.6667,4.66667,0,-11.6667,-16.3334,0
0,1,11,11,4.6667,4.6667,0,-16.3334,-16.3334,0
0,0,12,10,4.6666,4.66667,0,-11.6667,-21,0
0,1,11,11,4.6667,4.6667,0,-16.3334,-16.3334,0
0,1,11,10,4.6666,4.6667,0,-16.3334,-21,0
0,1,11,9,4.6667,4.6667,0,-16.3334,-25.6666,0
0,1,12,9,4.6667,4.66667,0,-11.6667,-25.6666,0
0,1,13,9,4.6667,4.66667,0,-7,-25.6666,0
0,1,13,10,4.6666,4.66667,0,-7,-21,0
0,1,13,11,4.6667,4.66667,0,-7,-16.3334,0
0,1,12,11,4.6667,4.66667,0,-11.6667,-16.3334,0
0,0,13,10,4.6666,4.66667,0,-7,-21,0
0,1,12,11,4.6667,4.66667,0,-11.6667,-16.3334,0
0,1,12,10,4.6666,4.66667,0,-11.6667,-21,0
0,1,12,9,4.6667,4.66667,0,-11.6667,-25.6666,0
0,1,13,9,4.6667,4.66667,0,-7,-25.6666,0
0,1,14,9,4.6667,4.66666,0,-2.33333,-25.6666,0
0,1,14,10,4.6666,4.66666,0,-2.33333,-21,0
0,1,14,11,4.6667,4.66666,0,-2.33333,-16.3334,0
0,1,13,11,4.6667,4.66667,0,-7,-16.3334,0
0,0,14,10,4.6666,4.66666,0,-2.33333,-21,0
0,1,13,11,4.6667,4.66667,0,-7,-16.3334,0
0,1,13,10,4.6666,4.66667,0,-7,-21,0
0,1,13,9,4.6667,4.66667,0,-7,-25.6666,0
0,1,14,9,4.6667,4.66666,0,-2.33333,-25.6666,0
0,1,15,9,4.6667,4.66667,0,2.33334,-25.6666,0
0,1,15,10,4.6666,4.66667,0,2.33334,-21,0
0,1,15,11,4.6667,4.66667,0,2.33334,-16.3334,0
0,1,14,11,4.6667,4.66666,0,-2.33333,-16.3334,0
0,0,15,10,4.6666,4.66667,0,2.33334,-21,0
0,1,14,11,4.6667,4.66666,0,-2.33333,-16.3334,0
0,1,14,10,4.6666,4.66666,0,-2.33333,-21,0
0,1,14,9,4.6667,4.66666,0,-2.33333,-25.6666,0
0,1,15,9,4.6667,4.66667,0,2.33334,-25.6666,0
1,1,0,0,0,0,0,0,0,0
1,1,0,0,0,0,0,0,0,0
0,1,16,11,4.6667,4.66667,0,7,-16.3334,0
0,1,15,11,4.6667,4.66667,0,2.33334,-16.3334,0
1,0,0,0,0,0,0,0,0,0
1,0,0,0,0,0,0,0,0,0
1,0,0,0,0,0,0,0,0,0
1,0,0,0,0,0,0,0,0,0
1,0,0,0,0,0,0,0,0,0
1,0,0,0,0,0,0,0,0,0
0,0,22,10,4.6666,4.6666,0,35,-21,0
1,1,0,0,0,0,0,0,0,0
1,1,0,0,0,0,0,0,0,0
1,1,0,0,0,0,0,0,0,0
0,1,22,9,4.6667,4.6666,0,35,-25.6666,0
0,1,23,9,4.6667,4.6667,0,39.6666,-25.6666,0
0,1,23,10,4.6666,4.6667,0,39.6666,-21,0
0,1,23,11,4.6667,4.6667,0,39.6666,-16.3334,0
0,1,22,11,4.6667,4.6666,0,35,-16.3334,0
0,0,23,10,4.6666,4.6667,0,39.6666,-21,0
0,1,22,11,4.6667,4.6666,0,35,-16.3334,0
0,1,22,10,4.6666,4.6666,0,35,-21,0
0,1,22,9,4.6667,4.6666,0,35,-25.6666,0
0,1,23,9,4.6667,4.6667,0,39.6666,-25.6666,0
0,1,24,9,4.6667,4.6667,0,44.3334,-25.6666,0
0,1,24,10,4.6666,4.6667,0,44.3334,-21,0
0,1,24,11,4.6667,4.6667,0,44.3334,-16.3334,0
0,1,23,11,4.6667,4.6667,0,39.6666,-16.3334,0
0,0,24,10,4.6666,4.6667,0,44.3334,-21,0
0,1,23,11,4.6667,4.6667,0,39.6666,-16.3334,0
0,1,23,10,4.6666,4.6667,0,39.6666,-21,0
0,1,23,9,4.6667,4.6667,0,39.6666,-25.6666,0
0,1,24,9,4.6667,4.6667,0,44.3334,-25.6666,0
0,1,25,9,4.6667,4.6666,0,49,-25.6666,0
0,1,25,10,4.6666,4.6666,0,49,-21,0
0,1,25,11,4.6667,4.6666,0,49,-16.3334,0
0,1,24,11,4.6667,4.6667,0,44.3334,-16.3334,0
0,0,25,10,4.6666,4.6666,0,49,-21,0
0,1,24,11,4.6667,4.6667,0,44.3334,-16.3334,0
0,1,24,10,4.6666,4.6667,0,44.3334,-21,0
0,1,24,9,4.6667,4.6667,0,44.3334,-25.6666,0
0,1,25,9,4.6667,4.6666,0,49,-25.6666,0
0,1,26,9,4.6667,4.6667,0,53.6666,-25.6666,0
0,1,26,10,4.6666,4.6667,0,53.6666,-21,0
0,1,26,11,4.6667,4.6667,0,53.6666,-16.3334,0
0,1,25,11,4.6667,4.6666,0,49,-16.3334,0
0,0,26,10,4.6666,4.6667,0,53.6666,-21,0
0,1,25,11,4.6667,4.6666,0,49,-16.3334,0
0,1,25,10,4.6666,4.6666,0,49,-21,0
0,1,25,9,4.6667,4.6666,0,49,-25.6666,0
0,1,26,9,4.6667,4.6667,0,53.6666,-25.6666,0
0,1,27,9,4.6667,4.6667,0,58.3334,-25.6666,0
0,1,27,10,4.6666,4.6667,0,58.3334,-21,0
0,1,27,11,4.6667,4.6667,0,58.3334,-16.3334,0
0,1,26,11,4.6667,4.6667,0,53.6666,-16.3334,0
0,0,27,10,4.6666,4.6667,0,58.3334,-21,0
0,1,26,11,4.6667,4.6667,0,53.6666,-16.3334,0
0,1,26,10,4.6666,4.6667,0,53.6666,-21,0
0,1,26,9,4.6667,4.6667,0,53.6666,-25.6666,0
0,1,27,9,4.6667,4.6667,0,58.3334,-25.6666,0
0,1,28,9,4.6667,4.6666,0,63,-25.6666,0
0,1,28,10,4.6666,4.6666,0,63,-21,0
0,1,28,11,4.6667,4.6666,0,63,-16.3334,0
0,1,27,11,4.6667,4.6667,0,58.3334,-16.3334,0
0,0,28,10,4.6666,4.6666,0,63,-21,0
0,1,27,11,4.6667,4.6667,0,58.3334,-16.3334,0
0,1,27,10,4.6666,4.6667,0,58.3334,-21,0
0,1,27,9,4.6667,4.6667,0,58.3334,-25.6666,0
0,1,28,9,4.6667,4.6666,0,63,-25.6666,0
0,1,29,9,4.6667,4.6667,0,67.6666,-25.6666,0
0,1,29,10,4.6666,4.6667,0,67.6666,-21,0
0,1,29,11,4.6667,4.6667,0,67.6666,-16.3334,0
0,1,28,11,4.6667,4.6666,0,63,-16.3334,0
0,0,29,10,4.6666,4.6667,0,67.6666,-21,0
0,1,28,11,4.6667,4.6666,0,63,-16.3334,0
0,1,28,10,4.6666,4.6666,0,63,-21,0
0,1,28,9,4.6667,4.6666,0,63,-25.6666,0
0,1,29,9,4.6667,4.6667,0,67.6666,-25.6666,0
1,1,0,0,0,0,0,0,0,0
1,1,0,0,0,0,0,0,0,0
1,1,0,0,0,0,0,0,0,0
0,1,29,11,4.6667,4.6667,0,67.6666,-16.3334,0
0,0,0,11,4.6667,4.6667,0,-67.6666,-16.3334,0
1,1,0,0,0,0,0,0,0,0
1,1,0,0,0,0,0,0,0,0
1,1,0,0,0,0,0,0,0,0
0,1,0,10,4.6666,4.6667,0,-67.6666,-21,0
0,1,1,10,4.6666,4.6666,0,-63,-21,0
0,1,1,11,4.6667,4.6666,0,-63,-16.3334,0
0,1,1,12,4.66667,4.6666,0,-63,-11.6667,0
0,1,0,12,4.66667,4.6667,0,-67.6666,-11.6667,0
0,0,1,11,4.6667,4.6666,0,-63,-16.3334,0
0,1,0,12,4.66667,4.6667,0,-67.6666,-11.6667,0
0,1,0,11,4.6667,4.6667,0,-67.6666,-16.3334,0
0,1,0,10,4.6666,4.6667,0,-67.6666,-21,0
0,1,1,10,4.6666,4.6666,0,-63,-21,0
0,1,2,10,4.6666,4.6667,0,-58.3334,-21,0
0,1,2,11,4.6667,4.6667,0,-58.3334,-16.3334,0
0,1,2,12,4.66667,4.6667,0,-58.3334,-11.6667,0
0,1,1,12,4.66667,4.6666,0,-63,-11.6667,0
0,0,2,11,4.6667,4.6667,0,-58.3334,-16.3334,0
0,1,1,12,4.66667,4.6666,0,-63,-11.6667,0
0,1,1,11,4.6667,4.6666,0,-63,-16.3334,0
0,1,1,10,4.6666,4.6666,0,-63,-21,0
0,1,2,10,4.6666,4.6667,0,-58.3334,-21,0
0,1,3,10,4.6666,4.6667,0,-53.6666,-21,0
0,1,3,11,4.6667,4.6667,0,-53.6666,-16.3334,0
0,1,3,12,4.66667,4.6667,0,-53.6666,-11.6667,0
0,1,2,12,4.66667,4.6667,0,-58.3334,-11.6667,0
0,0,3,11,4.6667,4.6667,0,-53.6666,-16.3334,0
0,1,2,12,4.66667,4.6667,0,-58.3334,-11.6667,0
0,1,2,11,4.6667,4.6667,0,-58.3334,-16.3334,0
0,1,2,10,4.6666,4.6667,0,-58.3334,-21,0
0,1,3,10,4.6666,4.6667,0,-53.6666,-21,0
0,1,4,10,4.6666,4.6666,0,-49,-21,0
0,1,4,11,4.6667,4.6666,0,-49,-16.3334,0
0,1,4,12,4.66667,4.6666,0,-49,-11.6667,0
0,1,3,12,4.66667,4.6667,0,-53.6666,-11.6667,0
0,0,4,11,4.6667,4.6666,0,-49,-16.3334,0
0,1,3,12,4.66667,4.6667,0,-53.6666,-11.6667,0
0,1,3,11,4.6667,4.6667,0,-53.6666,-16.3334,0
0,1,3,10,4.6666,4.6667,0,-53.6666,-21,0
0,1,4,10,4.6666,4.6666,0,-49,-21,0
0,1,5,10,4.6666,4.6667,0,-44.3334,-21,0
0,1,5,11,4.6667,4.6667,0,-44.3334,-16.3334,0
0,1,5,12,4.66667,4.6667,0,-44.3334,-11.6667,0
0,1,4,12,4.66667,4.6666,0,-49,-11.6667,0
0,0,5,11,4.6667,4.6667,0,-44.3334,-16.3334,0
0,1,4,12,4.66667,4.6666,0,-49,-11.6667,0
0,1,4,11,4.6667,4.6666,0,-49,-16.3334,0
0,1,4,10,4.6666,4.6666,0,-49,-21,0
0,1,5,10,4.6666,4.6667,0,-44.3334,-21,0
0,1,6,10,4.6666,4.6667,0,-39.6666,-21,0
0,1,6,11,4.6667,4.6667,0,-39.6666,-16.3334,0
0,1,6,12,4.66667,4.6667,0,-39.6666,-11.6667,0
0,1,5,12,4.66667,4.6667,0,-44.3334,-11.6667,0
0,0,6,11,4.6667,4.6667,0,-39.6666,-16.3334,0
0,1,5,12,4.66667,4.6667,0,-44.3334,-11.6667,0
0,1,5,11,4.6667,4.6667,0,-44.3334,-16.3334,0
0,1,5,10,4.6666,4.6667,0,-44.3334,-21,0
0,1,6,10,4.6666,4.6667,0,-39.6666,-21,0
0,1,7,10,4.6666,4.6666,0,-35,-21,0
0,1,7,11,4.6667,4.6666,0,-35,-16.3334,0
0,1,7,12,4.66667,4.6666,0,-35,-11.6667,0
0,1,6,12,4.66667,4.6667,0,-39.6666,-11.6667,0
0,0,7,11,4.6667,4.6666,0,-35,-16.3334,0
0,1,6,12,4.66667,4.6667,0,-39.6666,-11.6667,0
0,1,6,11,4.6667,4.6667,0,-39.6666,-16.3334,0
0,1,6,10,4.6666,4.6667,0,-39.6666,-21,0
0,1,7,10,4.6666,4.6666,0,-35,-21,0
0,1,8,10,4.6666,4.6667,0,-30.3333,-21,0
0,1,8,11,4.6667,4.6667,0,-30.3333,-16.3334,0
0,1,8,12,4.66667,4.6667,0,-30.3333,-11.6667,0
0,1,7,12,4.66667,4.6666,0,-35,-11.6667,0
0,0,8,11,4.6667,4.6667,0,-30.3333,-16.3334,0
0,1,7,12,4.66667,4.6666,0,-35,-11.6667,0
0,1,7,11,4.6667,4.6666,0,-35,-16.3334,0
0,1,7,10,4.6666,4.6666,0,-35,-21,0
0,1,8,10,4.6666,4.6667,0,-30.3333,-21,0
0,1,9,10,4.6666,4.6667,0,-25.6666,-21,0
0,1,9,11,4.6667,4.6667,0,-25.6666,-16.3334,0
0,1,9,12,4.66667,4.6667,0,-25.6666,-11.6667,0
0,1,8,12,4.66667,4.6667,0,-30.3333,-11.6667,0
0,0,9,11,4.6667,4.6667,0,-25.6666,-16.3334,0
0,1,8,12,4.66667,4.6667,0,-30.3333,-11.6667,0
0,1,8,11,4.6667,4.6667,0,-30.3333,-16.3334,0
0,1,8,10,4.6666,4.6667,0,-30.3333,-21,0
0,1,9,10,4.6666,4.6667,0,-25.6666,-21,0
0,1,10,10,4.6666,4.6666,0,-21,-21,0
0,1,10,11,4.6667,4.6666,0,-21,-16.3334,0
0,1,10,12,4.66667,4.6666,0,-21,-11.6667,0
0,1,9,12,4.66667,4.6667,0,-25.6666,-11.6667,0
0,0,10,11,4.6667,4.6666,0,-21,-16.3334,0
0,1,9,12,4.66667,4.6667,0,-25.6666,-11.6667,0
0,1,9,11,4.6667,4.6667,0,-25.6666,-16.3334,0
0,1,9,10,4.6666,4.6667,0,-25.6666,-21,0
0,1,10,10,4.6666,4.6666,0,-21,-21,0
0,1,11,10,4.6666,4.6667,0,-16.3334,-21,0
0,1,11,11,4.6667,4.6667,0,-16.3334,-16.3334,0
0,1,11,12,4.66667,4.6667,0,-16.3334,-11.6667,0
0,1,10,12,4.66667,4.6666,0,-21,-11.6667,0
0,0,11,11,4.6667,4.6667,0,-16.3334,-16.3334,0
0,1,10,12,4.66667,4.6666,0,-21,-11.6667,0
0,1,10,11,4.6667,4.6666,0,-21,-16.3334,0
0,1,10,10,4.6666,4.6666,0,-21,-21,0
0,1,11,10,4.6666,4.6667,0,-16.3334,-21,0
0,1,12,10,4.6666,4.66667,0,-11.6667,-21,0
0,1,12,11,4.6667,4.66667,0,-11.6667,-16.3334,0
0,1,12,12,4.66667,4.66667,0,-11.6667,-11.6667,0
0,1,11,12,4.66667,4.6667,0,-16.3334,-11.6667,0
0,0,12,11,4.6667,4.66667,0,-11.6667,-16.3334,0
0,1,11,12,4.66667,4.6667,0,-16.3334,-11.6667,0
0,1,11,11,4.6667,4.6667,0,-16.3334,-16.3334,0
0,1,11,10,4.6666,4.6667,0,-16.3334,-21,0
0,1,12,10,4.6666,4.66667,0,-11.6667,-21,0
0,1,13,10,4.6666,4.66667,0,-7,-21,0
0,1,13,11,4.6667,4.66667,0,-7,-16.3334,0
0,1,13,12,4.66667,4.66667,0,-7,-11.6667,0
0,1,12,12,4.66667,4.66667,0,-11.6667,-11.6667,0
0,0,13,11,4.6667,4.66667,0,-7,-16.3334,0
0,1,12,12,4.66667,4.66667,0,-11.6667,-11.6667,0
0,1,12,11,4.6667,4.66667,0,-11.6667,-16.3334,0
0,1,12,10,4.6666,4.66667,0,-11.6667,-21,0
0,1,13,10,4.6666,4.66667,0,-7,-21,0
0,1,14,10,4.6666,4.66666,0,-2.33333,-21,0
0,1,14,11,4.6667,4.66666,0,-2.33333,-16.3334,0
0,1,14,12,4.66667,4.66666,0,-2.33333,-11.6667,0
0,1,13,12,4.66667,4.66667,0,-7,-11.6667,0
0,0,14,11,4.6667,4.66666,0,-2.33333,-16.3334,0
0,1,13,12,4.66667,4.66667,0,-7,-11.6667,0
0,1,13,11,4.6667,4.66667,0,-7,-16.3334,0
0,1,13,10,4.6666,4.66667,0,-7,-21,0
0,1,14,10,4.6666,4.66666,0,-2.33333,-21,0
0,1,15,10,4.6666,4.66667,0,2.33334,-21,0
0,1,15,11,4.6667,4.66667,0,2.33334,-16.3334,0
0,1,15,12,4.66667,4.66667,0,2.33334,-11.6667,0
0,1,14,12,4.66667,4.66666,0,-2.33333,-11.6667,0
0,0,15,11,4.6667,4.66667,0,2.33334,-16.3334,0
0,1,14,12,4.66667,4.66666,0,-2.33333,-11.6667,0
0,1,14,11,4.6667,4.66666,0,-2.33333,-16.3334,0
0,1,14,10,4.6666,4.66666,0,-2.33333,-21,0
0,1,15,10,4.6666,4.66667,0,2.33334,-21,0
1,1,0,0,0,0,0,0,0,0
0,1,16,11,4.6667,4.66667,0,7,-16.3334,0
0,1,16,12,4.66667,4.66667,0,7,-11.6667,0
0,1,15,12,4.66667,4.66667,0,2.33334,-11.6667,0
0,0,16,11,4.6667,4.66667,0,7,-16.3334,0
0,1,15,12,4.66667,4.66667,0,2.33334,-11.6667,0
0,1,15,11,4.6667,4.66667,0,2.33334,-16.3334,0
0,1,15,10,4.6666,4.66667,0,2.33334,-21,0
1,1,0,0,0,0,0,0,0,0
1,1,0,0,0,0,0,0,0,0
0,1,17,11,4.6667,4.66666,0,11.6667,-16.3334,0
0,1,17,12,4.66667,4.66666,0,11.6667,-11.6667,0
0,1,16,12,4.66667,4.66667,0,7,-11.6667,0
0,0,17,11,4.6667,4.66666,0,11.6667,-16.3334,0
0,1,16,12,4.66667,4.66667,0,7,-11.6667,0
0,1,16,11,4.6667,4.66667,0,7,-16.3334,0
1,1,0,0,0,0,0,0,0,0
1,1,0,0,0,0,0,0,0,0
1,1,0,0,0,0,0,0,0,0
0,1,18,11,4.6667,4.6667,0,16.3334,-16.3334,0
0,1,18,12,4.66667,4.6667,0,16.3334,-11.6667,0
0,1,17,12,4.66667,4.66666,0,11.6667,-11.6667,0
0,0,18,11,4.6667,4.6667,0,16.3334,-16.3334,0
0,1,17,12,4.66667,4.66666,0,11.6667,-11.6667,0
0,1,17,11,4.6667,4.66666,0,11.6667,-16.3334,0
1,1,0,0,0,0,0,0,0,0
1,1,0,0,0,0,0,0,0,0
1,1,0,0,0,0,0,0,0,0
0,1,19,11,4.6667,4.6666,0,21,-16.3334,0
0,1,19,12,4.66667,4.6666,0,21,-11.6667,0
0,1,18,12,4.66667,4.6667,0,16.3334,-11.6667,0
0,0,19,11,4.6667,4.6666,0,21,-16.3334,0
0,1,18,12,4.66667,4.6667,0,16.3334,-11.6667,0
0,1,18,11,4.6667,4.6667,0,16.3334,-16.3334,0
1,1,0,0,0,0,0,0,0,0
1,1,0,0,0,0,0,0,0,0
1,1,0,0,0,0,0,0,0,0
1,1,0,0,0,0,0,0,0,0
0,1,20,12,4.66667,4.6667,0,25.6666,-11.6667,0
0,1,19,12,4.66667,4.6666,0,21,-11.6667,0
1,0,0,0,0,0,0,0,0,0
1,0,0,0,0,0,0,0,0,0
0,0,22,11,4.6667,4.6666,0,35,-16.3334,0
0,1,21,12,4.66667,4.6667,0,30.3333,-11.6667,0
1,1,0,0,0,0,0,0,0,0
1,1,0,0,0,0,0,0,0,0
0,1,22,10,4.6666,4.6666,0,35,-21,0
0,1,23,10,4.6666,4.6667,0,39.6666,-21,0
0,1,23,11,4.6667,4.6667,0,39.6666,-16.3334,0
0,1,23,12,4.66667,4.6667,0,39.6666,-11.6667,0
0,1,22,12,4.66667,4.6666,0,35,-11.6667,0
0,0,23,11,4.6667,4.6667,0,39.6666,-16.3334,0
0,1,22,12,4.66667,4.6666,0,35,-11.6667,0
0,1,22,11,4.6667,4.6666,0,35,-16.3334,0
0,1,22,10,4.6666,4.6666,0,35,-21,0
0,1,23,10,4.6666,4.6667,0,39.6666,-21,0
0,1,24,10,4.6666,4.6667,0,44.3334,-21,0
0,1,24,11,4.6667,4.6667,0,44.3334,-16.3334,0
0,1,24,12,4.66667,4.6667,0,44.3334,-11.6667,0
0,1,23,12,4.66667,4.6667,0,39.6666,-11.6667,0
0,0,24,11,4.6667,4.6667,0,44.3334,-16.3334,0
0,1,23,12,4.66667,4.6667,0,39.6666,-11.6667,0
0,1,23,11,4.6667,4.6667,0,39.6666,-16.3334,0
0,1,23,10,4.6666,4.6667,0,39.6666,-21,0
0,1,24,10,4.6666,4.6667,0,44.3334,-21,0
0,1,25,10,4.6666,4.6666,0,49,-21,0
0,1,25,11,4.6667,4.6666,0,49,-16.3334,0
0,1,25,12,4.66667,4.6666,0,49,-11.6667,0
0,1,24,12,4.66667,4.6667,0,44.3334,-11.6667,0
0,0,25,11,4.6667,4.6666,0,49,-16.3334,0
0,1,24,12,4.66667,4.6667,0,44.3334,-11.6667,0
0,1,24,11,4.6667,4.6667,0,44.3334,-16.3334,0
0,1,24,10,4.6666,4.6667,0,44.3334,-21,0
0,1,25,10,4.6666,4.6666,0,49,-21,0
0,1,26,10,4.6666,4.6667,0,53.6666,-21,0
0,1,26,11,4.6667,4.6667,0,53.6666,-16.3334,0
0,1,26,12,4.66667,4.6667,0,53.6666,-11.6667,0
0,1,25,12,4.66667,4.6666,0,49,-11.6667,0
0,0,26,11,4.6667,4.6667,0,53.6666,-16.3334,0
0,1,25,12,4.66667,4.6666,0,49,-11.6667,0
0,1,25,11,4.6667,4.6666,0,49,-16.3334,0
0,1,25,10,4.6666,4.6666,0,49,-21,0
0,1,26,10,4.6666,4.6667,0,53.6666,-21,0
0,1,27,10,4.6666,4.6667,0,58.3334,-21,0
0,1,27,11,4.6667,4.6667,0,58.3334,-16.3334,0
0,1,27,12,4.66667,4.6667,0,58.3334,-11.6667,0
0,1,26,12,4.66667,4.6667,0,53.6666,-11.6667,0
0,0,27,11,4.6667,4.6667,0,58.3334,-16.3334,0
0,1,26,12,4.66667,4.6667,0,53.6666,-11.6667,0
0,1,26,11,4.6667,4.6667,0,53.6666,-16.3334,0
0,1,26,10,4.6666,4.6667,0,53.6666,-21,0
0,1,27,10,4.6666,4.6667,0,58.3334,-21,0
0,1,28,10,4.6666,4.6666,0,63,-21,0
0,1,28,11,4.6667,4.6666,0,63,-16.3334,0
0,1,28,12,4.66667,4.6666,0,63,-11.6667,0
0,1,27,12,4.66667,4.6667,0,58.3334,-11.6667,0
0,0,28,11,4.6667,4.6666,0,63,-16.3334,0
0,1,27,12,4.66667,4.6667,0,58.3334,-11.6667,0
0,1,27,11,4.6667,4.6667,0,58.3334,-16.3334,0
0,1,27,10,4.6666,4.6667,0,58.3334,-21,0
0,1,28,10,4.6666,4.6666,0,63,-21,0
0,1,29,10,4.6666,4.6667,0,67.6666,-21,0
0,1,29,11,4.6667,4.6667,0,67.6666,-16.3334,0
0,1,29,12,4.66667,4.6667,0,67.6666,-11.6667,0
0,1,28,12,4.66667,4.6666,0,63,-11.6667,0
0,0,29,11,4.6667,4.6667,0,67.6666,-16.3334,0
0,1,28,12,4.66667,4.6666,0,63,-11.6667,0
0,1,28,11,4.6667,4.6666,0,63,-16.3334,0
0,1,28,10,4.6666,4.6666,0,63,-21,0
0,1,29,10,4.6666,4.6667,0,67.6666,-21,0
1,1,0,0,0,0,0,0,0,0
1,1,0,0,0,0,0,0,0,0
1,1,0,0,0,0,0,0,0,0
0,1,29,12,4.66667,4.6667,0,67.6666,-11.6667,0
0,0,0,12,4.66667,4.6667,0,-67.6666,-11.6667,0
1,1,0,0,0,0,0,0,0,0
1,1,0,0,0,0,0,0,0,0
1,1,0,0,0,0,0,0,0,0
0,1,0,11,4.6667,4.6667,0,-67.6666,-16.3334,0
0,1,1,11,4.6667,4.6666,0,-63,-16.3334,0
0,1,1,12,4.66667,4.6666,0,-63,-11.6667,0
0,1,1,13,4.66667,4.6666,0,-63,-7,0
0,1,0,13,4.66667,4.6667,0,-67.6666,-7,0
0,0,1,12,4.66667,4.6666,0,-63,-11.6667,0
0,1,0,13,4.66667,4.6667,0,-67.6666,-7,0
0,1,0,12,4.66667,4.6667,0,-67.6666,-11.6667,0
0,1,0,11,4.6667,4.6667,0,-67.6666,-16.3334,0
0,1,1,11,4.6667,4.6666,0,-63,-16.3334,0
0,1,2,11,4.6667,4.6667,0,-58.3334,-16.3334,0
0,1,2,12,4.66667,4.6667,0,-58.3334,-11.6667,0
0,1,2,13,4.66667,4.6667,0,-58.3334,-7,0
0,1,1,13,4.66667,4.6666,0,-63,-7,0
0,0,2,12,4.66667,4.6667,0,-58.3334,-11.6667,0
0,1,1,13,4.66667,4.6666,0,-63,-7,0
0,1,1,12,4.66667,4.6666,0,-63,-11.6667,0
0,1,1,11,4.6667,4.6666,0,-63,-16.3334,0
0,1,2,11,4.6667,4.6667,0,-58.3334,-16.3334,0
0,1,3,11,4.6667,4.6667,0,-53.6666,-16.3334,0
0,1,3,12,4.66667,4.6667,0,-53.6666,-11.6667,0
0,1,3,13,4.66667,4.6667,0,-53.6666,-7,0
0,1,2,13,4.66667,4.6667,0,-58.3334,-7,0
0,0,3,12,4.66667,4.6667,0,-53.6666,-11.6667,0
0,1,2,13,4.66667,4.6667,0,-58.3334,-7,0
0,1,2,12,4.66667,4.6667,0,-58.3334,-11.6667,0
0,1,2,11,4.6667,4.6667,0,-58.3334,-16.3334,0
0,1,3,11,4.6667,4.6667,0,-53.6666,-16.3334,0
0,1,4,11,4.6667,4.6666,0,-49,-16.3334,0
0,1,4,12,4.66667,4.6666,0,-49,-11.6667,0
0,1,4,13,4.66667,4.6666,0,-49,-7,0
0,1,3,13,4.66667,4.6667,0,-53.6666,-7,0
0,0,4,12,4.66667,4.6666,0,-49,-11.6667,0
0,1,3,13,4.66667,4.6667,0,-53.6666,-7,0
0,1,3,12,4.66667,4.6667,0,-53.6666,-11.6667,0
0,1,3,11,4.6667,4.6667,0,-53.6666,-16.3334,0
0,1,4,11,4.6667,4.6666,0,-49,-16.3334,0
0,1,5,11,4.6667,4.6667,0,-44.3334,-16.3334,0
0,1,5,12,4.66667,4.6667,0,-44.3334,-11.6667,0
0,1,5,13,4.66667,4.6667,0,-44.3334,-7,0
0,1,4,13,4.66667,4.6666,0,-49,-7,0
0,0,5,12,4.66667,4.6667,0,-44.3334,-11.6667,0
0,1,4,13,4.66667,4.6666,0,-49,-7,0
0,1,4,12,4.66667,4.6666,0,-49,-11.6667,0
0,1,4,11,4.6667,4.6666,0,-49,-16.3334,0
0,1,5,11,4.6667,4.6667,0,-44.3334,-16.3334,0
0,1,6,11,4.6667,4.6667,0,-39.6666,-16.3334,0
0,1,6,12,4.66667,4.6667,0,-39.6666,-11.6667,0
0,1,6,13,4.66667,4.6667,0,-39.6666,-7,0
0,1,5,13,4.66667,4.6667,0,-44.3334,-7,0
0,0,6,12,4.66667,4.6667,0,-39.6666,-11.6667,0
0,1,5,13,4.66667,4.6667,0,-44.3334,-7,0
0,1,5,12,4.66667,4.6667,0,-44.3334,-11.6667,0
0,1,5,11,4.6667,4.6667,0,-44.3334,-16.3334,0
0,1,6,11,4.6667,4.6667,0,-39.6666,-16.3334,0
0,1,7,11,4.6667,4.6666,0,-35,-16.3334,0
0,1,7,12,4.66667,4.6666,0,-35,-11.6667,0
0,1,7,13,4.66667,4.6666,0,-35,-7,0
0,1,6,13,4.66667,4.6667,0,-39.6666,-7,0
0,0,7,12,4.66667,4.6666,0,-35,-11.6667,0
0,1,6,13,4.66667,4.6667,0,-39.6666,-7,0
0,1,6,12,4.66667,4.6667,0,-39.6666,-11.6667,0
0,1,6,11,4.6667,4.6667,0,-39.6666,-16.3334,0
0,1,7,11,4.6667,4.6666,0,-35,-16.3334,0
0,1,8,11,4.6667,4.6667,0,-30.3333,-16.3334,0
0,1,8,12,4.66667,4.6667,0,-30.3333,-11.6667,0
0,1,8,13,4.66667,4.6667,0,-30.3333,-7,0
0,1,7,13,4.66667,4.6666,0,-35,-7,0
0,0,8,12,4.66667,4.6667,0,-30.3333,-11.6667,0
0,1,7,13,4.66667,4.6666,0,-35,-7,0
0,1,7,12,4.66667,4.6666,0,-35,-11.6667,0
0,1,7,11,4.6667,4.6666,0,-35,-16.3334,0
0,1,8,11,4.6667,4.6667,0,-30.3333,-16.3334,0
0,1,9,11,4.6667,4.6667,0,-25.6666,-16.3334,0
0,1,9,12,4.66667,4.6667,0,-25.6666,-11.6667,0
0,1,9,13,4.66667,4.6667,0,-25.6666,-7,0
0,1,8,13,4.66667,4.6667,0,-30.3333,-7,0
0,0,9,12,4.66667,4.6667,0,-25.6666,-11.6667,0
0,1,8,13,4.66667,4.6667,0,-30.3333,-7,0
0,1,8,12,4.66667,4.6667,0,-30.3333,-11.6667,0
0,1,8,11,4.6667,4.6667,0,-30.3333,-16.3334,0
0,1,9,11,4.6667,4.6667,0,-25.6666,-16.3334,0
0,1,10,11,4.6667,4.6666,0,-21,-16.3334,0
0,1,10,12,4.66667,4.6666,0,-21,-11.6667,0
0,1,10,13,4.66667,4.6666,0,-21,-7,0
0,1,9,13,4.66667,4.6667,0,-25.6666,-7,0
0,0,10,12,4.66667,4.6666,0,-21,-11.6667,0
0,1,9,13,4.66667,4.6667,0,-25.6666,-7,0
0,1,9,12,4.66667,4.6667,0,-25.6666,-11.6667,0
0,1,9,11,4.6667,4.6667,0,-25.6666,-16.3334,0
0,1,10,11,4.6667,4.6666,0,-21,-16.3334,0
0,1,11,11,4.6667,4.6667,0,-16.3334,-16.3334,0
0,1,11,12,4.66667,4.6667,0,-16.3334,-11.6667,0
0,1,11,13,4.66667,4.6667,0,-16.3334,-7,0
0,1,10,13,4.66667,4.6666,0,-21,-7,0
0,0,11,12,4.66667,4.6667,0,-16.3334,-11.6667,0
0,1,10,13,4.66667,4.6666,0,-21,-7,0
0,1,10,12,4.66667,4.6666,0,-21,-11.6667,0
0,1,10,11,4.6667,4.6666,0,-21,-16.3334,0
0,1,11,11,4.6667,4.6667,0,-16.3334,-16.3334,0
0,1,12,11,4.6667,4.66667,0,-11.6667,-16.3334,0
0,1,12,12,4.66667,4.66667,0,-11.6667,-11.6667,0
0,1,12,13,4.66667,4.66667,0,-11.6667,-7,0
0,1,11,13,4.66667,4.6667,0,-16.3334,-7,0
0,0,12,12,4.66667,4.66667,0,-11.6667,-11.6667,0
0,1,11,13,4.66667,4.6667,0,-16.3334,-7,0
0,1,11,12,4.66667,4.6667,0,-16.3334,-11.6667,0
0,1,11,11,4.6667,4.6667,0,-16.3334,-16.3334,0
0,1,12,11,4.6667,4.66667,0,-11.6667,-16.3334,0
0,1,13,11,4.6667,4.66667,0,-7,-16.3334,0
0,1,13,12,4.66667,4.66667,0,-7,-11.6667,0
0,1,13,13,4.66667,4.66667,0,-7,-7,0
0,1,12,13,4.66667,4.66667,0,-11.6667,-7,0
0,0,13,12,4.66667,4.66667,0,-7,-11.6667,0
0,1,12,13,4.66667,4.66667,0,-11.6667,-7,0
0,1,12,12,4.66667,4.66667,0,-11.6667,-11.6667,0
0,1,12,11,4.6667,4.66667,0,-11.6667,-16.3334,0
0,1,13,11,4.6667,4.66667,0,-7,-16.3334,0
0,1,14,11,4.6667,4.66666,0,-2.33333,-16.3334,0
0,1,14,12,4.66667,4.66666,0,-2.33333,-11.6667,0
0,1,14,13,4.66667,4.66666,0,-2.33333,-7,0
0,1,13,13,4.66667,4.66667,0,-7,-7,0
0,0,14,12,4.66667,4.66666,0,-2.33333,-11.6667,0
0,1,13,13,4.66667,4.66667,0,-7,-7,0
0,1,13,12,4.66667,4.66667,0,-7,-11.6667,0
0,1,13,11,4.6667,4.66667,0,-7,-16.3334,0
0,1,14,11,4.6667,4.66666,0,-2.33333,-16.3334,0
0,1,15,11,4.6667,4.66667,0,2.33334,-16.3334,0
0,1,15,12,4.66667,4.66667,0,2.33334,-11.6667,0
0,1,15,13,4.66667,4.66667,0,2.33334,-7,0
0,1,14,13,4.66667,4.66666,0,-2.33333,-7,0
0,0,15,12,4.66667,4.66667,0,2.33334,-11.6667,0
0,1,14,13,4.66667,4.66666,0,-2.33333,-7,0
0,1,14,12,4.66667,4.66666,0,-2.33333,-11.6667,0
0,1,14,11,4.6667,4.66666,0,-2.33333,-16.3334,0
0,1,15,11,4.6667,4.66667,0,2.33334,-16.3334,0
0,1,16,11,4.6667,4.66667,0,7,-16.3334,0
0,1,16,12,4.66667,4.66667,0,7,-11.6667,0
0,1,16,13,4.66667,4.66667,0,7,-7,0
0,1,15,13,4.66667,4.66667,0,2.33334,-7,0
0,0,16,12,4.66667,4.66667,0,7,-11.6667,0
0,1,15,13,4.66667,4.66667,0,2.33334,-7,0
0,1,15,12,4.66667,4.66667,0,2.33334,-11.6667,0
0,1,15,11,4.6667,4.66667,0,2.33334,-16.3334,0
0,1,16,11,4.6667,4.66667,0,7,-16.3334,0
0,1,17,11,4.6667,4.66666,0,11.6667,-16.3334,0
0,1,17,12,4.66667,4.66666,0,11.6667,-11.6667,0
0,1,17,13,4.66667,4.66666,0,11.6667,-7,0
0,1,16,13,4.66667,4.66667,0,7,-7,0
0,0,17,12,4.66667,4.66666,0,11.6667,-11.6667,0
0,1,16,13,4.66667,4.66667,0,7,-7,0
0,1,16,12,4.66667,4.66667,0,7,-11.6667,0
0,1,16,11,4.6667,4.66667,0,7,-16.3334,0
0,1,17,11,4.6667,4.66666,0,11.6667,-16.3334,0
0,1,18,11,4.6667,4.6667,0,16.3334,-16.3334,0
0,1,18,12,4.66667,4.6667,0,16.3334,-11.6667,0
0,1,18,13,4.66667,4.6667,0,16.3334,-7,0
0,1,17,13,4.66667,4.66666,0,11.6667,-7,0
0,0,18,12,4.66667,4.6667,0,16.3334,-11.6667,0
0,1,17,13,4.66667,4.66666,0,11.6667,-7,0
0,1,17,12,4.66667,4.66666,0,11.6667,-11.6667,0
0,1,17,11,4.6667,4.66666,0,11.6667,-16.3334,0
0,1,18,11,4.6667,4.6667,0,16.3334,-16.3334,0
0,1,19,11,4.6667,4.6666,0,21,-16.3334,0
0,1,19,12,4.66667,4.6666,0,21,-11.6667,0
0,1,19,13,4.66667,4.6666,0,21,-7,0
0,1,18,13,4.66667,4.6667,0,16.3334,-7,0
0,0,19,12,4.66667,4.6666,0,21,-11.6667,0
0,1,18,13,4.66667,4.6667,0,16.3334,-7,0
0,1,18,12,4.66667,4.6667,0,16.3334,-11.6667,0
0,1,18,11,4.6667,4.6667,0,16.3334,-16.3334,0
0,1,19,11,4.6667,4.6666,0,21,-16.3334,0
1,1,0,0,0,0,0,0,0,0
0,1,20,12,4.66667,4.6667,0,25.6666,-11.6667,0
0,1,20,13,4.66667,4.6667,0,25.6666,-7,0
0,1,19,13,4.66667,4.6666,0,21,-7,0
0,0,20,12,4.66667,4.6667,0,25.6666,-11.6667,0
0,1,19,13,4.66667,4.6666,0,21,-7,0
0,1,19,12,4.66667,4.6666,0,21,-11.6667,0
0,1,19,11,4.6667,4.6666,0,21,-16.3334,0
1,1,0,0,0,0,0,0,0,0
1,1,0,0,0,0,0,0,0,0
0,1,21,12,4.66667,4.6667,0,30.3333,-11.6667,0
0,1,21,13,4.66667,4.6667,0,30.3333,-7,0
0,1,20,13,4.66667,4.6667,0,25.6666,-7,0
0,0,21,12,4.66667,4.6667,0,30.3333,-11.6667,0
0,1,20,13,4.66667,4.6667,0,25.6666,-7,0
0,1,20,12,4.66667,4.6667,0,25.6666,-11.6667,0
1,1,0,0,0,0,0,0,0,0
1,1,0,0,0,0,0,0,0,0
0,1,22,11,4.6667,4.6666,0,35,-16.3334,0
0,1,22,12,4.66667,4.6666,0,35,-11.6667,0
0,1,22,13,4.66667,4.6666,0,35,-7,0
0,1,21,13,4.66667,4.6667,0,30.3333,-7,0
0,0,22,12,4.66667,4.6666,0,35,-11.6667,0
0,1,21,13,4.66667,4.6667,0,30.3333,-7,0
0,1,21,12,4.66667,4.6667,0,30.3333,-11.6667,0
1,1,0,0,0,0,0,0,0,0
0,1,22,11,4.6667,4.6666,0,35,-16.3334,0
0,1,23,11,4.6667,4.6667,0,39.6666,-16.3334,0
0,1,23,12,4.66667,4.6667,0,39.6666,-11.6667,0
0,1,23,13,4.66667,4.6667,0,39.6666,-7,0
0,1,22,13,4.66667,4.6666,0,35,-7,0
0,0,23,12,4.66667,4.6667,0,39.6666,-11.6667,0
0,1,22,13,4.66667,4.6666,0,35,-7,0
0,1,22,12,4.66667,4.6666,0,35,-11.6667,0
0,1,22,11,4.6667,4.6666,0,35,-16.3334,0
0,1,23,11,4.6667,4.6667,0,39.6666,-16.3334,0
0,1,24,11,4.6667,4.6667,0,44.3334,-16.3334,0
0,1,24,12,4.66667,4.6667,0,44.3334,-11.6667,0
0,1,24,13,4.66667,4.6667,0,44.3334,-7,0
0,1,23,13,4.66667,4.6667,0,39.6666,-7,0
0,0,24,12,4.66667,4.6667,0,44.3334,-11.6667,0
0,1,23,13,4.66667,4.6667,0,39.6666,-7,0
0,1,23,12,4.66667,4.6667,0,39.6666,-11.6667,0
0,1,23,11,4.6667,4.6667,0,39.6666,-16.3334,0
0,1,24,11,4.6667,4.6667,0,44.3334,-16.3334,0
0,1,25,11,4.6667,4.6666,0,49,-16.3334,0
0,1,25,12,4.66667,4.6666,0,49,-11.6667,0
0,1,25,13,4.66667,4.6666,0,49,-7,0
0,1,24,13,4.66667,4.6667,0,44.3334,-7,0
0,0,25,12,4.66667,4.6666,0,49,-11.6667,0
0,1,24,13,4.66667,4.6667,0,44.3334,-7,0
0,1,24,12,4.66667,4.6667,0,44.3334,-11.6667,0
0,1,24,11,4.6667,4.6667,0,44.3334,-16.3334,0
0,1,25,11,4.6667,4.6666,0,49,-16.3334,0
0,1,26,11,4.6667,4.6667,0,53.6666,-16.3334,0
0,1,26,12,4.66667,4.6667,0,53.6666,-11.6667,0
0,1,26,13,4.66667,4.6667,0,53.6666,-7,0
0,1,25,13,4.66667,4.6666,0,49,-7,0
0,0,26,12,4.66667,4.6667,0,53.6666,-11.6667,0
0,1,25,13,4.66667,4.6666,0,49,-7,0
0,1,25,12,4.66667,4.6666,0,49,-11.6667,0
0,1,25,11,4.6667,4.6666,0,49,-16.3334,0
0,1,26,11,4.6667,4.6667,0,53.6666,-16.3334,0
0,1,27,11,4.6667,4.6667,0,58.3334,-16.3334,0
0,1,27,12,4.66667,4.6667,0,58.3334,-11.6667,0
0,1,27,13,4.66667,4.6667,0,58.3334,-7,0
0,1,26,13,4.66667,4.6667,0,53.6666,-7,0
0,0,27,12,4.66667,4.6667,0,58.3334,-11.6667,0
0,1,26,13,4.66667,4.6667,0,53.6666,-7,0
0,1,26,12,4.66667,4.6667,0,53.6666,-11.6667,0
0,1,26,11,4.6667,4.6667,0,53.6666,-16.3334,0
0,1,27,11,4.6667,4.6667,0,58.3334,-16.3334,0
0,1,28,11,4.6667,4.6666,0,63,-16.3334,0
0,1,28,12,4.66667,4.6666,0,63,-11.6667,0
0,1,28,13,4.66667,4.6666,0,63,-7,0
0,1,27,13,4.66667,4.6667,0,58.3334,-7,0
0,0,28,12,4.66667,4.6666,0,63,-11.6667,0
0,1,27,13,4.66667,4.6667,0,58.3334,-7,0
0,1,27,12,4.66667,4.6667,0,58.3334,-11.6667,0
0,1,27,11,4.6667,4.6667,0,58.3334,-16.3334,0
0,1,28,11,4.6667,4.6666,0,63,-16.3334,0
0,1,29,11,4.6667,4.6667,0,67.6666,-16.3334,0
0,1,29,12,4.66667,4.6667,0,67.6666,-11.6667,0
0,1,29,13,4.66667,4.6667,0,67.6666,-7,0
0,1,28,13,4.66667,4.6666,0,63,-7,0
0,0,29,12,4.66667,4.6667,0,67.6666,-11.6667,0
0,1,28,13,4.66667,4.6666,0,63,-7,0
0,1,28,12,4.66667,4.6666,0,63,-11.6667,0
0,1,28,11,4.6667,4.6666,0,63,-16.3334,0
0,1,29,11,4.6667,4.6667,0,67.6666,-16.3334,0
1,1,0,0,0,0,0,0,0,0
1,1,0,0,0,0,0,0,0,0
1,1,0,0,0,0,0,0,0,0
0,1,29,13,4.66667,4.6667,0,67.6666,-7,0
0,0,0,13,4.66667,4.6667,0,-67.6666,-7,0
1,1,0,0,0,0,0,0,0,0
1,1,0,0,0,0,0,0,0,0
1,1,0,0,0,0,0,0,0,0
0,1,0,12,4.66667,4.6667,0,-67.6666,-11.6667,0
0,1,1,12,4.66667,4.6666,0,-63,-11.6667,0
0,1,1,13,4.66667,4.6666,0,-63,-7,0
0,1,1,14,4.66666,4.6666,0,-63,-2.33333,0
0,1,0,14,4.66666,4.6667,0,-67.6666,-2.33333,0
0,0,1,13,4.66667,4.6666,0,-63,-7,0
0,1,0,14,4.66666,4.6667,0,-67.6666,-2.33333,0
0,1,0,13,4.66667,4.6667,0,-67.6666,-7,0
0,1,0,12,4.66667,4.6667,0,-67.6666,-11.6667,0
0,1,1,12,4.66667,4.6666,0,-63,-11.6667,0
0,1,2,12,4.66667,4.6667,0,-58.3334,-11.6667,0
0,1,2,13,4.66667,4.6667,0,-58.3334,-7,0
0,1,2,14,4.66666,4.6667,0,-58.3334,-2.33333,0
0,1,1,14,4.66666,4.6666,0,-63,-2.33333,0
0,0,2,13,4.66667,4.6667,0,-58.3334,-7,0
0,1,1,14,4.66666,4.6666,0,-63,-2.33333,0
0,1,1,13,4.66667,4.6666,0,-63,-7,0
0,1,1,12,4.66667,4.6666,0,-63,-11.6667,0
0,1,2,12,4.66667,4.6667,0,-58.3334,-11.6667,0
0,1,3,12,4.66667,4.6667,0,-53.6666,-11.6667,0
0,1,3,13,4.66667,4.6667,0,-53.6666,-7,0
0,1,3,14,4.66666,4.6667,0,-53.6666,-2.33333,0
0,1,2,14,4.66666,4.6667,0,-58.3334,-2.33333,0
0,0,3,13,4.66667,4.6667,0,-53.6666,-7,0
0,1,2,14,4.66666,4.6667,0,-58.3334,-2.33333,0
0,1,2,13,4.66667,4.6667,0,-58.3334,-7,0
0,1,2,12,4.66667,4.6667,0,-58.3334,-11.6667,0
0,1,3,12,4.66667,4.6667,0,-53.6666,-11.6667,0
0,1,4,12,4.66667,4.6666,0,-49,-11.6667,0
0,1,4,13,4.66667,4.6666,0,-49,-7,0
0,1,4,14,4.66666,4.6666,0,-49,-2.33333,0
0,1,3,14,4.66666,4.6667,0,-53.6666,-2.33333,0
0,0,4,13,4.66667,4.6666,0,-49,-7,0
0,1,3,14,4.66666,4.6667,0,-53.6666,-2.33333,0
0,1,3,13,4.66667,4.6667,0,-53.6666,-7,0
0,1,3,12,4.66667,4.6667,0,-53.6666,-11.6667,0
0,1,4,12,4.66667,4.6666,0,-49,-11.6667,0
0,1,5,12,4.66667,4.6667,0,-44.3334,-11.6667,0
0,1,5,13,4.66667,4.6667,0,-44.3334,-7,0
0,1,5,14,4.66666,4.6667,0,-44.3334,-2.33333,0
0,1,4,14,4.66666,4.6666,0,-49,-2.33333,0
0,0,5,13,4.66667,4.6667,0,-44.3334,-7,0
0,1,4,14,4.66666,4.6666,0,-49,-2.33333,0
0,1,4,13,4.66667,4.6666,0,-49,-7,0
0,1,4,12,4.66667,4.6666,0,-49,-11.6667,0
0,1,5,12,4.66667,4.6667,0,-44.3334,-11.6667,0
0,1,6,12,4.66667,4.6667,0,-39.6666,-11.6667,0
0,1,6,13,4.66667,4.6667,0,-39.6666,-7,0
0,1,6,14,4.66666,4.6667,0,-39.6666,-2.33333,0
0,1,5,14,4.66666,4.6667,0,-44.3334,-2.33333,0
0,0,6,13,4.66667,4.6667,0,-39.6666,-7,0
0,1,5,14,4.66666,4.6667,0,-44.3334,-2.33333,0
0,1,5,13,4.66667,4.6667,0,-44.3334,-7,0
0,1,5,12,4.66667,4.6667,0,-44.3334,-11.6667,0
0,1,6,12,4.66667,4.6667,0,-39.6666,-11.6667,0
0,1,7,12,4.66667,4.6666,0,-35,-11.6667,0
0,1,7,13,4.66667,4.6666,0,-35,-7,0
0,1,7,14,4.66666,4.6666,0,-35,-2.33333,0
0,1,6,14,4.66666,4.6667,0,-39.6666,-2.33333,0
0,0,7,13,4.66667,4.6666,0,-35,-7,0
0,1,6,14,4.66666,4.6667,0,-39.6666,-2.33333,0
0,1,6,13,4.66667,4.6667,0,-39.6666,-7,0
0,1,6,12,4.66667,4.6667,0,-39.6666,-11.6667,0
0,1,7,12,4.66667,4.6666,0,-35,-11.6667,0
0,1,8,12,4.66667,4.6667,0,-30.3333,-11.6667,0
0,1,8,13,4.66667,4.6667,0,-30.3333,-7,0
0,1,8,14,4.66666,4.6667,0,-30.3333,-2.33333,0
0,1,7,14,4.66666,4.6666,0,-35,-2.33333,0
0,0,8,13,4.66667,4.6667,0,-30.3333,-7,0
0,1,7,14,4.66666,4.6666,0,-35,-2.33333,0
0,1,7,13,4.66667,4.6666,0,-35,-7,0
0,1,7,12,4.66667,4.6666,0,-35,-11.6667,0
0,1,8,12,4.66667,4.6667,0,-30.3333,-11.6667,0
0,1,9,12,4.66667,4.6667,0,-25.6666,-11.6667,0
0,1,9,13,4.66667,4.6667,0,-25.6666,-7,0
1,1,0,0,0,0,0,0,0,0
0,1,8,14,4.66666,4.6667,0,-30.3333,-2.33333,0
0,0,9,13,4.66667,4.6667,0,-25.6666,-7,0
0,1,8,14,4.66666,4.6667,0,-30.3333,-2.33333,0
0,1,8,13,4.66667,4.6667,0,-30.3333,-7,0
0,1,8,12,4.66667,4.6667,0,-30.3333,-11.6667,0
0,1,9,12,4.66667,4.6667,0,-25.6666,-11.6667,0
0,1,10,12,4.66667,4.6666,0,-21,-11.6667,0
0,1,10,13,4.66667,4.6666,0,-21,-7,0
0,1,10,14,4.66666,4.6666,0,-21,-2.33333,0
1,1,0,0,0,0,0,0,0,0
0,0,10,13,4.66667,4.6666,0,-21,-7,0
1,1,0,0,0,0,0,0,0,0
0,1,9,13,4.66667,4.6667,0,-25.6666,-7,0
0,1,9,12,4.66667,4.6667,0,-25.6666,-11.6667,0
0,1,10,12,4.66667,4.6666,0,-21,-11.6667,0
0,1,11,12,4.66667,4.6667,0,-16.3334,-11.6667,0
0,1,11,13,4.66667,4.6667,0,-16.3334,-7,0
0,1,11,14,4.66666,4.6667,0,-16.3334,-2.33333,0
0,1,10,14,4.66666,4.6666,0,-21,-2.33333,0
0,0,11,13,4.66667,4.6667,0,-16.3334,-7,0
0,1,10,14,4.66666,4.6666,0,-21,-2.33333,0
0,1,10,13,4.66667,4.6666,0,-21,-7,0
0,1,10,12,4.66667,4.6666,0,-21,-11.6667,0
0,1,11,12,4.66667,4.6667,0,-16.3334,-11.6667,0
0,1,12,12,4.66667,4.66667,0,-11.6667,-11.6667,0
0,1,12,13,4.66667,4.66667,0,-11.6667,-7,0
0,1,12,14,4.66666,4.66667,0,-11.6667,-2.33333,0
0,1,11,14,4.66666,4.6667,0,-16.3334,-2.33333,0
0,0,12,13,4.66667,4.66667,0,-11.6667,-7,0
0,1,11,14,4.66666,4.6667,0,-16.3334,-2.33333,0
0,1,11,13,4.66667,4.6667,0,-16.3334,-7,0
0,1,11,12,4.66667,4.6667,0,-16.3334,-11.6667,0
0,1,12,12,4.66667,4.66667,0,-11.6667,-11.6667,0
0,1,13,12,4.66667,4.66667,0,-7,-11.6667,0
0,1,13,13,4.66667,4.66667,0,-7,-7,0
0,1,13,14,4.66666,4.66667,0,-7,-2.33333,0
0,1,12,14,4.66666,4.66667,0,-11.6667,-2.33333,0
0,0,13,13,4.66667,4.66667,0,-7,-7,0
0,1,12,14,4.66666,4.66667,0,-11.6667,-2.33333,0
0,1,12,13,4.66667,4.66667,0,-11.6667,-7,0
0,1,12,12,4.66667,4.66667,0,-11.6667,-11.6667,0
0,1,13,12,4.66667,4.66667,0,-7,-11.6667,0
0,1,14,12,4.66667,4.66666,0,-2.33333,-11.6667,0
0,1,14,13,4.66667,4.66666,0,-2.33333,-7,0
0,1,14,14,4.66666,4.66666,0,-2.33333,-2.33333,0
0,1,13,14,4.66666,4.66667,0,-7,-2.33333,0
0,0,14,13,4.66667,4.66666,0,-2.33333,-7,0
0,1,13,14,4.66666,4.66667,0,-7,-2.33333,0
0,1,13,13,4.66667,4.66667,0,-7,-7,0
0,1,13,12,4.66667,4.66667,0,-7,-11.6667,0
0,1,14,12,4.66667,4.66666,0,-2.33333,-11.6667,0
0,1,15,12,4.66667,4.66667,0,2.33334,-11.6667,0
0,1,15,13,4.66667,4.66667,0,2.33334,-7,0
0,1,15,14,4.66666,4.66667,0,2.33334,-2.33333,0
0,1,14,14,4.66666,4.66666,0,-2.33333,-2.33333,0
0,0,15,13,4.66667,4.66667,0,2.33334,-7,0
0,1,14,14,4.66666,4.66666,0,-2.33333,-2.33333,0
0,1,14,13,4.66667,4.66666,0,-2.33333,-7,0
0,1,14,12,4.66667,4.66666,0,-2.33333,-11.6667,0
0,1,15,12,4.66667,4.66667,0,2.33334,-11.6667,0
0,1,16,12,4.66667,4.66667,0,7,-11.6667,0
0,1,16,13,4.66667,4.66667,0,7,-7,0
0,1,16,14,4.66666,4.66667,0,7,-2.33333,0
0,1,15,14,4.66666,4.66667,0,2.33334,-2.33333,0
0,0,16,13,4.66667,4.66667,0,7,-7,0
0,1,15,14,4.66666,4.66667,0,2.33334,-2.33333,0
0,1,15,13,4.66667,4.66667,0,2.33334,-7,0
0,1,15,12,4.66667,4.66667,0,2.33334,-11.6667,0
0,1,16,12,4.66667,4.66667,0,7,-11.6667,0
0,1,17,12,4.66667,4.66666,0,11.6667,-11.6667,0
0,1,17,13,4.66667,4.66666,0,11.6667,-7,0
0,1,17,14,4.66666,4.66666,0,11.6667,-2.33333,0
0,1,16,14,4.66666,4.66667,0,7,-2.33333,0
0,0,17,13,4.66667,4.66666,0,11.6667,-7,0
0,1,16,14,4.66666,4.66667,0,7,-2.33333,0
0,1,16,13,4.66667,4.66667,0,7,-7,0
0,1,16,12,4.66667,4.66667,0,7,-11.6667,0
0,1,17,12,4.66667,4.66666,0,11.6667,-11.6667,0
0,1,18,12,4.66667,4.6667,0,16.3334,-11.6667,0
0,1,18,13,4.66667,4.6667,0,16.3334,-7,0
0,1,18,14,4.66666,4.6667,0,16.3334,-2.33333,0
0,1,17,14,4.66666,4.66666,0,11.6667,-2.33333,0
0,0,18,13,4.66667,4.6667,0,16.3334,-7,0
0,1,17,14,4.66666,4.66666,0,11.6667,-2.33333,0
0,1,17,13,4.66667,4.66666,0,11.6667,-7,0
0,1,17,12,4.66667,4.66666,0,11.6667,-11.6667,0
0,1,18,12,4.66667,4.6667,0,16.3334,-11.6667,0
0,1,19,12,4.66667,4.6666,0,21,-11.6667,0
0,1,19,13,4.66667,4.6666,0,21,-7,0
0,1,19,14,4.66666,4.6666,0,21,-2.33333,0
0,1,18,14,4.66666,4.6667,0,16.3334,-2.33333,0
0,0,19,13,4.66667,4.6666,0,21,-7,0
0,1,18,14,4.66666,4.6667,0,16.3334,-2.33333,0
0,1,18,13,4.66667,4.6667,0,16.3334,-7,0
0,1,18,12,4.66667,4.6667,0,16.3334,-11.6667,0
0,1,19,12,4.66667,4.6666,0,21,-11.6667,0
0,1,20,12,4.66667,4.6667,0,25.6666,-11.6667,0
0,1,20,13,4.66667,4.6667,0,25.6666,-7,0
0,1,20,14,4.66666,4.6667,0,25.6666,-2.33333,0
0,1,19,14,4.66666,4.6666,0,21,-2.33333,0
0,0,20,13,4.66667,4.6667,0,25.6666,-7,0
0,1,19,14,4.66666,4.6666,0,21,-2.33333,0
0,1,19,13,4.66667,4.6666,0,21,-7,0
0,1,19,12,4.66667,4.6666,0,21,-11.6667,0
0,1,20,12,4.66667,4.6667,0,25.6666,-11.6667,0
0,1,21,12,4.66667,4.6667,0,30.3333,-11.6667,0
0,1,21,13,4.66667,4.6667,0,30.3333,-7,0
0,1,21,14,4.66666,4.6667,0,30.3333,-2.33333,0
0,1,20,14,4.66666,4.6667,0,25.6666,-2.33333,0
0,0,21,13,4.66667,4.6667,0,30.3333,-7,0
0,1,20,14,4.66666,4.6667,0,25.6666,-2.33333,0
0,1,20,13,4.66667,4.6667,0,25.6666,-7,0
0,1,20,12,4.66667,4.6667,0,25.6666,-11.6667,0
0,1,21,12,4.66667,4.6667,0,30.3333,-11.6667,0
0,1,22,12,4.66667,4.6666,0,35,-11.6667,0
0,1,22,13,4.66667,4.6666,0,35,-7,0
0,1,22,14,4.66666,4.6666,0,35,-2.33333,0
0,1,21,14,4.66666,4.6667,0,30.3333,-2.33333,0
0,0,22,13,4.66667,4.6666,0,35,-7,0
0,1,21,14,4.66666,4.6667,0,30.3333,-2.33333,0
0,1,21,13,4.66667,4.6667,0,30.3333,-7,0
0,1,21,12,4.66667,4.6667,0,30.3333,-11.6667,0
0,1,22,12,4.66667,4.6666,0,35,-11.6667,0
0,1,23,12,4.66667,4.6667,0,39.6666,-11.6667,0
0,1,23,13,4.66667,4.6667,0,39.6666,-7,0
0,1,23,14,4.66666,4.6667,0,39.6666,-2.33333,0
0,1,22,14,4.66666,4.6666,0,35,-2.33333,0
0,0,23,13,4.66667,4.6667,0,39.6666,-7,0
0,1,22,14,4.66666,4.6666,0,35,-2.33333,0
0,1,22,13,4.66667,4.6666,0,35,-7,0
0,1,22,12,4.66667,4.6666,0,35,-11.6667,0
0,1,23,12,4.66667,4.6667,0,39.6666,-11.6667,0
0,1,24,12,4.66667,4.6667,0,44.3334,-11.6667,0
0,1,24,13,4.66667,4.6667,0,44.3334,-7,0
0,1,24,14,4.66666,4.6667,0,44.3334,-2.33333,0
0,1,23,14,4.66666,4.6667,0,39.6666,-2.33333,0
0,0,24,13,4.66667,4.6667,0,44.3334,-7,0
0,1,23,14,4.66666,4.6667,0,39.6666,-2.33333,0
0,1,23,13,4.66667,4.6667,0,39.6666,-7,0
0,1,23,12,4.66667,4.6667,0,39.6666,-11.6667,0
0,1,24,12,4.66667,4.6667,0,44.3334,-11.6667,0
0,1,25,12,4.66667,4.6666,0,49,-11.6667,0
0,1,25,13,4.66667,4.6666,0,49,-7,0
0,1,25,14,4.66666,4.6666,0,49,-2.33333,0
0,1,24,14,4.66666,4.6667,0,44.3334,-2.33333,0
0,0,25,13,4.66667,4.6666,0,49,-7,0
0,1,24,14,4.66666,4.6667,0,44.3334,-2.33333,0
0,1,24,13,4.66667,4.6667,0,44.3334,-7,0
0,1,24,12,4.66667,4.6667,0,44.3334,-11.6667,0
0,1,25,12,4.66667,4.6666,0,49,-11.6667,0
0,1,26,12,4.66667,4.6667,0,53.6666,-11.6667,0
0,1,26,13,4.66667,4.6667,0,53.6666,-7,0
0,1,26,14,4.66666,4.6667,0,53.6666,-2.33333,0
0,1,25,14,4.66666,4.6666,0,49,-2.33333,0
0,0,26,13,4.66667,4.6667,0,53.6666,-7,0
0,1,25,14,4.66666,4.6666,0,49,-2.33333,0
0,1,25,13,4.66667,4.6666,0,49,-7,0
0,1,25,12,4.66667,4.6666,0,49,-11.6667,0
0,1,26,12,4.66667,4.6667,0,53.6666,-11.6667,0
0,1,27,12,4.66667,4.6667,0,58.3334,-11.6667,0
0,1,27,13,4.66667,4.6667,0,58.3334,-7,0
0,1,27,14,4.66666,4.6667,0,58.3334,-2.33333,0
0,1,26,14,4.66666,4.6667,0,53.6666,-2.33333,0
0,0,27,13,4.66667,4.6667,0,58.3334,-7,0
0,1,26,14,4.66666,4.6667,0,53.6666,-2.33333,0
0,1,26,13,4.66667,4.6667,0,53.6666,-7,0
0,1,26,12,4.66667,4.6667,0,53.6666,-11.6667,0
0,1,27,12,4.66667,4.6667,0,58.3334,-11.6667,0
0,1,28,12,4.66667,4.6666,0,63,-11.6667,0
0,1,28,13,4.66667,4.6666,0,63,-7,0
0,1,28,14,4.66666,4.6666,0,63,-2.33333,0
0,1,27,14,4.66666,4.6667,0,58.3334,-2.33333,0
0,0,28,13,4.66667,4.6666,0,63,-7,0
0,1,27,14,4.66666,4.6667,0,58.3334,-2.33333,0
0,1,27,13,4.66667,4.6667,0,58.3334,-7,0
0,1,27,12,4.66667,4.6667,0,58.3334,-11.6667,0
0,1,28,12,4.66667,4.6666,0,63,-11.6667,0
0,1,29,12,4.66667,4.6667,0,67.6666,-11.6667,0
0,1,29,13,4.66667,4.6667,0,67.6666,-7,0
0,1,29,14,4.66666,4.6667,0,67.6666,-2.33333,0
0,1,28,14,4.66666,4.6666,0,63,-2.33333,0
0,0,29,13,4.66667,4.6667,0,67.6666,-7,0
0,1,28,14,4.66666,4.6666,0,63,-2.33333,0
0,1,28,13,4.66667,4.6666,0,63,-7,0
0,1,28,12,4.66667,4.6666,0,63,-11.6667,0
0,1,29,12,4.66667,4.6667,0,67.6666,-11.6667,0
1,1,0,0,0,0,0,0,0,0
1,1,0,0,0,0,0,0,0,0
1,1,0,0,0,0,0,0,0,0
0,1,29,14,4.66666,4.6667,0,67.6666,-2.33333,0
0,0,0,14,4.66666,4.6667,0,-67.6666,-2.33333,0
1,1,0,0,0,0,0,0,0,0
1,1,0,0,0,0,0,0,0,0
1,1,0,0,0,0,0,0,0,0
0,1,0,13,4.66667,4.6667,0,-67.6666,-7,0
0,1,1,13,4.66667,4.6666,0,-63,-7,0
0,1,1,14,4.66666,4.6666,0,-63,-2.33333,0
0,1,1,15,4.66667,4.6666,0,-63,2.33334,0
0,1,0,15,4.66667,4.6667,0,-67.6666,2.33334,0
0,0,1,14,4.66666,4.6666,0,-63,-2.33333,0
0,1,0,15,4.66667,4.6667,0,-67.6666,2.33334,0
0,1,0,14,4.66666,4.6667,0,-67.6666,-2.33333,0
0,1,0,13,4.66667,4.6667,0,-67.6666,-7,0
0,1,1,13,4.66667,4.6666,0,-63,-7,0
0,1,2,13,4.66667,4.6667,0,-58.3334,-7,0
0,1,2,14,4.66666,4.6667,0,-58.3334,-2.33333,0
0,1,2,15,4.66667,4.6667,0,-58.3334,2.33334,0
0,1,1,15,4.66667,4.6666,0,-63,2.33334,0
0,0,2,14,4.66666,4.6667,0,-58.3334,-2.33333,0
0,1,1,15,4.66667,4.6666,0,-63,2.33334,0
0,1,1,14,4.66666,4.6666,0,-63,-2.33333,0
0,1,1,13,4.66667,4.6666,0,-63,-7,0
0,1,2,13,4.66667,4.6667,0,-58.3334,-7,0
0,1,3,13,4.66667,4.6667,0,-53.6666,-7,0
0,1,3,14,4.66666,4.6667,0,-53.6666,-2.33333,0
0,1,3,15,4.66667,4.6667,0,-53.6666,2.33334,0
0,1,2,15,4.66667,4.6667,0,-58.3334,2.33334,0
0,0,3,14,4.66666,4.6667,0,-53.6666,-2.33333,0
0,1,2,15,4.66667,4.6667,0,-58.3334,2.33334,0
0,1,2,14,4.66666,4.6667,0,-58.3334,-2.33333,0
0,1,2,13,4.66667,4.6667,0,-58.3334,-7,0
0,1,3,13,4.66667,4.6667,0,-53.6666,-7,0
0,1,4,13,4.66667,4.6666,0,-49,-7,0
0,1,4,14,4.66666,4.6666,0,-49,-2.33333,0
0,1,4,15,4.66667,4.6666,0,-49,2.33334,0
0,1,3,15,4.66667,4.6667,0,-53.6666,2.33334,0
0,0,4,14,4.66666,4.6666,0,-49,-2.33333,0
0,1,3,15,4.66667,4.6667,0,-53.6666,2.33334,0
0,1,3,14,4.66666,4.6667,0,-53.6666,-2.33333,0
0,1,3,13,4.66667,4.6667,0,-53.6666,-7,0
0,1,4,13,4.66667,4.6666,0,-49,-7,0
0,1,5,13,4.66667,4.6667,0,-44.3334,-7,0
0,1,5,14,4.66666,4.6667,0,-44.3334,-2.33333,0
0,1,5,15,4.66667,4.6667,0,-44.3334,2.33334,0
0,1,4,15,4.66667,4.6666,0,-49,2.33334,0
0,0,5,14,4.66666,4.6667,0,-44.3334,-2.33333,0
0,1,4,15,4.66667,4.6666,0,-49,2.33334,0
0,1,4,14,4.66666,4.6666,0,-49,-2.33333,0
0,1,4,13,4.66667,4.6666,0,-49,-7,0
0,1,5,13,4.66667,4.6667,0,-44.3334,-7,0
0,1,6,13,4.66667,4.6667,0,-39.6666,-7,0
0,1,6,14,4.66666,4.6667,0,-39.6666,-2.33333,0
0,1,6,15,4.66667,4.6667,0,-39.6666,2.33334,0
0,1,5,15,4.66667,4.6667,0,-44.3334,2.33334,0
0,0,6,14,4.66666,4.6667,0,-39.6666,-2.33333,0
0,1,5,15,4.66667,4.6667,0,-44.3334,2.33334,0
0,1,5,14,4.66666,4.6667,0,-44.3334,-2.33333,0
0,1,5,13,4.66667,4.6667,0,-44.3334,-7,0
0,1,6,13,4.66667,4.6667,0,-39.6666,-7,0
0,1,7,13,4.66667,4.6666,0,-35,-7,0
0,1,7,14,4.66666,4.6666,0,-35,-2.33333,0
0,1,7,15,4.66667,4.6666,0,-35,2.33334,0
0,1,6,15,4.66667,4.6667,0,-39.6666,2.33334,0
0,0,7,14,4.66666,4.6666,0,-35,-2.33333,0
0,1,6,15,4.66667,4.6667,0,-39.6666,2.33334,0
0,1,6,14,4.66666,4.6667,0,-39.6666,-2.33333,0
0,1,6,13,4.66667,4.6667,0,-39.6666,-7,0
0,1,7,13,4.66667,4.6666,0,-35,-7,0
0,1,8,13,4.66667,4.6667,0,-30.3333,-7,0
0,1,8,14,4.66666,4.6667,0,-30.3333,-2.33333,0
1,1,0,0,0,0,0,0,0,0
0,1,7,15,4.66667,4.6666,0,-35,2.33334,0
0,0,8,14,4.66666,4.6667,0,-30.3333,-2.33333,0
0,1,7,15,4.66667,4.6666,0,-35,2.33334,0
0,1,7,14,4.66666,4.6666,0,-35,-2.33333,0
0,1,7,13,4.66667,4.6666,0,-35,-7,0
0,1,8,13,4.66667,4.6667,0,-30.3333,-7,0
0,1,9,13,4.66667,4.6667,0,-25.6666,-7,0
1,1,0,0,0,0,0,0,0,0
1,1,0,0,0,0,0,0,0,0
1,1,0,0,0,0,0,0,0,0
1,0,0,0,0,0,0,0,0,0
0,0,10,14,4.66666,4.6666,0,-21,-2.33333,0
1,1,0,0,0,0,0,0,0,0
1,1,0,0,0,0,0,0,0,0
0,1,9,13,4.66667,4.6667,0,-25.6666,-7,0
0,1,10,13,4.66667,4.6666,0,-21,-7,0
0,1,11,13,4.66667,4.6667,0,-16.3334,-7,0
0,1,11,14,4.66666,4.6667,0,-16.3334,-2.33333,0
0,1,11,15,4.66667,4.6667,0,-16.3334,2.33334,0
1,1,0,0,0,0,0,0,0,0
0,0,11,14,4.66666,4.6667,0,-16.3334,-2.33333,0
1,1,0,0,0,0,0,0,0,0
0,1,10,14,4.66666,4.6666,0,-21,-2.33333,0
0,1,10,13,4.66667,4.6666,0,-21,-7,0
0,1,11,13,4.66667,4.6667,0,-16.3334,-7,0
0,1,12,13,4.66667,4.66667,0,-11.6667,-7,0
0,1,12,14,4.66666,4.66667,0,-11.6667,-2.33333,0
0,1,12,15,4.66667,4.66667,0,-11.6667,2.33334,0
0,1,11,15,4.66667,4.6667,0,-16.3334,2.33334,0
0,0,12,14,4.66666,4.66667,0,-11.6667,-2.33333,0
0,1,11,15,4.66667,4.6667,0,-16.3334,2.33334,0
0,1,11,14,4.66666,4.6667,0,-16.3334,-2.33333,0
0,1,11,13,4.66667,4.6667,0,-16.3334,-7,0
0,1,12,13,4.66667,4.66667,0,-11.6667,-7,0
0,1,13,13,4.66667,4.66667,0,-7,-7,0
0,1,13,14,4.66666,4.66667,0,-7,-2.33333,0
0,1,13,15,4.66667,4.66667,0,-7,2.33334,0
0,1,12,15,4.66667,4.66667,0,-11.6667,2.33334,0
0,0,13,14,4.66666,4.66667,0,-7,-2.33333,0
0,1,12,15,4.66667,4.66667,0,-11.6667,2.33334,0
0,1,12,14,4.66666,4.66667,0,-11.6667,-2.33333,0
0,1,12,13,4.66667,4.66667,0,-11.6667,-7,0
0,1,13,13,4.66667,4.66667,0,-7,-7,0
0,1,14,13,4.66667,4.66666,0,-2.33333,-7,0
0,1,14,14,4.66666,4.66666,0,-2.33333,-2.33333,0
0,1,14,15,4.66667,4.66666,0,-2.33333,2.33334,0
0,1,13,15,4.66667,4.66667,0,-7,2.33334,0
0,0,14,14,4.66666,4.66666,0,-2.33333,-2.33333,0
0,1,13,15,4.66667,4.66667,0,-7,2.33334,0
0,1,13,14,4.66666,4.66667,0,-7,-2.33333,0
0,1,13,13,4.66667,4.66667,0,-7,-7,0
0,1,14,13,4.66667,4.66666,0,-2.33333,-7,0
0,1,15,13,4.66667,4.66667,0,2.33334,-7,0
0,1,15,14,4.66666,4.66667,0,2.33334,-2.33333,0
0,1,15,15,4.66667,4.66667,0,2.33334,2.33334,0
0,1,14,15,4.66667,4.66666,0,-2.33333,2.33334,0
0,0,15,14,4.66666,4.66667,0,2.33334,-2.33333,0
0,1,14,15,4.66667,4.66666,0,-2.33333,2.33334,0
0,1,14,14,4.66666,4.66666,0,-2.33333,-2.33333,0
0,1,14,13,4.66667,4.66666,0,-2.33333,-7,0
0,1,15,13,4.66667,4.66667,0,2.33334,-7,0
0,1,16,13,4.66667,4.66667,0,7,-7,0
0,1,16,14,4.66666,4.66667,0,7,-2.33333,0
0,1,16,15,4.66667,4.66667,0,7,2.33334,0
0,1,15,15,4.66667,4.66667,0,2.33334,2.33334,0
0,0,16,14,4.66666,4.66667,0,7,-2.33333,0
0,1,15,15,4.66667,4.66667,0,2.33334,2.33334,0
0,1,15,14,4.66666,4.66667,0,2.33334,-2.33333,0
0,1,15,13,4.66667,4.66667,0,2.33334,-7,0
0,1,16,13,4.66667,4.66667,0,7,-7,0
0,1,17,13,4.66667,4.66666,0,11.6667,-7,0
0,1,17,14,4.66666,4.66666,0,11.6667,-2.33333,0
0,1,17,15,4.66667,4.66666,0,11.6667,2.33334,0
0,1,16,15,4.66667,4.66667,0,7,2.33334,0
0,0,17,14,4.66666,4.66666,0,11.6667,-2.33333,0
0,1,16,15,4.66667,4.66667,0,7,2.33334,0
0,1,16,14,4.66666,4.66667,0,7,-2.33333,0
0,1,16,13,4.66667,4.66667,0,7,-7,0
0,1,17,13,4.66667,4.66666,0,11.6667,-7,0
0,1,18,13,4.66667,4.6667,0,16.3334,-7,0
0,1,18,14,4.66666,4.6667,0,16.3334,-2.33333,0
0,1,18,15,4.66667,4.6667,0,16.3334,2.33334,0
0,1,17,15,4.66667,4.66666,0,11.6667,2.33334,0
0,0,18,14,4.66666,4.6667,0,16.3334,-2.33333,0
0,1,17,15,4.66667,4.66666,0,11.6667,2.33334,0
0,1,17,14,4.66666,4.66666,0,11.6667,-2.33333,0
0,1,17,13,4.66667,4.66666,0,11.6667,-7,0
0,1,18,13,4.66667,4.6667,0,16.3334,-7,0
0,1,19,13,4.66667,4.6666,0,21,-7,0
0,1,19,14,4.66666,4.6666,0,21,-2.33333,0
0,1,19,15,4.66667,4.6666,0,21,2.33334,0
0,1,18,15,4.66667,4.6667,0,16.3334,2.33334,0
0,0,19,14,4.66666,4.6666,0,21,-2.33333,0
0,1,18,15,4.66667,4.6667,0,16.3334,2.33334,0
0,1,18,14,4.66666,4.6667,0,16.3334,-2.33333,0
0,1,18,13,4.66667,4.6667,0,16.3334,-7,0
0,1,19,13,4.66667,4.6666,0,21,-7,0
0,1,20,13,4.66667,4.6667,0,25.6666,-7,0
0,1,20,14,4.66666,4.6667,0,25.6666,-2.33333,0
0,1,20,15,4.66667,4.6667,0,25.6666,2.33334,0
0,1,19,15,4.66667,4.6666,0,21,2.33334,0
0,0,20,14,4.66666,4.6667,0,25.6666,-2.33333,0
0,1,19,15,4.66667,4.6666,0,21,2.33334,0
0,1,19,14,4.66666,4.6666,0,21,-2.33333,0
0,1,19,13,4.66667,4.6666,0,21,-7,0
0,1,20,13,4.66667,4.6667,0,25.6666,-7,0
0,1,21,13,4.66667,4.6667,0,30.3333,-7,0
0,1,21,14,4.66666,4.6667,0,30.3333,-2.33333,0
0,1,21,15,4.66667,4.6667,0,30.3333,2.33334,0
0,1,20,15,4.66667,4.6667,0,25.6666,2.33334,0
0,0,21,14,4.66666,4.6667,0,30.3333,-2.33333,0
0,1,20,15,4.66667,4.6667,0,25.6666,2.33334,0
0,1,20,14,4.66666,4.6667,0,25.6666,-2.33333,0
0,1,20,13,4.66667,4.6667,0,25.6666,-7,0
0,1,21,13,4.66667,4.6667,0,30.3333,-7,0
0,1,22,13,4.66667,4.6666,0,35,-7,0
0,1,22,14,4.66666,4.6666,0,35,-2.33333,0
0,1,22,15,4.66667,4.6666,0,35,2.33334,0
0,1,21,15,4.66667,4.6667,0,30.3333,2.33334,0
0,0,22,14,4.66666,4.6666,0,35,-2.33333,0
0,1,21,15,4.66667,4.6667,0,30.3333,2.33334,0
0,1,21,14,4.66666,4.6667,0,30.3333,-2.33333,0
0,1,21,13,4.66667,4.6667,0,30.3333,-7,0
0,1,22,13,4.66667,4.6666,0,35,-7,0
0,1,23,13,4.66667,4.6667,0,39.6666,-7,0
0,1,23,14,4.66666,4.6667,0,39.6666,-2.33333,0
0,1,23,15,4.66667,4.6667,0,39.6666,2.33334,0
0,1,22,15,4.66667,4.6666,0,35,2.33334,0
0,0,23,14,4.66666,4.6667,0,39.6666,-2.33333,0
0,1,22,15,4.66667,4.6666,0,35,2.33334,0
0,1,22,14,4.66666,4.6666,0,35,-2.33333,0
0,1,22,13,4.66667,4.6666,0,35,-7,0
0,1,23,13,4.66667,4.6667,0,39.6666,-7,0
0,1,24,13,4.66667,4.6667,0,44.3334,-7,0
0,1,24,14,4.66666,4.6667,0,44.3334,-2.33333,0
0,1,24,15,4.66667,4.6667,0,44.3334,2.33334,0
0,1,23,15,4.66667,4.6667,0,39.6666,2.33334,0
0,0,24,14,4.66666,4.6667,0,44.3334,-2.33333,0
0,1,23,15,4.66667,4.6667,0,39.6666,2.33334,0
0,1,23,14,4.66666,4.6667,0,39.6666,-2.33333,0
0,1,23,13,4.66667,4.6667,0,39.6666,-7,0
0,1,24,13,4.66667,4.6667,0,44.3334,-7,0
0,1,25,13,4.66667,4.6666,0,49,-7,0
0,1,25,14,4.66666,4.6666,0,49,-2.33333,0
0,1,25,15,4.66667,4.6666,0,49,2.33334,0
0,1,24,15,4.66667,4.6667,0,44.3334,2.33334,0
0,0,25,14,4.66666,4.6666,0,49,-2.33333,0
0,1,24,15,4.66667,4.6667,0,44.3334,2.33334,0
0,1,24,14,4.66666,4.6667,0,44.3334,-2.33333,0
0,1,24,13,4.66667,4.6667,0,44.3334,-7,0
0,1,25,13,4.66667,4.6666,0,49,-7,0
0,1,26,13,4.66667,4.6667,0,53.6666,-7,0
0,1,26,14,4.66666,4.6667,0,53.6666,-2.33333,0
0,1,26,15,4.66667,4.6667,0,53.6666,2.33334,0
0,1,25,15,4.66667,4.6666,0,49,2.33334,0
0,0,26,14,4.66666,4.6667,0,53.6666,-2.33333,0
0,1,25,15,4.66667,4.6666,0,49,2.33334,0
0,1,25,14,4.66666,4.6666,0,49,-2.33333,0
0,1,25,13,4.66667,4.6666,0,49,-7,0
0,1,26,13,4.66667,4.6667,0,53.6666,-7,0
0,1,27,13,4.66667,4.6667,0,58.3334,-7,0
0,1,27,14,4.66666,4.6667,0,58.3334,-2.33333,0
0,1,27,15,4.66667,4.6667,0,58.3334,2.33334,0
0,1,26,15,4.66667,4.6667,0,53.6666,2.33334,0
0,0,27,14,4.66666,4.6667,0,58.3334,-2.33333,0
0,1,26,15,4.66667,4.6667,0,53.6666,2.33334,0
0,1,26,14,4.66666,4.6667,0,53.6666,-2.33333,0
0,1,26,13,4.66667,4.6667,0,53.6666,-7,0
0,1,27,13,4.66667,4.6667,0,58.3334,-7,0
0,1,28,13,4.66667,4.6666,0,63,-7,0
0,1,28,14,4.66666,4.6666,0,63,-2.33333,0
0,1,28,15,4.66667,4.6666,0,63,2.33334,0
0,1,27,15,4.66667,4.6667,0,58.3334,2.33334,0
0,0,28,14,4.66666,4.6666,0,63,-2.33333,0
0,1,27,15,4.66667,4.6667,0,58.3334,2.33334,0
0,1,27,14,4.66666,4.6667,0,58.3334,-2.33333,0
0,1,27,13,4.66667,4.6667,0,58.3334,-7,0
0,1,28,13,4.66667,4.6666,0,63,-7,0
0,1,29,13,4.66667,4.6667,0,67.6666,-7,0
0,1,29,14,4.66666,4.6667,0,67.6666,-2.33333,0
0,1,29,15,4.66667,4.6667,0,67.6666,2.33334,0
0,1,28,15,4.66667,4.6666,0,63,2.33334,0
0,0,29,14,4.66666,4.6667,0,67.6666,-2.33333,0
0,1,28,15,4.66667,4.6666,0,63,2.33334,0
0,1,28,14,4.66666,4.6666,0,63,-2.33333,0
0,1,28,13,4.66667,4.6666,0,63,-7,0
0,1,29,13,4.66667,4.6667,0,67.6666,-7,0
1,1,0,0,0,0,0,0,0,0
1,1,0,0,0,0,0,0,0,0
1,1,0,0,0,0,0,0,0,0
0,1,29,15,4.66667,4.6667,0,67.6666,2.33334,0
0,0,0,15,4.66667,4.6667,0,-67.6666,2.33334,0
1,1,0,0,0,0,0,0,0,0
1,1,0,0,0,0,0,0,0,0
1,1,0,0,0,0,0,0,0,0
0,1,0,14,4.66666,4.6667,0,-67.6666,-2.33333,0
0,1,1,14,4.66666,4.6666,0,-63,-2.33333,0
0,1,1,15,4.66667,4.6666,0,-63,2.33334,0
0,1,1,16,4.66667,4.6666,0,-63,7,0
0,1,0,16,4.66667,4.6667,0,-67.6666,7,0
0,0,1,15,4.66667,4.6666,0,-63,2.33334,0
0,1,0,16,4.66667,4.6667,0,-67.6666,7,0
0,1,0,15,4.66667,4.6667,0,-67.6666,2.33334,0
0,1,0,14,4.66666,4.6667,0,-67.6666,-2.33333,0
0,1,1,14,4.66666,4.6666,0,-63,-2.33333,0
0,1,2,14,4.66666,4.6667,0,-58.3334,-2.33333,0
0,1,2,15,4.66667,4.6667,0,-58.3334,2.33334,0
0,1,2,16,4.66667,4.6667,0,-58.3334,7,0
0,1,1,16,4.66667,4.6666,0,-63,7,0
0,0,2,15,4.66667,4.6667,0,-58.3334,2.33334,0
0,1,1,16,4.66667,4.6666,0,-63,7,0
0,1,1,15,4.66667,4.6666,0,-63,2.33334,0
0,1,1,14,4.66666,4.6666,0,-63,-2.33333,0
0,1,2,14,4.66666,4.6667,0,-58.3334,-2.33333,0
0,1,3,14,4.66666,4.6667,0,-53.6666,-2.33333,0
0,1,3,15,4.66667,4.6667,0,-53.6666,2.33334,0
0,1,3,16,4.66667,4.6667,0,-53.6666,7,0
0,1,2,16,4.66667,4.6667,0,-58.3334,7,0
0,0,3,15,4.66667,4.6667,0,-53.6666,2.33334,0
0,1,2,16,4.66667,4.6667,0,-58.3334,7,0
0,1,2,15,4.66667,4.6667,0,-58.3334,2.33334,0
0,1,2,14,4.66666,4.6667,0,-58.3334,-2.33333,0
0,1,3,14,4.66666,4.6667,0,-53.6666,-2.33333,0
0,1,4,14,4.66666,4.6666,0,-49,-2.33333,0
0,1,4,15,4.66667,4.6666,0,-49,2.33334,0
0,1,4,16,4.66667,4.6666,0,-49,7,0
0,1,3,16,4.66667,4.6667,0,-53.6666,7,0
0,0,4,15,4.66667,4.6666,0,-49,2.33334,0
0,1,3,16,4.66667,4.6667,0,-53.6666,7,0
0,1,3,15,4.66667,4.6667,0,-53.6666,2.33334,0
0,1,3,14,4.66666,4.6667,0,-53.6666,-2.33333,0
0,1,4,14,4.66666,4.6666,0,-49,-2.33333,0
0,1,5,14,4.66666,4.6667,0,-44.3334,-2.33333,0
0,1,5,15,4.66667,4.6667,0,-44.3334,2.33334,0
0,1,5,16,4.66667,4.6667,0,-44.3334,7,0
0,1,4,16,4.66667,4.6666,0,-49,7,0
0,0,5,15,4.66667,4.6667,0,-44.3334,2.33334,0
0,1,4,16,4.66667,4.6666,0,-49,7,0
0,1,4,15,4.66667,4.6666,0,-49,2.33334,0
0,1,4,14,4.66666,4.6666,0,-49,-2.33333,0
0,1,5,14,4.66666,4.6667,0,-44.3334,-2.33333,0
0,1,6,14,4.66666,4.6667,0,-39.6666,-2.33333,0
0,1,6,15,4.66667,4.6667,0,-39.6666,2.33334,0
0,1,6,16,4.66667,4.6667,0,-39.6666,7,0
0,1,5,16,4.66667,4.6667,0,-44.3334,7,0
0,0,6,15,4.66667,4.6667,0,-39.6666,2.33334,0
0,1,5,16,4.66667,4.6667,0,-44.3334,7,0
0,1,5,15,4.66667,4.6667,0,-44.3334,2.33334,0
0,1,5,14,4.66666,4.6667,0,-44.3334,-2.33333,0
0,1,6,14,4.66666,4.6667,0,-39.6666,-2.33333,0
0,1,7,14,4.66666,4.6666,0,-35,-2.33333,0
0,1,7,15,4.66667,4.6666,0,-35,2.33334,0
1,1,0,0,0,0,0,0,0,0
0,1,6,16,4.66667,4.6667,0,-39.6666,7,0
0,0,7,15,4.66667,4.6666,0,-35,2.33334,0
0,1,6,16,4.66667,4.6667,0,-39.6666,7,0
0,1,6,15,4.66667,4.6667,0,-39.6666,2.33334,0
0,1,6,14,4.66666,4.6667,0,-39.6666,-2.33333,0
0,1,7,14,4.66666,4.6666,0,-35,-2.33333,0
0,1,8,14,4.66666,4.6667,0,-30.3333,-2.33333,0
1,1,0,0,0,0,0,0,0,0
1,1,0,0,0,0,0,0,0,0
1,1,0,0,0,0,0,0,0,0
1,0,0,0,0,0,0,0,0,0
1,0,0,0,0,0,0,0,0,0
1,0,0,0,0,0,0,0,0,0
0,0,11,15,4.66667,4.6667,0,-16.3334,2.33334,0
1,1,0,0,0,0,0,0,0,0
1,1,0,0,0,0,0,0,0,0
0,1,10,14,4.66666,4.6666,0,-21,-2.33333,0
0,1,11,14,4.66666,4.6667,0,-16.3334,-2.33333,0
0,1,12,14,4.66666,4.66667,0,-11.6667,-2.33333,0
0,1,12,15,4.66667,4.66667,0,-11.6667,2.33334,0
0,1,12,16,4.66667,4.66667,0,-11.6667,7,0
1,1,0,0,0,0,0,0,0,0
0,0,12,15,4.66667,4.66667,0,-11.6667,2.33334,0
1,1,0,0,0,0,0,0,0,0
0,1,11,15,4.66667,4.6667,0,-16.3334,2.33334,0
0,1,11,14,4.66666,4.6667,0,-16.3334,-2.33333,0
0,1,12,14,4.66666,4.66667,0,-11.6667,-2.33333,0
0,1,13,14,4.66666,4.66667,0,-7,-2.33333,0
0,1,13,15,4.66667,4.66667,0,-7,2.33334,0
0,1,13,16,4.66667,4.66667,0,-7,7,0
0,1,12,16,4.66667,4.66667,0,-11.6667,7,0
0,0,13,15,4.66667,4.66667,0,-7,2.33334,0
0,1,12,16,4.66667,4.66667,0,-11.6667,7,0
0,1,12,15,4.66667,4.66667,0,-11.6667,2.33334,0
0,1,12,14,4.66666,4.66667,0,-11.6667,-2.33333,0
0,1,13,14,4.66666,4.66667,0,-7,-2.33333,0
0,1,14,14,4.66666,4.66666,0,-2.33333,-2.33333,0
0,1,14,15,4.66667,4.66666,0,-2.33333,2.33334,0
0,1,14,16,4.66667,4.66666,0,-2.33333,7,0
0,1,13,16,4.66667,4.66667,0,-7,7,0
0,0,14,15,4.66667,4.66666,0,-2.33333,2.33334,0
0,1,13,16,4.66667,4.66667,0,-7,7,0
0,1,13,15,4.66667,4.66667,0,-7,2.33334,0
0,1,13,14,4.66666,4.66667,0,-7,-2.33333,0
0,1,14,14,4.66666,4.66666,0,-2.33333,-2.33333,0
0,1,15,14,4.66666,4.66667,0,2.33334,-2.33333,0
0,1,15,15,4.66667,4.66667,0,2.33334,2.33334,0
0,1,15,16,4.66667,4.66667,0,2.33334,7,0
0,1,14,16,4.66667,4.66666,0,-2.33333,7,0
0,0,15,15,4.66667,4.66667,0,2.33334,2.33334,0
0,1,14,16,4.66667,4.66666,0,-2.33333,7,0
0,1,14,15,4.66667,4.66666,0,-2.33333,2.33334,0
0,1,14,14,4.66666,4.66666,0,-2.33333,-2.33333,0
0,1,15,14,4.66666,4.66667,0,2.33334,-2.33333,0
0,1,16,14,4.66666,4.66667,0,7,-2.33333,0
0,1,16,15,4.66667,4.66667,0,7,2.33334,0
0,1,16,16,4.66667,4.66667,0,7,7,0
0,1,15,16,4.66667,4.66667,0,2.33334,7,0
0,0,16,15,4.66667,4.66667,0,7,2.33334,0
0,1,15,16,4.66667,4.66667,0,2.33334,7,0
0,1,15,15,4.66667,4.66667,0,2.33334,2.33334,0
0,1,15,14,4.66666,4.66667,0,2.33334,-2.33333,0
0,1,16,14,4.66666,4.66667,0,7,-2.33333,0
0,1,17,14,4.66666,4.66666,0,11.6667,-2.33333,0
0,1,17,15,4.66667,4.66666,0,11.6667,2.33334,0
0,1,17,16,4.66667,4.66666,0,11.6667,7,0
0,1,16,16,4.66667,4.66667,0,7,7,0
0,0,17,15,4.66667,4.66666,0,11.6667,2.33334,0
0,1,16,16,4.66667,4.66667,0,7,7,0
0,1,16,15,4.66667,4.66667,0,7,2.33334,0
0,1,16,14,4.66666,4.66667,0,7,-2.33333,0
0,1,17,14,4.66666,4.66666,0,11.6667,-2.33333,0
0,1,18,14,4.66666,4.6667,0,16.3334,-2.33333,0
0,1,18,15,4.66667,4.6667,0,16.3334,2.33334,0
0,1,18,16,4.66667,4.6667,0,16.3334,7,0
0,1,17,16,4.66667,4.66666,0,11.6667,7,0
0,0,18,15,4.66667,4.6667,0,16.3334,2.33334,0
0,1,17,16,4.66667,4.66666,0,11.6667,7,0
0,1,17,15,4.66667,4.66666,0,11.6667,2.33334,0
0,1,17,14,4.66666,4.66666,0,11.6667,-2.33333,0
0,1,18,14,4.66666,4.6667,0,16.3334,-2.33333,0
0,1,19,14,4.66666,4.6666,0,21,-2.33333,0
0,1,19,15,4.66667,4.6666,0,21,2.33334,0
0,1,19,16,4.66667,4.6666,0,21,7,0
0,1,18,16,4.66667,4.6667,0,16.3334,7,0
0,0,19,15,4.66667,4.6666,0,21,2.33334,0
0,1,18,16,4.66667,4.6667,0,16.3334,7,0
0,1,18,15,4.66667,4.6667,0,16.3334,2.33334,0
0,1,18,14,4.66666,4.6667,0,16.3334,-2.33333,0
0,1,19,14,4.66666,4.6666,0,21,-2.33333,0
0,1,20,14,4.66666,4.6667,0,25.6666,-2.33333,0
0,1,20,15,4.66667,4.6667,0,25.6666,2.33334,0
0,1,20,16,4.66667,4.6667,0,25.6666,7,0
0,1,19,16,4.66667,4.6666,0,21,7,0
0,0,20,15,4.66667,4.6667,0,25.6666,2.33334,0
0,1,19,16,4.66667,4.6666,0,21,7,0
0,1,19,15,4.66667,4.6666,0,21,2.33334,0
0,1,19,14,4.66666,4.6666,0,21,-2.33333,0
0,1,20,14,4.66666,4.6667,0,25.6666,-2.33333,0
0,1,21,14,4.66666,4.6667,0,30.3333,-2.33333,0
0,1,21,15,4.66667,4.6667,0,30.3333,2.33334,0
0,1,21,16,4.66667,4.6667,0,30.3333,7,0
0,1,20,16,4.66667,4.6667,0,25.6666,7,0
0,0,21,15,4.66667,4.6667,0,30.3333,2.33334,0
0,1,20,16,4.66667,4.6667,0,25.6666,7,0
0,1,20,15,4.66667,4.6667,0,25.6666,2.33334,0
0,1,20,14,4.66666,4.6667,0,25.6666,-2.33333,0
0,1,21,14,4.66666,4.6667,0,30.3333,-2.33333,0
0,1,22,14,4.66666,4.6666,0,35,-2.33333,0
0,1,22,15,4.66667,4.6666,0,35,2.33334,0
0,1,22,16,4.66667,4.6666,0,35,7,0
0,1,21,16,4.66667,4.6667,0,30.3333,7,0
0,0,22,15,4.66667,4.6666,0,35,2.33334,0
0,1,21,16,4.66667,4.6667,0,30.3333,7,0
0,1,21,15,4.66667,4.6667,0,30.3333,2.33334,0
0,1,21,14,4.66666,4.6667,0,30.3333,-2.33333,0
0,1,22,14,4.66666,4.6666,0,35,-2.33333,0
0,1,23,14,4.66666,4.6667,0,39.6666,-2.33333,0
0,1,23,15,4.66667,4.6667,0,39.6666,2.33334,0
0,1,23,16,4.66667,4.6667,0,39.6666,7,0
0,1,22,16,4.66667,4.6666,0,35,7,0
0,0,23,15,4.66667,4.6667,0,39.6666,2.33334,0
0,1,22,16,4.66667,4.6666,0,35,7,0
0,1,22,15,4.66667,4.6666,0,35,2.33334,0
0,1,22,14,4.66666,4.6666,0,35,-2.33333,0
0,1,23,14,4.66666,4.6667,0,39.6666,-2.33333,0
0,1,24,14,4.66666,4.6667,0,44.3334,-2.33333,0
0,1,24,15,4.66667,4.6667,0,44.3334,2.33334,0
0,1,24,16,4.66667,4.6667,0,44.3334,7,0
0,1,23,16,4.66667,4.6667,0,39.6666,7,0
0,0,24,15,4.66667,4.6667,0,44.3334,2.33334,0
0,1,23,16,4.66667,4.6667,0,39.6666,7,0
0,1,23,15,4.66667,4.6667,0,39.6666,2.33334,0
0,1,23,14,4.66666,4.6667,0,39.6666,-2.33333,0
0,1,24,14,4.66666,4.6667,0,44.3334,-2.33333,0
0,1,25,14,4.66666,4.6666,0,49,-2.33333,0
0,1,25,15,4.66667,4.6666,0,49,2.33334,0
0,1,25,16,4.66667,4.6666,0,49,7,0
0,1,24,16,4.66667,4.6667,0,44.3334,7,0
0,0,25,15,4.66667,4.6666,0,49,2.33334,0
0,1,24,16,4.66667,4.6667,0,44.3334,7,0
0,1,24,15,4.66667,4.6667,0,44.3334,2.33334,0
0,1,24,14,4.66666,4.6667,0,44.3334,-2.33333,0
0,1,25,14,4.66666,4.6666,0,49,-2.33333,0
0,1,26,14,4.66666,4.6667,0,53.6666,-2.33333,0
0,1,26,15,4.66667,4.6667,0,53.6666,2.33334,0
0,1,26,16,4.66667,4.6667,0,53.6666,7,0
0,1,25,16,4.66667,4.6666,0,49,7,0
0,0,26,15,4.66667,4.6667,0,53.6666,2.33334,0
0,1,25,16,4.66667,4.6666,0,49,7,0
0,1,25,15,4.66667,4.6666,0,49,2.33334,0
0,1,25,14,4.66666,4.6666,0,49,-2.33333,0
0,1,26,14,4.66666,4.6667,0,53.6666,-2.33333,0
0,1,27,14,4.66666,4.6667,0,58.3334,-2.33333,0
0,1,27,15,4.66667,4.6667,0,58.3334,2.33334,0
0,1,27,16,4.66667,4.6667,0,58.3334,7,0
0,1,26,16,4.66667,4.6667,0,53.6666,7,0
0,0,27,15,4.66667,4.6667,0,58.3334,2.33334,0
0,1,26,16,4.66667,4.6667,0,53.6666,7,0
0,1,26,15,4.66667,4.6667,0,53.6666,2.33334,0
0,1,26,14,4.66666,4.6667,0,53.6666,-2.33333,0
0,1,27,14,4.66666,4.6667,0,58.3334,-2.33333,0
0,1,28,14,4.66666,4.6666,0,63,-2.33333,0
0,1,28,15,4.66667,4.6666,0,63,2.33334,0
0,1,28,16,4.66667,4.6666,0,63,7,0
0,1,27,16,4.66667,4.6667,0,58.3334,7,0
0,0,28,15,4.66667,4.6666,0,63,2.33334,0
0,1,27,16,4.66667,4.6667,0,58.3334,7,0
0,1,27,15,4.66667,4.6667,0,58.3334,2.33334,0
0,1,27,14,4.66666,4.6667,0,58.3334,-2.33333,0
0,1,28,14,4.66666,4.6666,0,63,-2.33333,0
0,1,29,14,4.66666,4.6667,0,67.6666,-2.33333,0
0,1,29,15,4.66667,4.6667,0,67.6666,2.33334,0
0,1,29,16,4.66667,4.6667,0,67.6666,7,0
0,1,28,16,4.66667,4.6666,0,63,7,0
0,0,29,15,4.66667,4.6667,0,67.6666,2.33334,0
0,1,28,16,4.66667,4.6666,0,63,7,0
0,1,28,15,4.66667,4.6666,0,63,2.33334,0
0,1,28,14,4.66666,4.6666,0,63,-2.33333,0
0,1,29,14,4.66666,4.6667,0,67.6666,-2.33333,0
1,1,0,0,0,0,0,0,0,0
1,1,0,0,0,0,0,0,0,0
1,1,0,0,0,0,0,0,0,0
0,1,29,16,4.66667,4.6667,0,67.6666,7,0
0,0,0,16,4.66667,4.6667,0,-67.6666,7,0
1,1,0,0,0,0,0,0,0,0
1,1,0,0,0,0,0,0,0,0
1,1,0,0,0,0,0,0,0,0
0,1,0,15,4.66667,4.6667,0,-67.6666,2.33334,0
0,1,1,15,4.66667,4.6666,0,-63,2.33334,0
0,1,1,16,4.66667,4.6666,0,-63,7,0
0,1,1,17,4.66666,4.6666,0,-63,11.6667,0
0,1,0,17,4.66666,4.6667,0,-67.6666,11.6667,0
0,0,1,16,4.66667,4.6666,0,-63,7,0
0,1,0,17,4.66666,4.6667,0,-67.6666,11.6667,0
0,1,0,16,4.66667,4.6667,0,-67.6666,7,0
0,1,0,15,4.66667,4.6667,0,-67.6666,2.33334,0
0,1,1,15,4.66667,4.6666,0,-63,2.33334,0
0,1,2,15,4.66667,4.6667,0,-58.3334,2.33334,0
0,1,2,16,4.66667,4.6667,0,-58.3334,7,0
0,1,2,17,4.66666,4.6667,0,-58.3334,11.6667,0
0,1,1,17,4.66666,4.6666,0,-63,11.6667,0
0,0,2,16,4.66667,4.6667,0,-58.3334,7,0
0,1,1,17,4.66666,4.6666,0,-63,11.6667,0
0,1,1,16,4.66667,4.6666,0,-63,7,0
0,1,1,15,4.66667,4.6666,0,-63,2.33334,0
0,1,2,15,4.66667,4.6667,0,-58.3334,2.33334,0
0,1,3,15,4.66667,4.6667,0,-53.6666,2.33334,0
0,1,3,16,4.66667,4.6667,0,-53.6666,7,0
0,1,3,17,4.66666,4.6667,0,-53.6666,11.6667,0
0,1,2,17,4.66666,4.6667,0,-58.3334,11.6667,0
0,0,3,16,4.66667,4.6667,0,-53.6666,7,0
0,1,2,17,4.66666,4.6667,0,-58.3334,11.6667,0
0,1,2,16,4.66667,4.6667,0,-58.3334,7,0
0,1,2,15,4.66667,4.6667,0,-58.3334,2.33334,0
0,1,3,15,4.66667,4.6667,0,-53.6666,2.33334,0
0,1,4,15,4.66667,4.6666,0,-49,2.33334,0
0,1,4,16,4.66667,4.6666,0,-49,7,0
0,1,4,17,4.66666,4.6666,0,-49,11.6667,0
0,1,3,17,4.66666,4.6667,0,-53.6666,11.6667,0
0,0,4,16,4.66667,4.6666,0,-49,7,0
0,1,3,17,4.66666,4.6667,0,-53.6666,11.6667,0
0,1,3,16,4.66667,4.6667,0,-53.6666,7,0
0,1,3,15,4.66667,4.6667,0,-53.6666,2.33334,0
0,1,4,15,4.66667,4.6666,0,-49,2.33334,0
0,1,5,15,4.66667,4.6667,0,-44.3334,2.33334,0
0,1,5,16,4.66667,4.6667,0,-44.3334,7,0
0,1,5,17,4.66666,4.6667,0,-44.3334,11.6667,0
0,1,4,17,4.66666,4.6666,0,-49,11.6667,0
0,0,5,16,4.66667,4.6667,0,-44.3334,7,0
0,1,4,17,4.66666,4.6666,0,-49,11.6667,0
0,1,4,16,4.66667,4.6666,0,-49,7,0
0,1,4,15,4.66667,4.6666,0,-49,2.33334,0
0,1,5,15,4.66667,4.6667,0,-44.3334,2.33334,0
0,1,6,15,4.66667,4.6667,0,-39.6666,2.33334,0
0,1,6,16,4.66667,4.6667,0,-39.6666,7,0
1,1,0,0,0,0,0,0,0,0
0,1,5,17,4.66666,4.6667,0,-44.3334,11.6667,0
0,0,6,16,4.66667,4.6667,0,-39.6666,7,0
0,1,5,17,4.66666,4.6667,0,-44.3334,11.6667,0
0,1,5,16,4.66667,4.6667,0,-44.3334,7,0
0,1,5,15,4.66667,4.6667,0,-44.3334,2.33334,0
0,1,6,15,4.66667,4.6667,0,-39.6666,2.33334,0
0,1,7,15,4.66667,4.6666,0,-35,2.33334,0
1,1,0,0,0,0,0,0,0,0
1,1,0,0,0,0,0,0,0,0
1,1,0,0,0,0,0,0,0,0
1,0,0,0,0,0,0,0,0,0
1,0,0,0,0,0,0,0,0,0
1,0,0,0,0,0,0,0,0,0
1,0,0,0,0,0,0,0,0,0
1,0,0,0,0,0,0,0,0,0
0,0,12,16,4.66667,4.66667,0,-11.6667,7,0
1,1,0,0,0,0,0,0,0,0
1,1,0,0,0,0,0,0,0,0
0,1,11,15,4.66667,4.6667,0,-16.3334,2.33334,0
0,1,12,15,4.66667,4.66667,0,-11.6667,2.33334,0
0,1,13,15,4.66667,4.66667,0,-7,2.33334,0
0,1,13,16,4.66667,4.66667,0,-7,7,0
1,1,0,0,0,0,0,0,0,0
1,1,0,0,0,0,0,0,0,0
0,0,13,16,4.66667,4.66667,0,-7,7,0
1,1,0,0,0,0,0,0,0,0
0,1,12,16,4.66667,4.66667,0,-11.6667,7,0
0,1,12,15,4.66667,4.66667,0,-11.6667,2.33334,0
0,1,13,15,4.66667,4.66667,0,-7,2.33334,0
0,1,14,15,4.66667,4.66666,0,-2.33333,2.33334,0
0,1,14,16,4.66667,4.66666,0,-2.33333,7,0
0,1,14,17,4.66666,4.66666,0,-2.33333,11.6667,0
1,1,0,0,0,0,0,0,0,0
0,0,14,16,4.66667,4.66666,0,-2.33333,7,0
1,1,0,0,0,0,0,0,0,0
0,1,13,16,4.66667,4.66667,0,-7,7,0
0,1,13,15,4.66667,4.66667,0,-7,2.33334,0
0,1,14,15,4.66667,4.66666,0,-2.33333,2.33334,0
0,1,15,15,4.66667,4.66667,0,2.33334,2.33334,0
0,1,15,16,4.66667,4.66667,0,2.33334,7,0
0,1,15,17,4.66666,4.66667,0,2.33334,11.6667,0
0,1,14,17,4.66666,4.66666,0,-2.33333,11.6667,0
0,0,15,16,4.66667,4.66667,0,2.33334,7,0
0,1,14,17,4.66666,4.66666,0,-2.33333,11.6667,0
0,1,14,16,4.66667,4.66666,0,-2.33333,7,0
0,1,14,15,4.66667,4.66666,0,-2.33333,2.33334,0
0,1,15,15,4.66667,4.66667,0,2.33334,2.33334,0
0,1,16,15,4.66667,4.66667,0,7,2.33334,0
0,1,16,16,4.66667,4.66667,0,7,7,0
0,1,16,17,4.66666,4.66667,0,7,11.6667,0
0,1,15,17,4.66666,4.66667,0,2.33334,11.6667,0
0,0,16,16,4.66667,4.66667,0,7,7,0
0,1,15,17,4.66666,4.66667,0,2.33334,11.6667,0
0,1,15,16,4.66667,4.66667,0,2.33334,7,0
0,1,15,15,4.66667,4.66667,0,2.33334,2.33334,0
0,1,16,15,4.66667,4.66667,0,7,2.33334,0
0,1,17,15,4.66667,4.66666,0,11.6667,2.33334,0
0,1,17,16,4.66667,4.66666,0,11.6667,7,0
0,1,17,17,4.66666,4.66666,0,11.6667,11.6667,0
0,1,16,17,4.66666,4.66667,0,7,11.6667,0
0,0,17,16,4.66667,4.66666,0,11.6667,7,0
0,1,16,17,4.66666,4.66667,0,7,11.6667,0
0,1,16,16,4.66667,4.66667,0,7,7,0
0,1,16,15,4.66667,4.66667,0,7,2.33334,0
0,1,17,15,4.66667,4.66666,0,11.6667,2.33334,0
0,1,18,15,4.66667,4.6667,0,16.3334,2.33334,0
0,1,18,16,4.66667,4.6667,0,16.3334,7,0
0,1,18,17,4.66666,4.6667,0,16.3334,11.6667,0
0,1,17,17,4.66666,4.66666,0,11.6667,11.6667,0
0,0,18,16,4.66667,4.6667,0,16.3334,7,0
0,1,17,17,4.66666,4.66666,0,11.6667,11.6667,0
0,1,17,16,4.66667,4.66666,0,11.6667,7,0
0,1,17,15,4.66667,4.66666,0,11.6667,2.33334,0
0,1,18,15,4.66667,4.6667,0,16.3334,2.33334,0
0,1,19,15,4.66667,4.6666,0,21,2.33334,0
0,1,19,16,4.66667,4.6666,0,21,7,0
0,1,19,17,4.66666,4.6666,0,21,11.6667,0
0,1,18,17,4.66666,4.6667,0,16.3334,11.6667,0
0,0,19,16,4.66667,4.6666,0,21,7,0
0,1,18,17,4.66666,4.6667,0,16.3334,11.6667,0
0,1,18,16,4.66667,4.6667,0,16.3334,7,0
0,1,18,15,4.66667,4.6667,0,16.3334,2.33334,0
0,1,19,15,4.66667,4.6666,0,21,2.33334,0
0,1,20,15,4.66667,4.6667,0,25.6666,2.33334,0
0,1,20,16,4.66667,4.6667,0,25.6666,7,0
0,1,20,17,4.66666,4.6667,0,25.6666,11.6667,0
0,1,19,17,4.66666,4.6666,0,21,11.6667,0
0,0,20,16,4.66667,4.6667,0,25.6666,7,0
0,1,19,17,4.66666,4.6666,0,21,11.6667,0
0,1,19,16,4.66667,4.6666,0,21,7,0
0,1,19,15,4.66667,4.6666,0,21,2.33334,0
0,1,20,15,4.66667,4.6667,0,25.6666,2.33334,0
0,1,21,15,4.66667,4.6667,0,30.3333,2.33334,0
0,1,21,16,4.66667,4.6667,0,30.3333,7,0
0,1,21,17,4.66666,4.6667,0,30.3333,11.6667,0
0,1,20,17,4.66666,4.6667,0,25.6666,11.6667,0
0,0,21,16,4.66667,4.6667,0,30.3333,7,0
0,1,20,17,4.66666,4.6667,0,25.6666,11.6667,0
0,1,20,16,4.66667,4.6667,0,25.6666,7,0
0,1,20,15,4.66667,4.6667,0,25.6666,2.33334,0
0,1,21,15,4.66667,4.6667,0,30.3333,2.33334,0
0,1,22,15,4.66667,4.6666,0,35,2.33334,0
0,1,22,16,4.66667,4.6666,0,35,7,0
0,1,22,17,4.66666,4.6666,0,35,11.6667,0
0,1,21,17,4.66666,4.6667,0,30.3333,11.6667,0
0,0,22,16,4.66667,4.6666,0,35,7,0
0,1,21,17,4.66666,4.6667,0,30.3333,11.6667,0
0,1,21,16,4.66667,4.6667,0,30.3333,7,0
0,1,21,15,4.66667,4.6667,0,30.3333,2.33334,0
0,1,22,15,4.66667,4.6666,0,35,2.33334,0
0,1,23,15,4.66667,4.6667,0,39.6666,2.33334,0
0,1,23,16,4.66667,4.6667,0,39.6666,7,0
0,1,23,17,4.66666,4.6667,0,39.6666,11.6667,0
0,1,22,17,4.66666,4.6666,0,35,11.6667,0
0,0,23,16,4.66667,4.6667,0,39.6666,7,0
0,1,22,17,4.66666,4.6666,0,35,11.6667,0
0,1,22,16,4.66667,4.6666,0,35,7,0
0,1,22,15,4.66667,4.6666,0,35,2.33334,0
0,1,23,15,4.66667,4.6667,0,39.6666,2.33334,0
0,1,24,15,4.66667,4.6667,0,44.3334,2.33334,0
0,1,24,16,4.66667,4.6667,0,44.3334,7,0
0,1,24,17,4.66666,4.6667,0,44.3334,11.6667,0
0,1,23,17,4.66666,4.6667,0,39.6666,11.6667,0
0,0,24,16,4.66667,4.6667,0,44.3334,7,0
0,1,23,17,4.66666,4.6667,0,39.6666,11.6667,0
0,1,23,16,4.66667,4.6667,0,39.6666,7,0
0,1,23,15,4.66667,4.6667,0,39.6666,2.33334,0
0,1,24,15,4.66667,4.6667,0,44.3334,2.33334,0
0,1,25,15,4.66667,4.6666,0,49,2.33334,0
0,1,25,16,4.66667,4.6666,0,49,7,0
0,1,25,17,4.66666,4.6666,0,49,11.6667,0
0,1,24,17,4.66666,4.6667,0,44.3334,11.6667,0
0,0,25,16,4.66667,4.6666,0,49,7,0
0,1,24,17,4.66666,4.6667,0,44.3334,11.6667,0
0,1,24,16,4.66667,4.6667,0,44.3334,7,0
0,1,24,15,4.66667,4.6667,0,44.3334,2.33334,0
0,1,25,15,4.66667,4.6666,0,49,2.33334,0
0,1,26,15,4.66667,4.6667,0,53.6666,2.33334,0
0,1,26,16,4.66667,4.6667,0,53.6666,7,0
0,1,26,17,4.66666,4.6667,0,53.6666,11.6667,0
0,1,25,17,4.66666,4.6666,0,49,11.6667,0
0,0,26,16,4.66667,4.6667,0,53.6666,7,0
0,1,25,17,4.66666,4.6666,0,49,11.6667,0
0,1,25,16,4.66667,4.6666,0,49,7,0
0,1,25,15,4.66667,4.6666,0,49,2.33334,0
0,1,26,15,4.66667,4.6667,0,53.6666,2.33334,0
0,1,27,15,4.66667,4.6667,0,58.3334,2.33334,0
0,1,27,16,4.66667,4.6667,0,58.3334,7,0
0,1,27,17,4.66666,4.6667,0,58.3334,11.6667,0
0,1,26,17,4.66666,4.6667,0,53.6666,11.6667,0
0,0,27,16,4.66667,4.6667,0,58.3334,7,0
0,1,26,17,4.66666,4.6667,0,53.6666,11.6667,0
0,1,26,16,4.66667,4.6667,0,53.6666,7,0
0,1,26,15,4.66667,4.6667,0,53.6666,2.33334,0
0,1,27,15,4.66667,4.6667,0,58.3334,2.33334,0
0,1,28,15,4.66667,4.6666,0,63,2.33334,0
0,1,28,16,4.66667,4.6666,0,63,7,0
0,1,28,17,4.66666,4.6666,0,63,11.6667,0
0,1,27,17,4.66666,4.6667,0,58.3334,11.6667,0
0,0,28,16,4.66667,4.6666,0,63,7,0
0,1,27,17,4.66666,4.6667,0,58.3334,11.6667,0
0,1,27,16,4.66667,4.6667,0,58.3334,7,0
0,1,27,15,4.66667,4.6667,0,58.3334,2.33334,0
0,1,28,15,4.66667,4.6666,0,63,2.33334,0
0,1,29,15,4.66667,4.6667,0,67.6666,2.33334,0
0,1,29,16,4.66667,4.6667,0,67.6666,7,0
0,1,29,17,4.66666,4.6667,0,67.6666,11.6667,0
0,1,28,17,4.66666,4.6666,0,63,11.6667,0
0,0,29,16,4.66667,4.6667,0,67.6666,7,0
0,1,28,17,4.66666,4.6666,0,63,11.6667,0
0,1,28,16,4.66667,4.6666,0,63,7,0
0,1,28,15,4.66667,4.6666,0,63,2.33334,0
0,1,29,15,4.66667,4.6667,0,67.6666,2.33334,0
1,1,0,0,0,0,0,0,0,0
1,1,0,0,0,0,0,0,0,0
1,1,0,0,0,0,0,0,0,0
0,1,29,17,4.66666,4.6667,0,67.6666,11.6667,0
0,0,0,17,4.66666,4.6667,0,-67.6666,11.6667,0
1,1,0,0,0,0,0,0,0,0
1,1,0,0,0,0,0,0,0,0
1,1,0,0,0,0,0,0,0,0
0,1,0,16,4.66667,4.6667,0,-67.6666,7,0
0,1,1,16,4.66667,4.6666,0,-63,7,0
0,1,1,17,4.66666,4.6666,0,-63,11.6667,0
0,1,1,18,4.6667,4.6666,0,-63,16.3334,0
0,1,0,18,4.6667,4.6667,0,-67.6666,16.3334,0
0,0,1,17,4.66666,4.6666,0,-63,11.6667,0
0,1,0,18,4.6667,4.6667,0,-67.6666,16.3334,0
0,1,0,17,4.66666,4.6667,0,-67.6666,11.6667,0
0,1,0,16,4.66667,4.6667,0,-67.6666,7,0
0,1,1,16,4.66667,4.6666,0,-63,7,0
0,1,2,16,4.66667,4.6667,0,-58.3334,7,0
0,1,2,17,4.66666,4.6667,0,-58.3334,11.6667,0
0,1,2,18,4.6667,4.6667,0,-58.3334,16.3334,0
0,1,1,18,4.6667,4.6666,0,-63,16.3334,0
0,0,2,17,4.66666,4.6667,0,-58.3334,11.6667,0
0,1,1,18,4.6667,4.6666,0,-63,16.3334,0
0,1,1,17,4.66666,4.6666,0,-63,11.6667,0
0,1,1,16,4.66667,4.6666,0,-63,7,0
0,1,2,16,4.66667,4.6667,0,-58.3334,7,0
0,1,3,16,4.66667,4.6667,0,-53.6666,7,0
0,1,3,17,4.66666,4.6667,0,-53.6666,11.6667,0
0,1,3,18,4.6667,4.6667,0,-53.6666,16.3334,0
0,1,2,18,4.6667,4.6667,0,-58.3334,16.3334,0
0,0,3,17,4.66666,4.6667,0,-53.6666,11.6667,0
0,1,2,18,4.6667,4.6667,0,-58.3334,16.3334,0
0,1,2,17,4.66666,4.6667,0,-58.3334,11.6667,0
0,1,2,16,4.66667,4.6667,0,-58.3334,7,0
0,1,3,16,4.66667,4.6667,0,-53.6666,7,0
0,1,4,16,4.66667,4.6666,0,-49,7,0
0,1,4,17,4.66666,4.6666,0,-49,11.6667,0
0,1,4,18,4.6667,4.6666,0,-49,16.3334,0
0,1,3,18,4.6667,4.6667,0,-53.6666,16.3334,0
0,0,4,17,4.66666,4.6666,0,-49,11.6667,0
0,1,3,18,4.6667,4.6667,0,-53.6666,16.3334,0
0,1,3,17,4.66666,4.6667,0,-53.6666,11.6667,0
0,1,3,16,4.66667,4.6667,0,-53.6666,7,0
0,1,4,16,4.66667,4.6666,0,-49,7,0
0,1,5,16,4.66667,4.6667,0,-44.3334,7,0
0,1,5,17,4.66666,4.6667,0,-44.3334,11.6667,0
0,1,5,18,4.6667,4.6667,0,-44.3334,16.3334,0
0,1,4,18,4.6667,4.6666,0,-49,16.3334,0
0,0,5,17,4.66666,4.6667,0,-44.3334,11.6667,0
0,1,4,18,4.6667,4.6666,0,-49,16.3334,0
0,1,4,17,4.66666,4.6666,0,-49,11.6667,0
0,1,4,16,4.66667,4.6666,0,-49,7,0
0,1,5,16,4.66667,4.6667,0,-44.3334,7,0
0,1,6,16,4.66667,4.6667,0,-39.6666,7,0
1,1,0,0,0,0,0,0,0,0
1,1,0,0,0,0,0,0,0,0
0,1,5,18,4.6667,4.6667,0,-44.3334,16.3334,0
1,0,0,0,0,0,0,0,0,0
1,0,0,0,0,0,0,0,0,0
1,0,0,0,0,0,0,0,0,0
1,0,0,0,0,0,0,0,0,0
1,0,0,0,0,0,0,0,0,0
1,0,0,0,0,0,0,0,0,0
1,0,0,0,0,0,0,0,0,0
1,0,0,0,0,0,0,0,0,0
0,0,14,17,4.66666,4.66666,0,-2.33333,11.6667,0
1,1,0,0,0,0,0,0,0,0
1,1,0,0,0,0,0,0,0,0
0,1,13,16,4.66667,4.66667,0,-7,7,0
0,1,14,16,4.66667,4.66666,0,-2.33333,7,0
0,1,15,16,4.66667,4.66667,0,2.33334,7,0
0,1,15,17,4.66666,4.66667,0,2.33334,11.6667,0
0,1,15,18,4.6667,4.66667,0,2.33334,16.3334,0
0,1,14,18,4.6667,4.66666,0,-2.33333,16.3334,0
0,0,15,17,4.66666,4.66667,0,2.33334,11.6667,0
0,1,14,18,4.6667,4.66666,0,-2.33333,16.3334,0
0,1,14,17,4.66666,4.66666,0,-2.33333,11.6667,0
0,1,14,16,4.66667,4.66666,0,-2.33333,7,0
0,1,15,16,4.66667,4.66667,0,2.33334,7,0
0,1,16,16,4.66667,4.66667,0,7,7,0
0,1,16,17,4.66666,4.66667,0,7,11.6667,0
0,1,16,18,4.6667,4.66667,0,7,16.3334,0
0,1,15,18,4.6667,4.66667,0,2.33334,16.3334,0
0,0,16,17,4.66666,4.66667,0,7,11.6667,0
0,1,15,18,4.6667,4.66667,0,2.33334,16.3334,0
0,1,15,17,4.66666,4.66667,0,2.33334,11.6667,0
0,1,15,16,4.66667,4.66667,0,2.33334,7,0
0,1,16,16,4.66667,4.66667,0,7,7,0
0,1,17,16,4.66667,4.66666,0,11.6667,7,0
0,1,17,17,4.66666,4.66666,0,11.6667,11.6667,0
0,1,17,18,4.6667,4.66666,0,11.6667,16.3334,0
0,1,16,18,4.6667,4.66667,0,7,16.3334,0
0,0,17,17,4.66666,4.66666,0,11.6667,11.6667,0
0,1,16,18,4.6667,4.66667,0,7,16.3334,0
0,1,16,17,4.66666,4.66667,0,7,11.6667,0
0,1,16,16,4.66667,4.66667,0,7,7,0
0,1,17,16,4.66667,4.66666,0,11.6667,7,0
0,1,18,16,4.66667,4.6667,0,16.3334,7,0
0,1,18,17,4.66666,4.6667,0,16.3334,11.6667,0
0,1,18,18,4.6667,4.6667,0,16.3334,16.3334,0
0,1,17,18,4.6667,4.66666,0,11.6667,16.3334,0
0,0,18,17,4.66666,4.6667,0,16.3334,11.6667,0
0,1,17,18,4.6667,4.66666,0,11.6667,16.3334,0
0,1,17,17,4.66666,4.66666,0,11.6667,11.6667,0
0,1,17,16,4.66667,4.66666,0,11.6667,7,0
0,1,18,16,4.66667,4.6667,0,16.3334,7,0
0,1,19,16,4.66667,4.6666,0,21,7,0
0,1,19,17,4.66666,4.6666,0,21,11.6667,0
0,1,19,18,4.6667,4.6666,0,21,16.3334,0
0,1,18,18,4.6667,4.6667,0,16.3334,16.3334,0
0,0,19,17,4.66666,4.6666,0,21,11.6667,0
0,1,18,18,4.6667,4.6667,0,16.3334,16.3334,0
0,1,18,17,4.66666,4.6667,0,16.3334,11.6667,0
0,1,18,16,4.66667,4.6667,0,16.3334,7,0
0,1,19,16,4.66667,4.6666,0,21,7,0
0,1,20,16,4.66667,4.6667,0,25.6666,7,0
0,1,20,17,4.66666,4.6667,0,25.6666,11.6667,0
0,1,20,18,4.6667,4.6667,0,25.6666,16.3334,0
0,1,19,18,4.6667,4.6666,0,21,16.3334,0
0,0,20,17,4.66666,4.6667,0,25.6666,11.6667,0
0,1,19,18,4.6667,4.6666,0,21,16.3334,0
0,1,19,17,4.66666,4.6666,0,21,11.6667,0
0,1,19,16,4.66667,4.6666,0,21,7,0
0,1,20,16,4.66667,4.6667,0,25.6666,7,0
0,1,21,16,4.66667,4.6667,0,30.3333,7,0
0,1,21,17,4.66666,4.6667,0,30.3333,11.6667,0
0,1,21,18,4.6667,4.6667,0,30.3333,16.3334,0
0,1,20,18,4.6667,4.6667,0,25.6666,16.3334,0
0,0,21,17,4.66666,4.6667,0,30.3333,11.6667,0
0,1,20,18,4.6667,4.6667,0,25.6666,16.3334,0
0,1,20,17,4.66666,4.6667,0,25.6666,11.6667,0
0,1,20,16,4.66667,4.6667,0,25.6666,7,0
0,1,21,16,4.66667,4.6667,0,30.3333,7,0
0,1,22,16,4.66667,4.6666,0,35,7,0
0,1,22,17,4.66666,4.6666,0,35,11.6667,0
0,1,22,18,4.6667,4.6666,0,35,16.3334,0
0,1,21,18,4.6667,4.6667,0,30.3333,16.3334,0
0,0,22,17,4.66666,4.6666,0,35,11.6667,0
0,1,21,18,4.6667,4.6667,0,30.3333,16.3334,0
0,1,21,17,4.66666,4.6667,0,30.3333,11.6667,0
0,1,21,16,4.66667,4.6667,0,30.3333,7,0
0,1,22,16,4.66667,4.6666,0,35,7,0
0,1,23,16,4.66667,4.6667,0,39.6666,7,0
0,1,23,17,4.66666,4.6667,0,39.6666,11.6667,0
0,1,23,18,4.6667,4.6667,0,39.6666,16.3334,0
0,1,22,18,4.6667,4.6666,0,35,16.3334,0
0,0,23,17,4.66666,4.6667,0,39.6666,11.6667,0
0,1,22,18,4.6667,4.6666,0,35,16.3334,0
0,1,22,17,4.66666,4.6666,0,35,11.6667,0
0,1,22,16,4.66667,4.6666,0,35,7,0
0,1,23,16,4.66667,4.6667,0,39.6666,7,0
0,1,24,16,4.66667,4.6667,0,44.3334,7,0
0,1,24,17,4.66666,4.6667,0,44.3334,11.6667,0
0,1,24,18,4.6667,4.6667,0,44.3334,16.3334,0
0,1,23,18,4.6667,4.6667,0,39.6666,16.3334,0
0,0,24,17,4.66666,4.6667,0,44.3334,11.6667,0
0,1,23,18,4.6667,4.6667,0,39.6666,16.3334,0
0,1,23,17,4.66666,4.6667,0,39.6666,11.6667,0
0,1,23,16,4.66667,4.6667,0,39.6666,7,0
0,1,24,16,4.66667,4.6667,0,44.3334,7,0
0,1,25,16,4.66667,4.6666,0,49,7,0
0,1,25,17,4.66666,4.6666,0,49,11.6667,0
0,1,25,18,4.6667,4.6666,0,49,16.3334,0
0,1,24,18,4.6667,4.6667,0,44.3334,16.3334,0
0,0,25,17,4.66666,4.6666,0,49,11.6667,0
0,1,24,18,4.6667,4.6667,0,44.3334,16.3334,0
0,1,24,17,4.66666,4.6667,0,44.3334,11.6667,0
0,1,24,16,4.66667,4.6667,0,44.3334,7,0
0,1,25,16,4.66667,4.6666,0,49,7,0
0,1,26,16,4.66667,4.6667,0,53.6666,7,0
0,1,26,17,4.66666,4.6667,0,53.6666,11.6667,0
0,1,26,18,4.6667,4.6667,0,53.6666,16.3334,0
0,1,25,18,4.6667,4.6666,0,49,16.3334,0
0,0,26,17,4.66666,4.6667,0,53.6666,11.6667,0
0,1,25,18,4.6667,4.6666,0,49,16.3334,0
0,1,25,17,4.66666,4.6666,0,49,11.6667,0
0,1,25,16,4.66667,4.6666,0,49,7,0
0,1,26,16,4.66667,4.6667,0,53.6666,7,0
0,1,27,16,4.66667,4.6667,0,58.3334,7,0
0,1,27,17,4.66666,4.6667,0,58.3334,11.6667,0
0,1,27,18,4.6667,4.6667,0,58.3334,16.3334,0
0,1,26,18,4.6667,4.6667,0,53.6666,16.3334,0
0,0,27,17,4.66666,4.6667,0,58.3334,11.6667,0
0,1,26,18,4.6667,4.6667,0,53.6666,16.3334,0
0,1,26,17,4.66666,4.6667,0,53.6666,11.6667,0
0,1,26,16,4.66667,4.6667,0,53.6666,7,0
0,1,27,16,4.66667,4.6667,0,58.3334,7,0
0,1,28,16,4.66667,4.6666,0,63,7,0
0,1,28,17,4.66666,4.6666,0,63,11.6667,0
0,1,28,18,4.6667,4.6666,0,63,16.3334,0
0,1,27,18,4.6667,4.6667,0,58.3334,16.3334,0
0,0,28,17,4.66666,4.6666,0,63,11.6667,0
0,1,27,18,4.6667,4.6667,0,58.3334,16.3334,0
0,1,27,17,4.66666,4.6667,0,58.3334,11.6667,0
0,1,27,16,4.66667,4.6667,0,58.3334,7,0
0,1,28,16,4.66667,4.6666,0,63,7,0
0,1,29,16,4.66667,4.6667,0,67.6666,7,0
0,1,29,17,4.66666,4.6667,0,67.6666,11.6667,0
0,1,29,18,4.6667,4.6667,0,67.6666,16.3334,0
0,1,28,18,4.6667,4.6666,0,63,16.3334,0
0,0,29,17,4.66666,4.6667,0,67.6666,11.6667,0
0,1,28,18,4.6667,4.6666,0,63,16.3334,0
0,1,28,17,4.66666,4.6666,0,63,11.6667,0
0,1,28,16,4.66667,4.6666,0,63,7,0
0,1,29,16,4.66667,4.6667,0,67.6666,7,0
1,1,0,0,0,0,0,0,0,0
1,1,0,0,0,0,0,0,0,0
1,1,0,0,0,0,0,0,0,0
0,1,29,18,4.6667,4.6667,0,67.6666,16.3334,0
0,0,0,18,4.6667,4.6667,0,-67.6666,16.3334,0
1,1,0,0,0,0,0,0,0,0
1,1,0,0,0,0,0,0,0,0
1,1,0,0,0,0,0,0,0,0
0,1,0,17,4.66666,4.6667,0,-67.6666,11.6667,0
0,1,1,17,4.66666,4.6666,0,-63,11.6667,0
0,1,1,18,4.6667,4.6666,0,-63,16.3334,0
0,1,1,19,4.6666,4.6666,0,-63,21,0
0,1,0,19,4.6666,4.6667,0,-67.6666,21,0
0,0,1,18,4.6667,4.6666,0,-63,16.3334,0
0,1,0,19,4.6666,4.6667,0,-67.6666,21,0
0,1,0,18,4.6667,4.6667,0,-67.6666,16.3334,0
0,1,0,17,4.66666,4.6667,0,-67.6666,11.6667,0
0,1,1,17,4.66666,4.6666,0,-63,11.6667,0
0,1,2,17,4.66666,4.6667,0,-58.3334,11.6667,0
0,1,2,18,4.6667,4.6667,0,-58.3334,16.3334,0
0,1,2,19,4.6666,4.6667,0,-58.3334,21,0
0,1,1,19,4.6666,4.6666,0,-63,21,0
0,0,2,18,4.6667,4.6667,0,-58.3334,16.3334,0
0,1,1,19,4.6666,4.6666,0,-63,21,0
0,1,1,18,4.6667,4.6666,0,-63,16.3334,0
0,1,1,17,4.66666,4.6666,0,-63,11.6667,0
0,1,2,17,4.66666,4.6667,0,-58.3334,11.6667,0
0,1,3,17,4.66666,4.6667,0,-53.6666,11.6667,0
0,1,3,18,4.6667,4.6667,0,-53.6666,16.3334,0
0,1,3,19,4.6666,4.6667,0,-53.6666,21,0
0,1,2,19,4.6666,4.6667,0,-58.3334,21,0
0,0,3,18,4.6667,4.6667,0,-53.6666,16.3334,0
0,1,2,19,4.6666,4.6667,0,-58.3334,21,0
0,1,2,18,4.6667,4.6667,0,-58.3334,16.3334,0
0,1,2,17,4.66666,4.6667,0,-58.3334,11.6667,0
0,1,3,17,4.66666,4.6667,0,-53.6666,11.6667,0
0,1,4,17,4.66666,4.6666,0,-49,11.6667,0
0,1,4,18,4.6667,4.6666,0,-49,16.3334,0
0,1,4,19,4.6666,4.6666,0,-49,21,0
0,1,3,19,4.6666,4.6667,0,-53.6666,21,0
0,0,4,18,4.6667,4.6666,0,-49,16.3334,0
0,1,3,19,4.6666,4.6667,0,-53.6666,21,0
0,1,3,18,4.6667,4.6667,0,-53.6666,16.3334,0
0,1,3,17,4.66666,4.6667,0,-53.6666,11.6667,0
0,1,4,17,4.66666,4.6666,0,-49,11.6667,0
0,1,5,17,4.66666,4.6667,0,-44.3334,11.6667,0
0,1,5,18,4.6667,4.6667,0,-44.3334,16.3334,0
0,1,5,19,4.6666,4.6667,0,-44.3334,21,0
0,1,4,19,4.6666,4.6666,0,-49,21,0
0,0,5,18,4.6667,4.6667,0,-44.3334,16.3334,0
0,1,4,19,4.6666,4.6666,0,-49,21,0
0,1,4,18,4.6667,4.6666,0,-49,16.3334,0
0,1,4,17,4.66666,4.6666,0,-49,11.6667,0
0,1,5,17,4.66666,4.6667,0,-44.3334,11.6667,0
1,1,0,0,0,0,0,0,0,0
1,1,0,0,0,0,0,0,0,0
1,1,0,0,0,0,0,0,0,0
0,1,5,19,4.6666,4.6667,0,-44.3334,21,0
1,0,0,0,0,0,0,0,0,0
1,0,0,0,0,0,0,0,0,0
1,0,0,0,0,0,0,0,0,0
1,0,0,0,0,0,0,0,0,0
1,0,0,0,0,0,0,0,0,0
1,0,0,0,0,0,0,0,0,0
1,0,0,0,0,0,0,0,0,0
1,0,0,0,0,0,0,0,0,0
0,0,14,18,4.6667,4.66666,0,-2.33333,16.3334,0
0,1,13,19,4.6666,4.66667,0,-7,21,0
1,1,0,0,0,0,0,0,0,0
1,1,0,0,0,0,0,0,0,0
0,1,14,17,4.66666,4.66666,0,-2.33333,11.6667,0
0,1,15,17,4.66666,4.66667,0,2.33334,11.6667,0
0,1,15,18,4.6667,4.66667,0,2.33334,16.3334,0
0,1,15,19,4.6666,4.66667,0,2.33334,21,0
0,1,14,19,4.6666,4.66666,0,-2.33333,21,0
0,0,15,18,4.6667,4.66667,0,2.33334,16.3334,0
0,1,14,19,4.6666,4.66666,0,-2.33333,21,0
0,1,14,18,4.6667,4.66666,0,-2.33333,16.3334,0
0,1,14,17,4.66666,4.66666,0,-2.33333,11.6667,0
0,1,15,17,4.66666,4.66667,0,2.33334,11.6667,0
0,1,16,17,4.66666,4.66667,0,7,11.6667,0
0,1,16,18,4.6667,4.66667,0,7,16.3334,0
0,1,16,19,4.6666,4.66667,0,7,21,0
0,1,15,19,4.6666,4.66667,0,2.33334,21,0
0,0,16,18,4.6667,4.66667,0,7,16.3334,0
0,1,15,19,4.6666,4.66667,0,2.33334,21,0
0,1,15,18,4.6667,4.66667,0,2.33334,16.3334,0
0,1,15,17,4.66666,4.66667,0,2.33334,11.6667,0
0,1,16,17,4.66666,4.66667,0,7,11.6667,0
0,1,17,17,4.66666,4.66666,0,11.6667,11.6667,0
0,1,17,18,4.6667,4.66666,0,11.6667,16.3334,0
0,1,17,19,4.6666,4.66666,0,11.6667,21,0
0,1,16,19,4.6666,4.66667,0,7,21,0
0,0,17,18,4.6667,4.66666,0,11.6667,16.3334,0
0,1,16,19,4.6666,4.66667,0,7,21,0
0,1,16,18,4.6667,4.66667,0,7,16.3334,0
0,1,16,17,4.66666,4.66667,0,7,11.6667,0
0,1,17,17,4.66666,4.66666,0,11.6667,11.6667,0
0,1,18,17,4.66666,4.6667,0,16.3334,11.6667,0
0,1,18,18,4.6667,4.6667,0,16.3334,16.3334,0
0,1,18,19,4.6666,4.6667,0,16.3334,21,0
0,1,17,19,4.6666,4.66666,0,11.6667,21,0
0,0,18,18,4.6667,4.6667,0,16.3334,16.3334,0
0,1,17,19,4.6666,4.66666,0,11.6667,21,0
0,1,17,18,4.6667,4.66666,0,11.6667,16.3334,0
0,1,17,17,4.66666,4.66666,0,11.6667,11.6667,0
0,1,18,17,4.66666,4.6667,0,16.3334,11.6667,0
0,1,19,17,4.66666,4.6666,0,21,11.6667,0
0,1,19,18,4.6667,4.6666,0,21,16.3334,0
0,1,19,19,4.6666,4.6666,0,21,21,0
0,1,18,19,4.6666,4.6667,0,16.3334,21,0
0,0,19,18,4.6667,4.6666,0,21,16.3334,0
0,1,18,19,4.6666,4.6667,0,16.3334,21,0
0,1,18,18,4.6667,4.6667,0,16.3334,16.3334,0
0,1,18,17,4.66666,4.6667,0,16.3334,11.6667,0
0,1,19,17,4.66666,4.6666,0,21,11.6667,0
0,1,20,17,4.66666,4.6667,0,25.6666,11.6667,0
0,1,20,18,4.6667,4.6667,0,25.6666,16.3334,0
0,1,20,19,4.6666,4.6667,0,25.6666,21,0
0,1,19,19,4.6666,4.6666,0,21,21,0
0,0,20,18,4.6667,4.6667,0,25.6666,16.3334,0
0,1,19,19,4.6666,4.6666,0,21,21,0
0,1,19,18,4.6667,4.6666,0,21,16.3334,0
0,1,19,17,4.66666,4.6666,0,21,11.6667,0
0,1,20,17,4.66666,4.6667,0,25.6666,11.6667,0
0,1,21,17,4.66666,4.6667,0,30.3333,11.6667,0
0,1,21,18,4.6667,4.6667,0,30.3333,16.3334,0
0,1,21,19,4.6666,4.6667,0,30.3333,21,0
0,1,20,19,4.6666,4.6667,0,25.6666,21,0
0,0,21,18,4.6667,4.6667,0,30.3333,16.3334,0
0,1,20,19,4.6666,4.6667,0,25.6666,21,0
0,1,20,18,4.6667,4.6667,0,25.6666,16.3334,0
0,1,20,17,4.66666,4.6667,0,25.6666,11.6667,0
0,1,21,17,4.66666,4.6667,0,30.3333,11.6667,0
0,1,22,17,4.66666,4.6666,0,35,11.6667,0
0,1,22,18,4.6667,4.6666,0,35,16.3334,0
0,1,22,19,4.6666,4.6666,0,35,21,0
0,1,21,19,4.6666,4.6667,0,30.3333,21,0
0,0,22,18,4.6667,4.6666,0,35,16.3334,0
0,1,21,19,4.6666,4.6667,0,30.3333,21,0
0,1,21,18,4.6667,4.6667,0,30.3333,16.3334,0
0,1,21,17,4.66666,4.6667,0,30.3333,11.6667,0
0,1,22,17,4.66666,4.6666,0,35,11.6667,0
0,1,23,17,4.66666,4.6667,0,39.6666,11.6667,0
0,1,23,18,4.6667,4.6667,0,39.6666,16.3334,0
0,1,23,19,4.6666,4.6667,0,39.6666,21,0
0,1,22,19,4.6666,4.6666,0,35,21,0
0,0,23,18,4.6667,4.6667,0,39.6666,16.3334,0
0,1,22,19,4.6666,4.6666,0,35,21,0
0,1,22,18,4.6667,4.6666,0,35,16.3334,0
0,1,22,17,4.66666,4.6666,0,35,11.6667,0
0,1,23,17,4.66666,4.6667,0,39.6666,11.6667,0
0,1,24,17,4.66666,4.6667,0,44.3334,11.6667,0
0,1,24,18,4.6667,4.6667,0,44.3334,16.3334,0
0,1,24,19,4.6666,4.6667,0,44.3334,21,0
0,1,23,19,4.6666,4.6667,0,39.6666,21,0
0,0,24,18,4.6667,4.6667,0,44.3334,16.3334,0
0,1,23,19,4.6666,4.6667,0,39.6666,21,0
0,1,23,18,4.6667,4.6667,0,39.6666,16.3334,0
0,1,23,17,4.66666,4.6667,0,39.6666,11.6667,0
0,1,24,17,4.66666,4.6667,0,44.3334,11.6667,0
0,1,25,17,4.66666,4.6666,0,49,11.6667,0
0,1,25,18,4.6667,4.6666,0,49,16.3334,0
0,1,25,19,4.6666,4.6666,0,49,21,0
0,1,24,19,4.6666,4.6667,0,44.3334,21,0
0,0,25,18,4.6667,4.6666,0,49,16.3334,0
0,1,24,19,4.6666,4.6667,0,44.3334,21,0
0,1,24,18,4.6667,4.6667,0,44.3334,16.3334,0
0,1,24,17,4.66666,4.6667,0,44.3334,11.6667,0
0,1,25,17,4.66666,4.6666,0,49,11.6667,0
0,1,26,17,4.66666,4.6667,0,53.6666,11.6667,0
0,1,26,18,4.6667,4.6667,0,53.6666,16.3334,0
0,1,26,19,4.6666,4.6667,0,53.6666,21,0
0,1,25,19,4.6666,4.6666,0,49,21,0
0,0,26,18,4.6667,4.6667,0,53.6666,16.3334,0
0,1,25,19,4.6666,4.6666,0,49,21,0
0,1,25,18,4.6667,4.6666,0,49,16.3334,0
0,1,25,17,4.66666,4.6666,0,49,11.6667,0
0,1,26,17,4.66666,4.6667,0,53.6666,11.6667,0
0,1,27,17,4.66666,4.6667,0,58.3334,11.6667,0
0,1,27,18,4.6667,4.6667,0,58.3334,16.3334,0
0,1,27,19,4.6666,4.6667,0,58.3334,21,0
0,1,26,19,4.6666,4.6667,0,53.6666,21,0
0,0,27,18,4.6667,4.6667,0,58.3334,16.3334,0
0,1,26,19,4.6666,4.6667,0,53.6666,21,0
0,1,26,18,4.6667,4.6667,0,53.6666,16.3334,0
0,1,26,17,4.66666,4.6667,0,53.6666,11.6667,0
0,1,27,17,4.66666,4.6667,0,58.3334,11.6667,0
0,1,28,17,4.66666,4.6666,0,63,11.6667,0
0,1,28,18,4.6667,4.6666,0,63,16.3334,0
0,1,28,19,4.6666,4.6666,0,63,21,0
0,1,27,19,4.6666,4.6667,0,58.3334,21,0
0,0,28,18,4.6667,4.6666,0,63,16.3334,0
0,1,27,19,4.6666,4.6667,0,58.3334,21,0
0,1,27,18,4.6667,4.6667,0,58.3334,16.3334,0
0,1,27,17,4.66666,4.6667,0,58.3334,11.6667,0
0,1,28,17,4.66666,4.6666,0,63,11.6667,0
0,1,29,17,4.66666,4.6667,0,67.6666,11.6667,0
0,1,29,18,4.6667,4.6667,0,67.6666,16.3334,0
0,1,29,19,4.6666,4.6667,0,67.6666,21,0
0,1,28,19,4.6666,4.6666,0,63,21,0
0,0,29,18,4.6667,4.6667,0,67.6666,16.3334,0
0,1,28,19,4.6666,4.6666,0,63,21,0
0,1,28,18,4.6667,4.6666,0,63,16.3334,0
0,1,28,17,4.66666,4.6666,0,63,11.6667,0
0,1,29,17,4.66666,4.6667,0,67.6666,11.6667,0
1,1,0,0,0,0,0,0,0,0
1,1,0,0,0,0,0,0,0,0
1,1,0,0,0,0,0,0,0,0
0,1,29,19,4.6666,4.6667,0,67.6666,21,0
0,0,0,19,4.6666,4.6667,0,-67.6666,21,0
1,1,0,0,0,0,0,0,0,0
1,1,0,0,0,0,0,0,0,0
1,1,0,0,0,0,0,0,0,0
0,1,0,18,4.6667,4.6667,0,-67.6666,16.3334,0
0,1,1,18,4.6667,4.6666,0,-63,16.3334,0
0,1,1,19,4.6666,4.6666,0,-63,21,0
0,1,1,20,4.6667,4.6666,0,-63,25.6666,0
0,1,0,20,4.6667,4.6667,0,-67.6666,25.6666,0
0,0,1,19,4.6666,4.6666,0,-63,21,0
0,1,0,20,4.6667,4.6667,0,-67.6666,25.6666,0
0,1,0,19,4.6666,4.6667,0,-67.6666,21,0
0,1,0,18,4.6667,4.6667,0,-67.6666,16.3334,0
0,1,1,18,4.6667,4.6666,0,-63,16.3334,0
0,1,2,18,4.6667,4.6667,0,-58.3334,16.3334,0
0,1,2,19,4.6666,4.6667,0,-58.3334,21,0
0,1,2,20,4.6667,4.6667,0,-58.3334,25.6666,0
0,1,1,20,4.6667,4.6666,0,-63,25.6666,0
0,0,2,19,4.6666,4.6667,0,-58.3334,21,0
0,1,1,20,4.6667,4.6666,0,-63,25.6666,0
0,1,1,19,4.6666,4.6666,0,-63,21,0
0,1,1,18,4.6667,4.6666,0,-63,16.3334,0
0,1,2,18,4.6667,4.6667,0,-58.3334,16.3334,0
0,1,3,18,4.6667,4.6667,0,-53.6666,16.3334,0
0,1,3,19,4.6666,4.6667,0,-53.6666,21,0
0,1,3,20,4.6667,4.6667,0,-53.6666,25.6666,0
0,1,2,20,4.6667,4.6667,0,-58.3334,25.6666,0
0,0,3,19,4.6666,4.6667,0,-53.6666,21,0
0,1,2,20,4.6667,4.6667,0,-58.3334,25.6666,0
0,1,2,19,4.6666,4.6667,0,-58.3334,21,0
0,1,2,18,4.6667,4.6667,0,-58.3334,16.3334,0
0,1,3,18,4.6667,4.6667,0,-53.6666,16.3334,0
0,1,4,18,4.6667,4.6666,0,-49,16.3334,0
0,1,4,19,4.6666,4.6666,0,-49,21,0
0,1,4,20,4.6667,4.6666,0,-49,25.6666,0
0,1,3,20,4.6667,4.6667,0,-53.6666,25.6666,0
0,0,4,19,4.6666,4.6666,0,-49,21,0
0,1,3,20,4.6667,4.6667,0,-53.6666,25.6666,0
0,1,3,19,4.6666,4.6667,0,-53.6666,21,0
0,1,3,18,4.6667,4.6667,0,-53.6666,16.3334,0
0,1,4,18,4.6667,4.6666,0,-49,16.3334,0
0,1,5,18,4.6667,4.6667,0,-44.3334,16.3334,0
0,1,5,19,4.6666,4.6667,0,-44.3334,21,0
0,1,5,20,4.6667,4.6667,0,-44.3334,25.6666,0
0,1,4,20,4.6667,4.6666,0,-49,25.6666,0
0,0,5,19,4.6666,4.6667,0,-44.3334,21,0
0,1,4,20,4.6667,4.6666,0,-49,25.6666,0
0,1,4,19,4.6666,4.6666,0,-49,21,0
0,1,4,18,4.6667,4.6666,0,-49,16.3334,0
0,1,5,18,4.6667,4.6667,0,-44.3334,16.3334,0
1,1,0,0,0,0,0,0,0,0
1,1,0,0,0,0,0,0,0,0
0,1,6,20,4.6667,4.6667,0,-39.6666,25.6666,0
0,1,5,20,4.6667,4.6667,0,-44.3334,25.6666,0
1,0,0,0,0,0,0,0,0,0
1,0,0,0,0,0,0,0,0,0
1,0,0,0,0,0,0,0,0,0
1,0,0,0,0,0,0,0,0,0
1,0,0,0,0,0,0,0,0,0
1,0,0,0,0,0,0,0,0,0
1,0,0,0,0,0,0,0,0,0
0,0,13,19,4.6666,4.66667,0,-7,21,0
0,1,12,20,4.6667,4.66667,0,-11.6667,25.6666,0
1,1,0,0,0,0,0,0,0,0
1,1,0,0,0,0,0,0,0,0
1,1,0,0,0,0,0,0,0,0
0,1,14,18,4.6667,4.66666,0,-2.33333,16.3334,0
0,1,14,19,4.6666,4.66666,0,-2.33333,21,0
0,1,14,20,4.6667,4.66666,0,-2.33333,25.6666,0
0,1,13,20,4.6667,4.66667,0,-7,25.6666,0
0,0,14,19,4.6666,4.66666,0,-2.33333,21,0
0,1,13,20,4.6667,4.66667,0,-7,25.6666,0
0,1,13,19,4.6666,4.66667,0,-7,21,0
1,1,0,0,0,0,0,0,0,0
0,1,14,18,4.6667,4.66666,0,-2.33333,16.3334,0
0,1,15,18,4.6667,4.66667,0,2.33334,16.3334,0
0,1,15,19,4.6666,4.66667,0,2.33334,21,0
0,1,15,20,4.6667,4.66667,0,2.33334,25.6666,0
0,1,14,20,4.6667,4.66666,0,-2.33333,25.6666,0
0,0,15,19,4.6666,4.66667,0,2.33334,21,0
0,1,14,20,4.6667,4.66666,0,-2.33333,25.6666,0
0,1,14,19,4.6666,4.66666,0,-2.33333,21,0
0,1,14,18,4.6667,4.66666,0,-2.33333,16.3334,0
0,1,15,18,4.6667,4.66667,0,2.33334,16.3334,0
0,1,16,18,4.6667,4.66667,0,7,16.3334,0
0,1,16,19,4.6666,4.66667,0,7,21,0
0,1,16,20,4.6667,4.66667,0,7,25.6666,0
0,1,15,20,4.6667,4.66667,0,2.33334,25.6666,0
0,0,16,19,4.6666,4.66667,0,7,21,0
0,1,15,20,4.6667,4.66667,0,2.33334,25.6666,0
0,1,15,19,4.6666,4.66667,0,2.33334,21,0
0,1,15,18,4.6667,4.66667,0,2.33334,16.3334,0
0,1,16,18,4.6667,4.66667,0,7,16.3334,0
0,1,17,18,4.6667,4.66666,0,11.6667,16.3334,0
0,1,17,19,4.6666,4.66666,0,11.6667,21,0
0,1,17,20,4.6667,4.66666,0,11.6667,25.6666,0
0,1,16,20,4.6667,4.66667,0,7,25.6666,0
0,0,17,19,4.6666,4.66666,0,11.6667,21,0
0,1,16,20,4.6667,4.66667,0,7,25.6666,0
0,1,16,19,4.6666,4.66667,0,7,21,0
0,1,16,18,4.6667,4.66667,0,7,16.3334,0
0,1,17,18,4.6667,4.66666,0,11.6667,16.3334,0
0,1,18,18,4.6667,4.6667,0,16.3334,16.3334,0
0,1,18,19,4.6666,4.6667,0,16.3334,21,0
0,1,18,20,4.6667,4.6667,0,16.3334,25.6666,0
0,1,17,20,4.6667,4.66666,0,11.6667,25.6666,0
0,0,18,19,4.6666,4.6667,0,16.3334,21,0
0,1,17,20,4.6667,4.66666,0,11.6667,25.6666,0
0,1,17,19,4.6666,4.66666,0,11.6667,21,0
0,1,17,18,4.6667,4.66666,0,11.6667,16.3334,0
0,1,18,18,4.6667,4.6667,0,16.3334,16.3334,0
0,1,19,18,4.6667,4.6666,0,21,16.3334,0
0,1,19,19,4.6666,4.6666,0,21,21,0
0,1,19,20,4.6667,4.6666,0,21,25.6666,0
0,1,18,20,4.6667,4.6667,0,16.3334,25.6666,0
0,0,19,19,4.6666,4.6666,0,21,21,0
0,1,18,20,4.6667,4.6667,0,16.3334,25.6666,0
0,1,18,19,4.6666,4.6667,0,16.3334,21,0
0,1,18,18,4.6667,4.6667,0,16.3334,16.3334,0
0,1,19,18,4.6667,4.6666,0,21,16.3334,0
0,1,20,18,4.6667,4.6667,0,25.6666,16.3334,0
0,1,20,19,4.6666,4.6667,0,25.6666,21,0
0,1,20,20,4.6667,4.6667,0,25.6666,25.6666,0
0,1,19,20,4.6667,4.6666,0,21,25.6666,0
0,0,20,19,4.6666,4.6667,0,25.6666,21,0
0,1,19,20,4.6667,4.6666,0,21,25.6666,0
0,1,19,19,4.6666,4.6666,0,21,21,0
0,1,19,18,4.6667,4.6666,0,21,16.3334,0
0,1,20,18,4.6667,4.6667,0,25.6666,16.3334,0
0,1,21,18,4.6667,4.6667,0,30.3333,16.3334,0
0,1,21,19,4.6666,4.6667,0,30.3333,21,0
0,1,21,20,4.6667,4.6667,0,30.3333,25.6666,0
0,1,20,20,4.6667,4.6667,0,25.6666,25.6666,0
0,0,21,19,4.6666,4.6667,0,30.3333,21,0
0,1,20,20,4.6667,4.6667,0,25.6666,25.6666,0
0,1,20,19,4.6666,4.6667,0,25.6666,21,0
0,1,20,18,4.6667,4.6667,0,25.6666,16.3334,0
0,1,21,18,4.6667,4.6667,0,30.3333,16.3334,0
0,1,22,18,4.6667,4.6666,0,35,16.3334,0
0,1,22,19,4.6666,4.6666,0,35,21,0
0,1,22,20,4.6667,4.6666,0,35,25.6666,0
0,1,21,20,4.6667,4.6667,0,30.3333,25.6666,0
0,0,22,19,4.6666,4.6666,0,35,21,0
0,1,21,20,4.6667,4.6667,0,30.3333,25.6666,0
0,1,21,19,4.6666,4.6667,0,30.3333,21,0
0,1,21,18,4.6667,4.6667,0,30.3333,16.3334,0
0,1,22,18,4.6667,4.6666,0,35,16.3334,0
0,1,23,18,4.6667,4.6667,0,39.6666,16.3334,0
0,1,23,19,4.6666,4.6667,0,39.6666,21,0
0,1,23,20,4.6667,4.6667,0,39.6666,25.6666,0
0,1,22,20,4.6667,4.6666,0,35,25.6666,0
0,0,23,19,4.6666,4.6667,0,39.6666,21,0
0,1,22,20,4.6667,4.6666,0,35,25.6666,0
0,1,22,19,4.6666,4.6666,0,35,21,0
0,1,22,18,4.6667,4.6666,0,35,16.3334,0
0,1,23,18,4.6667,4.6667,0,39.6666,16.3334,0
0,1,24,18,4.6667,4.6667,0,44.3334,16.3334,0
0,1,24,19,4.6666,4.6667,0,44.3334,21,0
0,1,24,20,4.6667,4.6667,0,44.3334,25.6666,0
0,1,23,20,4.6667,4.6667,0,39.6666,25.6666,0
0,0,24,19,4.6666,4.6667,0,44.3334,21,0
0,1,23,20,4.6667,4.6667,0,39.6666,25.6666,0
0,1,23,19,4.6666,4.6667,0,39.6666,21,0
0,1,23,18,4.6667,4.6667,0,39.6666,16.3334,0
0,1,24,18,4.6667,4.6667,0,44.3334,16.3334,0
0,1,25,18,4.6667,4.6666,0,49,16.3334,0
0,1,25,19,4.6666,4.6666,0,49,21,0
0,1,25,20,4.6667,4.6666,0,49,25.6666,0
0,1,24,20,4.6667,4.6667,0,44.3334,25.6666,0
0,0,25,19,4.6666,4.6666,0,49,21,0
0,1,24,20,4.6667,4.6667,0,44.3334,25.6666,0
0,1,24,19,4.6666,4.6667,0,44.3334,21,0
0,1,24,18,4.6667,4.6667,0,44.3334,16.3334,0
0,1,25,18,4.6667,4.6666,0,49,16.3334,0
0,1,26,18,4.6667,4.6667,0,53.6666,16.3334,0
0,1,26,19,4.6666,4.6667,0,53.6666,21,0
0,1,26,20,4.6667,4.6667,0,53.6666,25.6666,0
0,1,25,20,4.6667,4.6666,0,49,25.6666,0
0,0,26,19,4.6666,4.6667,0,53.6666,21,0
0,1,25,20,4.6667,4.6666,0,49,25.6666,0
0,1,25,19,4.6666,4.6666,0,49,21,0
0,1,25,18,4.6667,4.6666,0,49,16.3334,0
0,1,26,18,4.6667,4.6667,0,53.6666,16.3334,0
0,1,27,18,4.6667,4.6667,0,58.3334,16.3334,0
0,1,27,19,4.6666,4.6667,0,58.3334,21,0
0,1,27,20,4.6667,4.6667,0,58.3334,25.6666,0
0,1,26,20,4.6667,4.6667,0,53.6666,25.6666,0
0,0,27,19,4.6666,4.6667,0,58.3334,21,0
0,1,26,20,4.6667,4.6667,0,53.6666,25.6666,0
0,1,26,19,4.6666,4.6667,0,53.6666,21,0
0,1,26,18,4.6667,4.6667,0,53.6666,16.3334,0
0,1,27,18,4.6667,4.6667,0,58.3334,16.3334,0
0,1,28,18,4.6667,4.6666,0,63,16.3334,0
0,1,28,19,4.6666,4.6666,0,63,21,0
0,1,28,20,4.6667,4.6666,0,63,25.6666,0
0,1,27,20,4.6667,4.6667,0,58.3334,25.6666,0
0,0,28,19,4.6666,4.6666,0,63,21,0
0,1,27,20,4.6667,4.6667,0,58.3334,25.6666,0
0,1,27,19,4.6666,4.6667,0,58.3334,21,0
0,1,27,18,4.6667,4.6667,0,58.3334,16.3334,0
0,1,28,18,4.6667,4.6666,0,63,16.3334,0
0,1,29,18,4.6667,4.6667,0,67.6666,16.3334,0
0,1,29,19,4.6666,4.6667,0,67.6666,21,0
0,1,29,20,4.6667,4.6667,0,67.6666,25.6666,0
0,1,28,20,4.6667,4.6666,0,63,25.6666,0
0,0,29,19,4.6666,4.6667,0,67.6666,21,0
0,1,28,20,4.6667,4.6666,0,63,25.6666,0
0,1,28,19,4.6666,4.6666,0,63,21,0
0,1,28,18,4.6667,4.6666,0,63,16.3334,0
0,1,29,18,4.6667,4.6667,0,67.6666,16.3334,0
1,1,0,0,0,0,0,0,0,0
1,1,0,0,0,0,0,0,0,0
1,1,0,0,0,0,0,0,0,0
0,1,29,20,4.6667,4.6667,0,67.6666,25.6666,0
0,0,0,20,4.6667,4.6667,0,-67.6666,25.6666,0
1,1,0,0,0,0,0,0,0,0
1,1,0,0,0,0,0,0,0,0
1,1,0,0,0,0,0,0,0,0
0,1,0,19,4.6666,4.6667,0,-67.6666,21,0
0,1,1,19,4.6666,4.6666,0,-63,21,0
0,1,1,20,4.6667,4.6666,0,-63,25.6666,0
0,1,1,21,4.6667,4.6666,0,-63,30.3333,0
0,1,0,21,4.6667,4.6667,0,-67.6666,30.3333,0
0,0,1,20,4.6667,4.6666,0,-63,25.6666,0
0,1,0,21,4.6667,4.6667,0,-67.6666,30.3333,0
0,1,0,20,4.6667,4.6667,0,-67.6666,25.6666,0
0,1,0,19,4.6666,4.6667,0,-67.6666,21,0
0,1,1,19,4.6666,4.6666,0,-63,21,0
0,1,2,19,4.6666,4.6667,0,-58.3334,21,0
0,1,2,20,4.6667,4.6667,0,-58.3334,25.6666,0
0,1,2,21,4.6667,4.6667,0,-58.3334,30.3333,0
0,1,1,21,4.6667,4.6666,0,-63,30.3333,0
0,0,2,20,4.6667,4.6667,0,-58.3334,25.6666,0
0,1,1,21,4.6667,4.6666,0,-63,30.3333,0
0,1,1,20,4.6667,4.6666,0,-63,25.6666,0
0,1,1,19,4.6666,4.6666,0,-63,21,0
0,1,2,19,4.6666,4.6667,0,-58.3334,21,0
0,1,3,19,4.6666,4.6667,0,-53.6666,21,0
0,1,3,20,4.6667,4.6667,0,-53.6666,25.6666,0
0,1,3,21,4.6667,4.6667,0,-53.6666,30.3333,0
0,1,2,21,4.6667,4.6667,0,-58.3334,30.3333,0
0,0,3,20,4.6667,4.6667,0,-53.6666,25.6666,0
0,1,2,21,4.6667,4.6667,0,-58.3334,30.3333,0
0,1,2,20,4.6667,4.6667,0,-58.3334,25.6666,0
0,1,2,19,4.6666,4.6667,0,-58.3334,21,0
0,1,3,19,4.6666,4.6667,0,-53.6666,21,0
0,1,4,19,4.6666,4.6666,0,-49,21,0
0,1,4,20,4.6667,4.6666,0,-49,25.6666,0
0,1,4,21,4.6667,4.6666,0,-49,30.3333,0
0,1,3,21,4.6667,4.6667,0,-53.6666,30.3333,0
0,0,4,20,4.6667,4.6666,0,-49,25.6666,0
0,1,3,21,4.6667,4.6667,0,-53.6666,30.3333,0
0,1,3,20,4.6667,4.6667,0,-53.6666,25.6666,0
0,1,3,19,4.6666,4.6667,0,-53.6666,21,0
0,1,4,19,4.6666,4.6666,0,-49,21,0
0,1,5,19,4.6666,4.6667,0,-44.3334,21,0
0,1,5,20,4.6667,4.6667,0,-44.3334,25.6666,0
0,1,5,21,4.6667,4.6667,0,-44.3334,30.3333,0
0,1,4,21,4.6667,4.6666,0,-49,30.3333,0
0,0,5,20,4.6667,4.6667,0,-44.3334,25.6666,0
0,1,4,21,4.6667,4.6666,0,-49,30.3333,0
0,1,4,20,4.6667,4.6666,0,-49,25.6666,0
0,1,4,19,4.6666,4.6666,0,-49,21,0
0,1,5,19,4.6666,4.6667,0,-44.3334,21,0
1,1,0,0,0,0,0,0,0,0
0,1,6,20,4.6667,4.6667,0,-39.6666,25.6666,0
0,1,6,21,4.6667,4.6667,0,-39.6666,30.3333,0
0,1,5,21,4.6667,4.6667,0,-44.3334,30.3333,0
0,0,6,20,4.6667,4.6667,0,-39.6666,25.6666,0
0,1,5,21,4.6667,4.6667,0,-44.3334,30.3333,0
0,1,5,20,4.6667,4.6667,0,-44.3334,25.6666,0
0,1,5,19,4.6666,4.6667,0,-44.3334,21,0
1,1,0,0,0,0,0,0,0,0
1,1,0,0,0,0,0,0,0,0
1,1,0,0,0,0,0,0,0,0
0,1,7,21,4.6667,4.6666,0,-35,30.3333,0
0,1,6,21,4.6667,4.6667,0,-39.6666,30.3333,0
1,0,0,0,0,0,0,0,0,0
1,0,0,0,0,0,0,0,0,0
1,0,0,0,0,0,0,0,0,0
1,0,0,0,0,0,0,0,0,0
1,0,0,0,0,0,0,0,0,0
0,0,12,20,4.6667,4.66667,0,-11.6667,25.6666,0
0,1,11,21,4.6667,4.6667,0,-16.3334,30.3333,0
1,1,0,0,0,0,0,0,0,0
1,1,0,0,0,0,0,0,0,0
1,1,0,0,0,0,0,0,0,0
0,1,13,19,4.6666,4.66667,0,-7,21,0
0,1,13,20,4.6667,4.66667,0,-7,25.6666,0
0,1,13,21,4.6667,4.66667,0,-7,30.3333,0
0,1,12,21,4.6667,4.66667,0,-11.6667,30.3333,0
0,0,13,20,4.6667,4.66667,0,-7,25.6666,0
0,1,12,21,4.6667,4.66667,0,-11.6667,30.3333,0
0,1,12,20,4.6667,4.66667,0,-11.6667,25.6666,0
1,1,0,0,0,0,0,0,0,0
0,1,13,19,4.6666,4.66667,0,-7,21,0
0,1,14,19,4.6666,4.66666,0,-2.33333,21,0
0,1,14,20,4.6667,4.66666,0,-2.33333,25.6666,0
0,1,14,21,4.6667,4.66666,0,-2.33333,30.3333,0
0,1,13,21,4.6667,4.66667,0,-7,30.3333,0
0,0,14,20,4.6667,4.66666,0,-2.33333,25.6666,0
0,1,13,21,4.6667,4.66667,0,-7,30.3333,0
0,1,13,20,4.6667,4.66667,0,-7,25.6666,0
0,1,13,19,4.6666,4.66667,0,-7,21,0
0,1,14,19,4.6666,4.66666,0,-2.33333,21,0
0,1,15,19,4.6666,4.66667,0,2.33334,21,0
0,1,15,20,4.6667,4.66667,0,2.33334,25.6666,0
0,1,15,21,4.6667,4.66667,0,2.33334,30.3333,0
0,1,14,21,4.6667,4.66666,0,-2.33333,30.3333,0
0,0,15,20,4.6667,4.66667,0,2.33334,25.6666,0
0,1,14,21,4.6667,4.66666,0,-2.33333,30.3333,0
0,1,14,20,4.6667,4.66666,0,-2.33333,25.6666,0
0,1,14,19,4.6666,4.66666,0,-2.33333,21,0
0,1,15,19,4.6666,4.66667,0,2.33334,21,0
0,1,16,19,4.6666,4.66667,0,7,21,0
0,1,16,20,4.6667,4.66667,0,7,25.6666,0
0,1,16,21,4.6667,4.66667,0,7,30.3333,0
0,1,15,21,4.6667,4.66667,0,2.33334,30.3333,0
0,0,16,20,4.6667,4.66667,0,7,25.6666,0
0,1,15,21,4.6667,4.66667,0,2.33334,30.3333,0
0,1,15,20,4.6667,4.66667,0,2.33334,25.6666,0
0,1,15,19,4.6666,4.66667,0,2.33334,21,0
0,1,16,19,4.6666,4.66667,0,7,21,0
0,1,17,19,4.6666,4.66666,0,11.6667,21,0
0,1,17,20,4.6667,4.66666,0,11.6667,25.6666,0
0,1,17,21,4.6667,4.66666,0,11.6667,30.3333,0
0,1,16,21,4.6667,4.66667,0,7,30.3333,0
0,0,17,20,4.6667,4.66666,0,11.6667,25.6666,0
0,1,16,21,4.6667,4.66667,0,7,30.3333,0
0,1,16,20,4.6667,4.66667,0,7,25.6666,0
0,1,16,19,4.6666,4.66667,0,7,21,0
0,1,17,19,4.6666,4.66666,0,11.6667,21,0
0,1,18,19,4.6666,4.6667,0,16.3334,21,0
0,1,18,20,4.6667,4.6667,0,16.3334,25.6666,0
0,1,18,21,4.6667,4.6667,0,16.3334,30.3333,0
0,1,17,21,4.6667,4.66666,0,11.6667,30.3333,0
0,0,18,20,4.6667,4.6667,0,16.3334,25.6666,0
0,1,17,21,4.6667,4.66666,0,11.6667,30.3333,0
0,1,17,20,4.6667,4.66666,0,11.6667,25.6666,0
0,1,17,19,4.6666,4.66666,0,11.6667,21,0
0,1,18,19,4.6666,4.6667,0,16.3334,21,0
0,1,19,19,4.6666,4.6666,0,21,21,0
0,1,19,20,4.6667,4.6666,0,21,25.6666,0
0,1,19,21,4.6667,4.6666,0,21,30.3333,0
0,1,18,21,4.6667,4.6667,0,16.3334,30.3333,0
0,0,19,20,4.6667,4.6666,0,21,25.6666,0
0,1,18,21,4.6667,4.6667,0,16.3334,30.3333,0
0,1,18,20,4.6667,4.6667,0,16.3334,25.6666,0
0,1,18,19,4.6666,4.6667,0,16.3334,21,0
0,1,19,19,4.6666,4.6666,0,21,21,0
0,1,20,19,4.6666,4.6667,0,25.6666,21,0
0,1,20,20,4.6667,4.6667,0,25.6666,25.6666,0
0,1,20,21,4.6667,4.6667,0,25.6666,30.3333,0
0,1,19,21,4.6667,4.6666,0,21,30.3333,0
0,0,20,20,4.6667,4.6667,0,25.6666,25.6666,0
0,1,19,21,4.6667,4.6666,0,21,30.3333,0
0,1,19,20,4.6667,4.6666,0,21,25.6666,0
0,1,19,19,4.6666,4.6666,0,21,21,0
0,1,20,19,4.6666,4.6667,0,25.6666,21,0
0,1,21,19,4.6666,4.6667,0,30.3333,21,0
0,1,21,20,4.6667,4.6667,0,30.3333,25.6666,0
0,1,21,21,4.6667,4.6667,0,30.3333,30.3333,0
0,1,20,21,4.6667,4.6667,0,25.6666,30.3333,0
0,0,21,20,4.6667,4.6667,0,30.3333,25.6666,0
0,1,20,21,4.6667,4.6667,0,25.6666,30.3333,0
0,1,20,20,4.6667,4.6667,0,25.6666,25.6666,0
0,1,20,19,4.6666,4.6667,0,25.6666,21,0
0,1,21,19,4.6666,4.6667,0,30.3333,21,0
0,1,22,19,4.6666,4.6666,0,35,21,0
0,1,22,20,4.6667,4.6666,0,35,25.6666,0
0,1,22,21,4.6667,4.6666,0,35,30.3333,0
0,1,21,21,4.6667,4.6667,0,30.3333,30.3333,0
0,0,22,20,4.6667,4.6666,0,35,25.6666,0
0,1,21,21,4.6667,4.6667,0,30.3333,30.3333,0
0,1,21,20,4.6667,4.6667,0,30.3333,25.6666,0
0,1,21,19,4.6666,4.6667,0,30.3333,21,0
0,1,22,19,4.6666,4.6666,0,35,21,0
0,1,23,19,4.6666,4.6667,0,39.6666,21,0
0,1,23,20,4.6667,4.6667,0,39.6666,25.6666,0
0,1,23,21,4.6667,4.6667,0,39.6666,30.3333,0
0,1,22,21,4.6667,4.6666,0,35,30.3333,0
0,0,23,20,4.6667,4.6667,0,39.6666,25.6666,0
0,1,22,21,4.6667,4.6666,0,35,30.3333,0
0,1,22,20,4.6667,4.6666,0,35,25.6666,0
0,1,22,19,4.6666,4.6666,0,35,21,0
0,1,23,19,4.6666,4.6667,0,39.6666,21,0
0,1,24,19,4.6666,4.6667,0,44.3334,21,0
0,1,24,20,4.6667,4.6667,0,44.3334,25.6666,0
0,1,24,21,4.6667,4.6667,0,44.3334,30.3333,0
0,1,23,21,4.6667,4.6667,0,39.6666,30.3333,0
0,0,24,20,4.6667,4.6667,0,44.3334,25.6666,0
0,1,23,21,4.6667,4.6667,0,39.6666,30.3333,0
0,1,23,20,4.6667,4.6667,0,39.6666,25.6666,0
0,1,23,19,4.6666,4.6667,0,39.6666,21,0
0,1,24,19,4.6666,4.6667,0,44.3334,21,0
0,1,25,19,4.6666,4.6666,0,49,21,0
0,1,25,20,4.6667,4.6666,0,49,25.6666,0
0,1,25,21,4.6667,4.6666,0,49,30.3333,0
0,1,24,21,4.6667,4.6667,0,44.3334,30.3333,0
0,0,25,20,4.6667,4.6666,0,49,25.6666,0
0,1,24,21,4.6667,4.6667,0,44.3334,30.3333,0
0,1,24,20,4.6667,4.6667,0,44.3334,25.6666,0
0,1,24,19,4.6666,4.6667,0,44.3334,21,0
0,1,25,19,4.6666,4.6666,0,49,21,0
0,1,26,19,4.6666,4.6667,0,53.6666,21,0
0,1,26,20,4.6667,4.6667,0,53.6666,25.6666,0
0,1,26,21,4.6667,4.6667,0,53.6666,30.3333,0
0,1,25,21,4.6667,4.6666,0,49,30.3333,0
0,0,26,20,4.6667,4.6667,0,53.6666,25.6666,0
0,1,25,21,4.6667,4.6666,0,49,30.3333,0
0,1,25,20,4.6667,4.6666,0,49,25.6666,0
0,1,25,19,4.6666,4.6666,0,49,21,0
0,1,26,19,4.6666,4.6667,0,53.6666,21,0
0,1,27,19,4.6666,4.6667,0,58.3334,21,0
0,1,27,20,4.6667,4.6667,0,58.3334,25.6666,0
0,1,27,21,4.6667,4.6667,0,58.3334,30.3333,0
0,1,26,21,4.6667,4.6667,0,53.6666,30.3333,0
0,0,27,20,4.6667,4.6667,0,58.3334,25.6666,0
0,1,26,21,4.6667,4.6667,0,53.6666,30.3333,0
0,1,26,20,4.6667,4.6667,0,53.6666,25.6666,0
0,1,26,19,4.6666,4.6667,0,53.6666,21,0
0,1,27,19,4.6666,4.6667,0,58.3334,21,0
0,1,28,19,4.6666,4.6666,0,63,21,0
0,1,28,20,4.6667,4.6666,0,63,25.6666,0
0,1,28,21,4.6667,4.6666,0,63,30.3333,0
0,1,27,21,4.6667,4.6667,0,58.3334,30.3333,0
0,0,28,20,4.6667,4.6666,0,63,25.6666,0
0,1,27,21,4.6667,4.6667,0,58.3334,30.3333,0
0,1,27,20,4.6667,4.6667,0,58.3334,25.6666,0
0,1,27,19,4.6666,4.6667,0,58.3334,21,0
0,1,28,19,4.6666,4.6666,0,63,21,0
0,1,29,19,4.6666,4.6667,0,67.6666,21,0
0,1,29,20,4.6667,4.6667,0,67.6666,25.6666,0
0,1,29,21,4.6667,4.6667,0,67.6666,30.3333,0
0,1,28,21,4.6667,4.6666,0,63,30.3333,0
0,0,29,20,4.6667,4.6667,0,67.6666,25.6666,0
0,1,28,21,4.6667,4.6666,0,63,30.3333,0
0,1,28,20,4.6667,4.6666,0,63,25.6666,0
0,1,28,19,4.6666,4.6666,0,63,21,0
0,1,29,19,4.6666,4.6667,0,67.6666,21,0
1,1,0,0,0,0,0,0,0,0
1,1,0,0,0,0,0,0,0,0
1,1,0,0,0,0,0,0,0,0
0,1,29,21,4.6667,4.6667,0,67.6666,30.3333,0
0,0,0,21,4.6667,4.6667,0,-67.6666,30.3333,0
1,1,0,0,0,0,0,0,0,0
1,1,0,0,0,0,0,0,0,0
1,1,0,0,0,0,0,0,0,0
0,1,0,20,4.6667,4.6667,0,-67.6666,25.6666,0
0,1,1,20,4.6667,4.6666,0,-63,25.6666,0
0,1,1,21,4.6667,4.6666,0,-63,30.3333,0
0,1,1,22,4.6666,4.6666,0,-63,35,0
0,1,0,22,4.6666,4.6667,0,-67.6666,35,0
0,0,1,21,4.6667,4.6666,0,-63,30.3333,0
0,1,0,22,4.6666,4.6667,0,-67.6666,35,0
0,1,0,21,4.6667,4.6667,0,-67.6666,30.3333,0
0,1,0,20,4.6667,4.6667,0,-67.6666,25.6666,0
0,1,1,20,4.6667,4.6666,0,-63,25.6666,0
0,1,2,20,4.6667,4.6667,0,-58.3334,25.6666,0
0,1,2,21,4.6667,4.6667,0,-58.3334,30.3333,0
0,1,2,22,4.6666,4.6667,0,-58.3334,35,0
0,1,1,22,4.6666,4.6666,0,-63,35,0
0,0,2,21,4.6667,4.6667,0,-58.3334,30.3333,0
0,1,1,22,4.6666,4.6666,0,-63,35,0
0,1,1,21,4.6667,4.6666,0,-63,30.3333,0
0,1,1,20,4.6667,4.6666,0,-63,25.6666,0
0,1,2,20,4.6667,4.6667,0,-58.3334,25.6666,0
0,1,3,20,4.6667,4.6667,0,-53.6666,25.6666,0
0,1,3,21,4.6667,4.6667,0,-53.6666,30.3333,0
0,1,3,22,4.6666,4.6667,0,-53.6666,35,0
0,1,2,22,4.6666,4.6667,0,-58.3334,35,0
0,0,3,21,4.6667,4.6667,0,-53.6666,30.3333,0
0,1,2,22,4.6666,4.6667,0,-58.3334,35,0
0,1,2,21,4.6667,4.6667,0,-58.3334,30.3333,0
0,1,2,20,4.6667,4.6667,0,-58.3334,25.6666,0
0,1,3,20,4.6667,4.6667,0,-53.6666,25.6666,0
0,1,4,20,4.6667,4.6666,0,-49,25.6666,0
0,1,4,21,4.6667,4.6666,0,-49,30.3333,0
0,1,4,22,4.6666,4.6666,0,-49,35,0
0,1,3,22,4.6666,4.6667,0,-53.6666,35,0
0,0,4,21,4.6667,4.6666,0,-49,30.3333,0
0,1,3,22,4.6666,4.6667,0,-53.6666,35,0
0,1,3,21,4.6667,4.6667,0,-53.6666,30.3333,0
0,1,3,20,4.6667,4.6667,0,-53.6666,25.6666,0
0,1,4,20,4.6667,4.6666,0,-49,25.6666,0
0,1,5,20,4.6667,4.6667,0,-44.3334,25.6666,0
0,1,5,21,4.6667,4.6667,0,-44.3334,30.3333,0
0,1,5,22,4.6666,4.6667,0,-44.3334,35,0
0,1,4,22,4.6666,4.6666,0,-49,35,0
0,0,5,21,4.6667,4.6667,0,-44.3334,30.3333,0
0,1,4,22,4.6666,4.6666,0,-49,35,0
0,1,4,21,4.6667,4.6666,0,-49,30.3333,0
0,1,4,20,4.6667,4.6666,0,-49,25.6666,0
0,1,5,20,4.6667,4.6667,0,-44.3334,25.6666,0
0,1,6,20,4.6667,4.6667,0,-39.6666,25.6666,0
0,1,6,21,4.6667,4.6667,0,-39.6666,30.3333,0
0,1,6,22,4.6666,4.6667,0,-39.6666,35,0
0,1,5,22,4.6666,4.6667,0,-44.3334,35,0
0,0,6,21,4.6667,4.6667,0,-39.6666,30.3333,0
0,1,5,22,4.6666,4.6667,0,-44.3334,35,0
0,1,5,21,4.6667,4.6667,0,-44.3334,30.3333,0
0,1,5,20,4.6667,4.6667,0,-44.3334,25.6666,0
0,1,6,20,4.6667,4.6667,0,-39.6666,25.6666,0
1,1,0,0,0,0,0,0,0,0
0,1,7,21,4.6667,4.6666,0,-35,30.3333,0
0,1,7,22,4.6666,4.6666,0,-35,35,0
0,1,6,22,4.6666,4.6667,0,-39.6666,35,0
0,0,7,21,4.6667,4.6666,0,-35,30.3333,0
0,1,6,22,4.6666,4.6667,0,-39.6666,35,0
0,1,6,21,4.6667,4.6667,0,-39.6666,30.3333,0
0,1,6,20,4.6667,4.6667,0,-39.6666,25.6666,0
1,1,0,0,0,0,0,0,0,0
1,1,0,0,0,0,0,0,0,0
1,1,0,0,0,0,0,0,0,0
0,1,8,22,4.6666,4.6667,0,-30.3333,35,0
0,1,7,22,4.6666,4.6666,0,-35,35,0
1,0,0,0,0,0,0,0,0,0
1,0,0,0,0,0,0,0,0,0
1,0,0,0,0,0,0,0,0,0
0,0,11,21,4.6667,4.6667,0,-16.3334,30.3333,0
0,1,10,22,4.6666,4.6666,0,-21,35,0
1,1,0,0,0,0,0,0,0,0
1,1,0,0,0,0,0,0,0,0
1,1,0,0,0,0,0,0,0,0
0,1,12,20,4.6667,4.66667,0,-11.6667,25.6666,0
0,1,12,21,4.6667,4.66667,0,-11.6667,30.3333,0
0,1,12,22,4.6666,4.66667,0,-11.6667,35,0
0,1,11,22,4.6666,4.6667,0,-16.3334,35,0
0,0,12,21,4.6667,4.66667,0,-11.6667,30.3333,0
0,1,11,22,4.6666,4.6667,0,-16.3334,35,0
0,1,11,21,4.6667,4.6667,0,-16.3334,30.3333,0
1,1,0,0,0,0,0,0,0,0
0,1,12,20,4.6667,4.66667,0,-11.6667,25.6666,0
0,1,13,20,4.6667,4.66667,0,-7,25.6666,0
0,1,13,21,4.6667,4.66667,0,-7,30.3333,0
0,1,13,22,4.6666,4.66667,0,-7,35,0
0,1,12,22,4.6666,4.66667,0,-11.6667,35,0
0,0,13,21,4.6667,4.66667,0,-7,30.3333,0
0,1,12,22,4.6666,4.66667,0,-11.6667,35,0
0,1,12,21,4.6667,4.66667,0,-11.6667,30.3333,0
0,1,12,20,4.6667,4.66667,0,-11.6667,25.6666,0
0,1,13,20,4.6667,4.66667,0,-7,25.6666,0
0,1,14,20,4.6667,4.66666,0,-2.33333,25.6666,0
0,1,14,21,4.6667,4.66666,0,-2.33333,30.3333,0
0,1,14,22,4.6666,4.66666,0,-2.33333,35,0
0,1,13,22,4.6666,4.66667,0,-7,35,0
0,0,14,21,4.6667,4.66666,0,-2.33333,30.3333,0
0,1,13,22,4.6666,4.66667,0,-7,35,0
0,1,13,21,4.6667,4.66667,0,-7,30.3333,0
0,1,13,20,4.6667,4.66667,0,-7,25.6666,0
0,1,14,20,4.6667,4.66666,0,-2.33333,25.6666,0
0,1,15,20,4.6667,4.66667,0,2.33334,25.6666,0
0,1,15,21,4.6667,4.66667,0,2.33334,30.3333,0
0,1,15,22,4.6666,4.66667,0,2.33334,35,0
0,1,14,22,4.6666,4.66666,0,-2.33333,35,0
0,0,15,21,4.6667,4.66667,0,2.33334,30.3333,0
0,1,14,22,4.6666,4.66666,0,-2.33333,35,0
0,1,14,21,4.6667,4.66666,0,-2.33333,30.3333,0
0,1,14,20,4.6667,4.66666,0,-2.33333,25.6666,0
0,1,15,20,4.6667,4.66667,0,2.33334,25.6666,0
0,1,16,20,4.6667,4.66667,0,7,25.6666,0
0,1,16,21,4.6667,4.66667,0,7,30.3333,0
0,1,16,22,4.6666,4.66667,0,7,35,0
0,1,15,22,4.6666,4.66667,0,2.33334,35,0
0,0,16,21,4.6667,4.66667,0,7,30.3333,0
0,1,15,22,4.6666,4.66667,0,2.33334,35,0
0,1,15,21,4.6667,4.66667,0,2.33334,30.3333,0
0,1,15,20,4.6667,4.66667,0,2.33334,25.6666,0
0,1,16,20,4.6667,4.66667,0,7,25.6666,0
0,1,17,20,4.6667,4.66666,0,11.6667,25.6666,0
0,1,17,21,4.6667,4.66666,0,11.6667,30.3333,0
0,1,17,22,4.6666,4.66666,0,11.6667,35,0
0,1,16,22,4.6666,4.66667,0,7,35,0
0,0,17,21,4.6667,4.66666,0,11.6667,30.3333,0
0,1,16,22,4.6666,4.66667,0,7,35,0
0,1,16,21,4.6667,4.66667,0,7,30.3333,0
0,1,16,20,4.6667,4.66667,0,7,25.6666,0
0,1,17,20,4.6667,4.66666,0,11.6667,25.6666,0
0,1,18,20,4.6667,4.6667,0,16.3334,25.6666,0
0,1,18,21,4.6667,4.6667,0,16.3334,30.3333,0
0,1,18,22,4.6666,4.6667,0,16.3334,35,0
0,1,17,22,4.6666,4.66666,0,11.6667,35,0
0,0,18,21,4.6667,4.6667,0,16.3334,30.3333,0
0,1,17,22,4.6666,4.66666,0,11.6667,35,0
0,1,17,21,4.6667,4.66666,0,11.6667,30.3333,0
0,1,17,20,4.6667,4.66666,0,11.6667,25.6666,0
0,1,18,20,4.6667,4.6667,0,16.3334,25.6666,0
0,1,19,20,4.6667,4.6666,0,21,25.6666,0
0,1,19,21,4.6667,4.6666,0,21,30.3333,0
0,1,19,22,4.6666,4.6666,0,21,35,0
0,1,18,22,4.6666,4.6667,0,16.3334,35,0
0,0,19,21,4.6667,4.6666,0,21,30.3333,0
0,1,18,22,4.6666,4.6667,0,16.3334,35,0
0,1,18,21,4.6667,4.6667,0,16.3334,30.3333,0
0,1,18,20,4.6667,4.6667,0,16.3334,25.6666,0
0,1,19,20,4.6667,4.6666,0,21,25.6666,0
0,1,20,20,4.6667,4.6667,0,25.6666,25.6666,0
0,1,20,21,4.6667,4.6667,0,25.6666,30.3333,0
0,1,20,22,4.6666,4.6667,0,25.6666,35,0
0,1,19,22,4.6666,4.6666,0,21,35,0
0,0,20,21,4.6667,4.6667,0,25.6666,30.3333,0
0,1,19,22,4.6666,4.6666,0,21,35,0
0,1,19,21,4.6667,4.6666,0,21,30.3333,0
0,1,19,20,4.6667,4.6666,0,21,25.6666,0
0,1,20,20,4.6667,4.6667,0,25.6666,25.6666,0
0,1,21,20,4.6667,4.6667,0,30.3333,25.6666,0
0,1,21,21,4.6667,4.6667,0,30.3333,30.3333,0
0,1,21,22,4.6666,4.6667,0,30.3333,35,0
0,1,20,22,4.6666,4.6667,0,25.6666,35,0
0,0,21,21,4.6667,4.6667,0,30.3333,30.3333,0
0,1,20,22,4.6666,4.6667,0,25.6666,35,0
0,1,20,21,4.6667,4.6667,0,25.6666,30.3333,0
0,1,20,20,4.6667,4.6667,0,25.6666,25.6666,0
0,1,21,20,4.6667,4.6667,0,30.3333,25.6666,0
0,1,22,20,4.6667,4.6666,0,35,25.6666,0
0,1,22,21,4.6667,4.6666,0,35,30.3333,0
0,1,22,22,4.6666,4.6666,0,35,35,0
0,1,21,22,4.6666,4.6667,0,30.3333,35,0
0,0,22,21,4.6667,4.6666,0,35,30.3333,0
0,1,21,22,4.6666,4.6667,0,30.3333,35,0
0,1,21,21,4.6667,4.6667,0,30.3333,30.3333,0
0,1,21,20,4.6667,4.6667,0,30.3333,25.6666,0
0,1,22,20,4.6667,4.6666,0,35,25.6666,0
0,1,23,20,4.6667,4.6667,0,39.6666,25.6666,0
0,1,23,21,4.6667,4.6667,0,39.6666,30.3333,0
0,1,23,22,4.6666,4.6667,0,39.6666,35,0
0,1,22,22,4.6666,4.6666,0,35,35,0
0,0,23,21,4.6667,4.6667,0,39.6666,30.3333,0
0,1,22,22,4.6666,4.6666,0,35,35,0
0,1,22,21,4.6667,4.6666,0,35,30.3333,0
0,1,22,20,4.6667,4.6666,0,35,25.6666,0
0,1,23,20,4.6667,4.6667,0,39.6666,25.6666,0
0,1,24,20,4.6667,4.6667,0,44.3334,25.6666,0
0,1,24,21,4.6667,4.6667,0,44.3334,30.3333,0
0,1,24,22,4.6666,4.6667,0,44.3334,35,0
0,1,23,22,4.6666,4.6667,0,39.6666,35,0
0,0,24,21,4.6667,4.6667,0,44.3334,30.3333,0
0,1,23,22,4.6666,4.6667,0,39.6666,35,0
0,1,23,21,4.6667,4.6667,0,39.6666,30.3333,0
0,1,23,20,4.6667,4.6667,0,39.6666,25.6666,0
0,1,24,20,4.6667,4.6667,0,44.3334,25.6666,0
0,1,25,20,4.6667,4.6666,0,49,25.6666,0
0,1,25,21,4.6667,4.6666,0,49,30.3333,0
0,1,25,22,4.6666,4.6666,0,49,35,0
0,1,24,22,4.6666,4.6667,0,44.3334,35,0
0,0,25,21,4.6667,4.6666,0,49,30.3333,0
0,1,24,22,4.6666,4.6667,0,44.3334,35,0
0,1,24,21,4.6667,4.6667,0,44.3334,30.3333,0
0,1,24,20,4.6667,4.6667,0,44.3334,25.6666,0
0,1,25,20,4.6667,4.6666,0,49,25.6666,0
0,1,26,20,4.6667,4.6667,0,53.6666,25.6666,0
0,1,26,21,4.6667,4.6667,0,53.6666,30.3333,0
0,1,26,22,4.6666,4.6667,0,53.6666,35,0
0,1,25,22,4.6666,4.6666,0,49,35,0
0,0,26,21,4.6667,4.6667,0,53.6666,30.3333,0
0,1,25,22,4.6666,4.6666,0,49,35,0
0,1,25,21,4.6667,4.6666,0,49,30.3333,0
0,1,25,20,4.6667,4.6666,0,49,25.6666,0
0,1,26,20,4.6667,4.6667,0,53.6666,25.6666,0
0,1,27,20,4.6667,4.6667,0,58.3334,25.6666,0
0,1,27,21,4.6667,4.6667,0,58.3334,30.3333,0
0,1,27,22,4.6666,4.6667,0,58.3334,35,0
0,1,26,22,4.6666,4.6667,0,53.6666,35,0
0,0,27,21,4.6667,4.6667,0,58.3334,30.3333,0
0,1,26,22,4.6666,4.6667,0,53.6666,35,0
0,1,26,21,4.6667,4.6667,0,53.6666,30.3333,0
0,1,26,20,4.6667,4.6667,0,53.6666,25.6666,0
0,1,27,20,4.6667,4.6667,0,58.3334,25.6666,0
0,1,28,20,4.6667,4.6666,0,63,25.6666,0
0,1,28,21,4.6667,4.6666,0,63,30.3333,0
0,1,28,22,4.6666,4.6666,0,63,35,0
0,1,27,22,4.6666,4.6667,0,58.3334,35,0
0,0,28,21,4.6667,4.6666,0,63,30.3333,0
0,1,27,22,4.6666,4.6667,0,58.3334,35,0
0,1,27,21,4.6667,4.6667,0,58.3334,30.3333,0
0,1,27,20,4.6667,4.6667,0,58.3334,25.6666,0
0,1,28,20,4.6667,4.6666,0,63,25.6666,0
0,1,29,20,4.6667,4.6667,0,67.6666,25.6666,0
0,1,29,21,4.6667,4.6667,0,67.6666,30.3333,0
0,1,29,22,4.6666,4.6667,0,67.6666,35,0
0,1,28,22,4.6666,4.6666,0,63,35,0
0,0,29,21,4.6667,4.6667,0,67.6666,30.3333,0
0,1,28,22,4.6666,4.6666,0,63,35,0
0,1,28,21,4.6667,4.6666,0,63,30.3333,0
0,1,28,20,4.6667,4.6666,0,63,25.6666,0
0,1,29,20,4.6667,4.6667,0,67.6666,25.6666,0
1,1,0,0,0,0,0,0,0,0
1,1,0,0,0,0,0,0,0,0
1,1,0,0,0,0,0,0,0,0
0,1,29,22,4.6666,4.6667,0,67.6666,35,0
0,0,0,22,4.6666,4.6667,0,-67.6666,35,0
1,1,0,0,0,0,0,0,0,0
1,1,0,0,0,0,0,0,0,0
1,1,0,0,0,0,0,0,0,0
0,1,0,21,4.6667,4.6667,0,-67.6666,30.3333,0
0,1,1,21,4.6667,4.6666,0,-63,30.3333,0
0,1,1,22,4.6666,4.6666,0,-63,35,0
0,1,1,23,4.6667,4.6666,0,-63,39.6666,0
0,1,0,23,4.6667,4.6667,0,-67.6666,39.6666,0
0,0,1,22,4.6666,4.6666,0,-63,35,0
0,1,0,23,4.6667,4.6667,0,-67.6666,39.6666,0
0,1,0,22,4.6666,4.6667,0,-67.6666,35,0
0,1,0,21,4.6667,4.6667,0,-67.6666,30.3333,0
0,1,1,21,4.6667,4.6666,0,-63,30.3333,0
0,1,2,21,4.6667,4.6667,0,-58.3334,30.3333,0
0,1,2,22,4.6666,4.6667,0,-58.3334,35,0
0,1,2,23,4.6667,4.6667,0,-58.3334,39.6666,0
0,1,1,23,4.6667,4.6666,0,-63,39.6666,0
0,0,2,22,4.6666,4.6667,0,-58.3334,35,0
0,1,1,23,4.6667,4.6666,0,-63,39.6666,0
0,1,1,22,4.6666,4.6666,0,-63,35,0
0,1,1,21,4.6667,4.6666,0,-63,30.3333,0
0,1,2,21,4.6667,4.6667,0,-58.3334,30.3333,0
0,1,3,21,4.6667,4.6667,0,-53.6666,30.3333,0
0,1,3,22,4.6666,4.6667,0,-53.6666,35,0
0,1,3,23,4.6667,4.6667,0,-53.6666,39.6666,0
0,1,2,23,4.6667,4.6667,0,-58.3334,39.6666,0
0,0,3,22,4.6666,4.6667,0,-53.6666,35,0
0,1,2,23,4.6667,4.6667,0,-58.3334,39.6666,0
0,1,2,22,4.6666,4.6667,0,-58.3334,35,0
0,1,2,21,4.6667,4.6667,0,-58.3334,30.3333,0
0,1,3,21,4.6667,4.6667,0,-53.6666,30.3333,0
0,1,4,21,4.6667,4.6666,0,-49,30.3333,0
0,1,4,22,4.6666,4.6666,0,-49,35,0
0,1,4,23,4.6667,4.6666,0,-49,39.6666,0
0,1,3,23,4.6667,4.6667,0,-53.6666,39.6666,0
0,0,4,22,4.6666,4.6666,0,-49,35,0
0,1,3,23,4.6667,4.6667,0,-53.6666,39.6666,0
0,1,3,22,4.6666,4.6667,0,-53.6666,35,0
0,1,3,21,4.6667,4.6667,0,-53.6666,30.3333,0
0,1,4,21,4.6667,4.6666,0,-49,30.3333,0
0,1,5,21,4.6667,4.6667,0,-44.3334,30.3333,0
0,1,5,22,4.6666,4.6667,0,-44.3334,35,0
0,1,5,23,4.6667,4.6667,0,-44.3334,39.6666,0
0,1,4,23,4.6667,4.6666,0,-49,39.6666,0
0,0,5,22,4.6666,4.6667,0,-44.3334,35,0
0,1,4,23,4.6667,4.6666,0,-49,39.6666,0
0,1,4,22,4.6666,4.6666,0,-49,35,0
0,1,4,21,4.6667,4.6666,0,-49,30.3333,0
0,1,5,21,4.6667,4.6667,0,-44.3334,30.3333,0
0,1,6,21,4.6667,4.6667,0,-39.6666,30.3333,0
0,1,6,22,4.6666,4.6667,0,-39.6666,35,0
0,1,6,23,4.6667,4.6667,0,-39.6666,39.6666,0
0,1,5,23,4.6667,4.6667,0,-44.3334,39.6666,0
0,0,6,22,4.6666,4.6667,0,-39.6666,35,0
0,1,5,23,4.6667,4.6667,0,-44.3334,39.6666,0
0,1,5,22,4.6666,4.6667,0,-44.3334,35,0
0,1,5,21,4.6667,4.6667,0,-44.3334,30.3333,0
0,1,6,21,4.6667,4.6667,0,-39.6666,30.3333,0
0,1,7,21,4.6667,4.6666,0,-35,30.3333,0
0,1,7,22,4.6666,4.6666,0,-35,35,0
0,1,7,23,4.6667,4.6666,0,-35,39.6666,0
0,1,6,23,4.6667,4.6667,0,-39.6666,39.6666,0
0,0,7,22,4.6666,4.6666,0,-35,35,0
0,1,6,23,4.6667,4.6667,0,-39.6666,39.6666,0
0,1,6,22,4.6666,4.6667,0,-39.6666,35,0
0,1,6,21,4.6667,4.6667,0,-39.6666,30.3333,0
0,1,7,21,4.6667,4.6666,0,-35,30.3333,0
1,1,0,0,0,0,0,0,0,0
0,1,8,22,4.6666,4.6667,0,-30.3333,35,0
0,1,8,23,4.6667,4.6667,0,-30.3333,39.6666,0
0,1,7,23,4.6667,4.6666,0,-35,39.6666,0
0,0,8,22,4.6666,4.6667,0,-30.3333,35,0
0,1,7,23,4.6667,4.6666,0,-35,39.6666,0
0,1,7,22,4.6666,4.6666,0,-35,35,0
0,1,7,21,4.6667,4.6666,0,-35,30.3333,0
1,1,0,0,0,0,0,0,0,0
1,1,0,0,0,0,0,0,0,0
0,1,9,22,4.6666,4.6667,0,-25.6666,35,0
0,1,9,23,4.6667,4.6667,0,-25.6666,39.6666,0
0,1,8,23,4.6667,4.6667,0,-30.3333,39.6666,0
0,0,9,22,4.6666,4.6667,0,-25.6666,35,0
0,1,8,23,4.6667,4.6667,0,-30.3333,39.6666,0
0,1,8,22,4.6666,4.6667,0,-30.3333,35,0
1,1,0,0,0,0,0,0,0,0
1,1,0,0,0,0,0,0,0,0
1,1,0,0,0,0,0,0,0,0
0,1,10,22,4.6666,4.6666,0,-21,35,0
0,1,10,23,4.6667,4.6666,0,-21,39.6666,0
0,1,9,23,4.6667,4.6667,0,-25.6666,39.6666,0
0,0,10,22,4.6666,4.6666,0,-21,35,0
0,1,9,23,4.6667,4.6667,0,-25.6666,39.6666,0
0,1,9,22,4.6666,4.6667,0,-25.6666,35,0
1,1,0,0,0,0,0,0,0,0
1,1,0,0,0,0,0,0,0,0
0,1,11,21,4.6667,4.6667,0,-16.3334,30.3333,0
0,1,11,22,4.6666,4.6667,0,-16.3334,35,0
0,1,11,23,4.6667,4.6667,0,-16.3334,39.6666,0
0,1,10,23,4.6667,4.6666,0,-21,39.6666,0
0,0,11,22,4.6666,4.6667,0,-16.3334,35,0
0,1,10,23,4.6667,4.6666,0,-21,39.6666,0
0,1,10,22,4.6666,4.6666,0,-21,35,0
1,1,0,0,0,0,0,0,0,0
0,1,11,21,4.6667,4.6667,0,-16.3334,30.3333,0
0,1,12,21,4.6667,4.66667,0,-11.6667,30.3333,0
0,1,12,22,4.6666,4.66667,0,-11.6667,35,0
0,1,12,23,4.6667,4.66667,0,-11.6667,39.6666,0
0,1,11,23,4.6667,4.6667,0,-16.3334,39.6666,0
0,0,12,22,4.6666,4.66667,0,-11.6667,35,0
0,1,11,23,4.6667,4.6667,0,-16.3334,39.6666,0
0,1,11,22,4.6666,4.6667,0,-16.3334,35,0
0,1,11,21,4.6667,4.6667,0,-16.3334,30.3333,0
0,1,12,21,4.6667,4.66667,0,-11.6667,30.3333,0
0,1,13,21,4.6667,4.66667,0,-7,30.3333,0
0,1,13,22,4.6666,4.66667,0,-7,35,0
0,1,13,23,4.6667,4.66667,0,-7,39.6666,0
0,1,12,23,4.6667,4.66667,0,-11.6667,39.6666,0
0,0,13,22,4.6666,4.66667,0,-7,35,0
0,1,12,23,4.6667,4.66667,0,-11.6667,39.6666,0
0,1,12,22,4.6666,4.66667,0,-11.6667,35,0
0,1,12,21,4.6667,4.66667,0,-11.6667,30.3333,0
0,1,13,21,4.6667,4.66667,0,-7,30.3333,0
0,1,14,21,4.6667,4.66666,0,-2.33333,30.3333,0
0,1,14,22,4.6666,4.66666,0,-2.33333,35,0
0,1,14,23,4.6667,4.66666,0,-2.33333,39.6666,0
0,1,13,23,4.6667,4.66667,0,-7,39.6666,0
0,0,14,22,4.6666,4.66666,0,-2.33333,35,0
0,1,13,23,4.6667,4.66667,0,-7,39.6666,0
0,1,13,22,4.6666,4.66667,0,-7,35,0
0,1,13,21,4.6667,4.66667,0,-7,30.3333,0
0,1,14,21,4.6667,4.66666,0,-2.33333,30.3333,0
0,1,15,21,4.6667,4.66667,0,2.33334,30.3333,0
0,1,15,22,4.6666,4.66667,0,2.33334,35,0
0,1,15,23,4.6667,4.66667,0,2.33334,39.6666,0
0,1,14,23,4.6667,4.66666,0,-2.33333,39.6666,0
0,0,15,22,4.6666,4.66667,0,2.33334,35,0
0,1,14,23,4.6667,4.66666,0,-2.33333,39.6666,0
0,1,14,22,4.6666,4.66666,0,-2.33333,35,0
0,1,14,21,4.6667,4.66666,0,-2.33333,30.3333,0
0,1,15,21,4.6667,4.66667,0,2.33334,30.3333,0
0,1,16,21,4.6667,4.66667,0,7,30.3333,0
0,1,16,22,4.6666,4.66667,0,7,35,0
0,1,16,23,4.6667,4.66667,0,7,39.6666,0
0,1,15,23,4.6667,4.66667,0,2.33334,39.6666,0
0,0,16,22,4.6666,4.66667,0,7,35,0
0,1,15,23,4.6667,4.66667,0,2.33334,39.6666,0
0,1,15,22,4.6666,4.66667,0,2.33334,35,0
0,1,15,21,4.6667,4.66667,0,2.33334,30.3333,0
0,1,16,21,4.6667,4.66667,0,7,30.3333,0
0,1,17,21,4.6667,4.66666,0,11.6667,30.3333,0
0,1,17,22,4.6666,4.66666,0,11.6667,35,0
0,1,17,23,4.6667,4.66666,0,11.6667,39.6666,0
0,1,16,23,4.6667,4.66667,0,7,39.6666,0
0,0,17,22,4.6666,4.66666,0,11.6667,35,0
0,1,16,23,4.6667,4.66667,0,7,39.6666,0
0,1,16,22,4.6666,4.66667,0,7,35,0
0,1,16,21,4.6667,4.66667,0,7,30.3333,0
0,1,17,21,4.6667,4.66666,0,11.6667,30.3333,0
0,1,18,21,4.6667,4.6667,0,16.3334,30.3333,0
0,1,18,22,4.6666,4.6667,0,16.3334,35,0
0,1,18,23,4.6667,4.6667,0,16.3334,39.6666,0
0,1,17,23,4.6667,4.66666,0,11.6667,39.6666,0
0,0,18,22,4.6666,4.6667,0,16.3334,35,0
0,1,17,23,4.6667,4.66666,0,11.6667,39.6666,0
0,1,17,22,4.6666,4.66666,0,11.6667,35,0
0,1,17,21,4.6667,4.66666,0,11.6667,30.3333,0
0,1,18,21,4.6667,4.6667,0,16.3334,30.3333,0
0,1,19,21,4.6667,4.6666,0,21,30.3333,0
0,1,19,22,4.6666,4.6666,0,21,35,0
0,1,19,23,4.6667,4.6666,0,21,39.6666,0
0,1,18,23,4.6667,4.6667,0,16.3334,39.6666,0
0,0,19,22,4.6666,4.6666,0,21,35,0
0,1,18,23,4.6667,4.6667,0,16.3334,39.6666,0
0,1,18,22,4.6666,4.6667,0,16.3334,35,0
0,1,18,21,4.6667,4.6667,0,16.3334,30.3333,0
0,1,19,21,4.6667,4.6666,0,21,30.3333,0
0,1,20,21,4.6667,4.6667,0,25.6666,30.3333,0
0,1,20,22,4.6666,4.6667,0,25.6666,35,0
0,1,20,23,4.6667,4.6667,0,25.6666,39.6666,0
0,1,19,23,4.6667,4.6666,0,21,39.6666,0
0,0,20,22,4.6666,4.6667,0,25.6666,35,0
0,1,19,23,4.6667,4.6666,0,21,39.6666,0
0,1,19,22,4.6666,4.6666,0,21,35,0
0,1,19,21,4.6667,4.6666,0,21,30.3333,0
0,1,20,21,4.6667,4.6667,0,25.6666,30.3333,0
0,1,21,21,4.6667,4.6667,0,30.3333,30.3333,0
0,1,21,22,4.6666,4.6667,0,30.3333,35,0
0,1,21,23,4.6667,4.6667,0,30.3333,39.6666,0
0,1,20,23,4.6667,4.6667,0,25.6666,39.6666,0
0,0,21,22,4.6666,4.6667,0,30.3333,35,0
0,1,20,23,4.6667,4.6667,0,25.6666,39.6666,0
0,1,20,22,4.6666,4.6667,0,25.6666,35,0
0,1,20,21,4.6667,4.6667,0,25.6666,30.3333,0
0,1,21,21,4.6667,4.6667,0,30.3333,30.3333,0
0,1,22,21,4.6667,4.6666,0,35,30.3333,0
0,1,22,22,4.6666,4.6666,0,35,35,0
0,1,22,23,4.6667,4.6666,0,35,39.6666,0
0,1,21,23,4.6667,4.6667,0,30.3333,39.6666,0
0,0,22,22,4.6666,4.6666,0,35,35,0
0,1,21,23,4.6667,4.6667,0,30.3333,39.6666,0
0,1,21,22,4.6666,4.6667,0,30.3333,35,0
0,1,21,21,4.6667,4.6667,0,30.3333,30.3333,0
0,1,22,21,4.6667,4.6666,0,35,30.3333,0
0,1,23,21,4.6667,4.6667,0,39.6666,30.3333,0
0,1,23,22,4.6666,4.6667,0,39.6666,35,0
0,1,23,23,4.6667,4.6667,0,39.6666,39.6666,0
0,1,22,23,4.6667,4.6666,0,35,39.6666,0
0,0,23,22,4.6666,4.6667,0,39.6666,35,0
0,1,22,23,4.6667,4.6666,0,35,39.6666,0
0,1,22,22,4.6666,4.6666,0,35,35,0
0,1,22,21,4.6667,4.6666,0,35,30.3333,0
0,1,23,21,4.6667,4.6667,0,39.6666,30.3333,0
0,1,24,21,4.6667,4.6667,0,44.3334,30.3333,0
0,1,24,22,4.6666,4.6667,0,44.3334,35,0
0,1,24,23,4.6667,4.6667,0,44.3334,39.6666,0
0,1,23,23,4.6667,4.6667,0,39.6666,39.6666,0
0,0,24,22,4.6666,4.6667,0,44.3334,35,0
0,1,23,23,4.6667,4.6667,0,39.6666,39.6666,0
0,1,23,22,4.6666,4.6667,0,39.6666,35,0
0,1,23,21,4.6667,4.6667,0,39.6666,30.3333,0
0,1,24,21,4.6667,4.6667,0,44.3334,30.3333,0
0,1,25,21,4.6667,4.6666,0,49,30.3333,0
0,1,25,22,4.6666,4.6666,0,49,35,0
0,1,25,23,4.6667,4.6666,0,49,39.6666,0
0,1,24,23,4.6667,4.6667,0,44.3334,39.6666,0
0,0,25,22,4.6666,4.6666,0,49,35,0
0,1,24,23,4.6667,4.6667,0,44.3334,39.6666,0
0,1,24,22,4.6666,4.6667,0,44.3334,35,0
0,1,24,21,4.6667,4.6667,0,44.3334,30.3333,0
0,1,25,21,4.6667,4.6666,0,49,30.3333,0
0,1,26,21,4.6667,4.6667,0,53.6666,30.3333,0
0,1,26,22,4.6666,4.6667,0,53.6666,35,0
0,1,26,23,4.6667,4.6667,0,53.6666,39.6666,0
0,1,25,23,4.6667,4.6666,0,49,39.6666,0
0,0,26,22,4.6666,4.6667,0,53.6666,35,0
0,1,25,23,4.6667,4.6666,0,49,39.6666,0
0,1,25,22,4.6666,4.6666,0,49,35,0
0,1,25,21,4.6667,4.6666,0,49,30.3333,0
0,1,26,21,4.6667,4.6667,0,53.6666,30.3333,0
0,1,27,21,4.6667,4.6667,0,58.3334,30.3333,0
0,1,27,22,4.6666,4.6667,0,58.3334,35,0
0,1,27,23,4.6667,4.6667,0,58.3334,39.6666,0
0,1,26,23,4.6667,4.6667,0,53.6666,39.6666,0
0,0,27,22,4.6666,4.6667,0,58.3334,35,0
0,1,26,23,4.6667,4.6667,0,53.6666,39.6666,0
0,1,26,22,4.6666,4.6667,0,53.6666,35,0
0,1,26,21,4.6667,4.6667,0,53.6666,30.3333,0
0,1,27,21,4.6667,4.6667,0,58.3334,30.3333,0
0,1,28,21,4.6667,4.6666,0,63,30.3333,0
0,1,28,22,4.6666,4.6666,0,63,35,0
0,1,28,23,4.6667,4.6666,0,63,39.6666,0
0,1,27,23,4.6667,4.6667,0,58.3334,39.6666,0
0,0,28,22,4.6666,4.6666,0,63,35,0
0,1,27,23,4.6667,4.6667,0,58.3334,39.6666,0
0,1,27,22,4.6666,4.6667,0,58.3334,35,0
0,1,27,21,4.6667,4.6667,0,58.3334,30.3333,0
0,1,28,21,4.6667,4.6666,0,63,30.3333,0
0,1,29,21,4.6667,4.6667,0,67.6666,30.3333,0
0,1,29,22,4.6666,4.6667,0,67.6666,35,0
0,1,29,23,4.6667,4.6667,0,67.6666,39.6666,0
0,1,28,23,4.6667,4.6666,0,63,39.6666,0
0,0,29,22,4.6666,4.6667,0,67.6666,35,0
0,1,28,23,4.6667,4.6666,0,63,39.6666,0
0,1,28,22,4.6666,4.6666,0,63,35,0
0,1,28,21,4.6667,4.6666,0,63,30.3333,0
0,1,29,21,4.6667,4.6667,0,67.6666,30.3333,0
1,1,0,0,0,0,0,0,0,0
1,1,0,0,0,0,0,0,0,0
1,1,0,0,0,0,0,0,0,0
0,1,29,23,4.6667,4.6667,0,67.6666,39.6666,0
0,0,0,23,4.6667,4.6667,0,-67.6666,39.6666,0
1,1,0,0,0,0,0,0,0,0
1,1,0,0,0,0,0,0,0,0
1,1,0,0,0,0,0,0,0,0
0,1,0,22,4.6666,4.6667,0,-67.6666,35,0
0,1,1,22,4.6666,4.6666,0,-63,35,0
0,1,1,23,4.6667,4.6666,0,-63,39.6666,0
0,1,1,24,4.6667,4.6666,0,-63,44.3334,0
0,1,0,24,4.6667,4.6667,0,-67.6666,44.3334,0
0,0,1,23,4.6667,4.6666,0,-63,39.6666,0
0,1,0,24,4.6667,4.6667,0,-67.6666,44.3334,0
0,1,0,23,4.6667,4.6667,0,-67.6666,39.6666,0
0,1,0,22,4.6666,4.6667,0,-67.6666,35,0
0,1,1,22,4.6666,4.6666,0,-63,35,0
0,1,2,22,4.6666,4.6667,0,-58.3334,35,0
0,1,2,23,4.6667,4.6667,0,-58.3334,39.6666,0
0,1,2,24,4.6667,4.6667,0,-58.3334,44.3334,0
0,1,1,24,4.6667,4.6666,0,-63,44.3334,0
0,0,2,23,4.6667,4.6667,0,-58.3334,39.6666,0
0,1,1,24,4.6667,4.6666,0,-63,44.3334,0
0,1,1,23,4.6667,4.6666,0,-63,39.6666,0
0,1,1,22,4.6666,4.6666,0,-63,35,0
0,1,2,22,4.6666,4.6667,0,-58.3334,35,0
0,1,3,22,4.6666,4.6667,0,-53.6666,35,0
0,1,3,23,4.6667,4.6667,0,-53.6666,39.6666,0
0,1,3,24,4.6667,4.6667,0,-53.6666,44.3334,0
0,1,2,24,4.6667,4.6667,0,-58.3334,44.3334,0
0,0,3,23,4.6667,4.6667,0,-53.6666,39.6666,0
0,1,2,24,4.6667,4.6667,0,-58.3334,44.3334,0
0,1,2,23,4.6667,4.6667,0,-58.3334,39.6666,0
0,1,2,22,4.6666,4.6667,0,-58.3334,35,0
0,1,3,22,4.6666,4.6667,0,-53.6666,35,0
0,1,4,22,4.6666,4.6666,0,-49,35,0
0,1,4,23,4.6667,4.6666,0,-49,39.6666,0
0,1,4,24,4.6667,4.6666,0,-49,44.3334,0
0,1,3,24,4.6667,4.6667,0,-53.6666,44.3334,0
0,0,4,23,4.6667,4.6666,0,-49,39.6666,0
0,1,3,24,4.6667,4.6667,0,-53.6666,44.3334,0
0,1,3,23,4.6667,4.6667,0,-53.6666,39.6666,0
0,1,3,22,4.6666,4.6667,0,-53.6666,35,0
0,1,4,22,4.6666,4.6666,0,-49,35,0
0,1,5,22,4.6666,4.6667,0,-44.3334,35,0
0,1,5,23,4.6667,4.6667,0,-44.3334,39.6666,0
0,1,5,24,4.6667,4.6667,0,-44.3334,44.3334,0
0,1,4,24,4.6667,4.6666,0,-49,44.3334,0
0,0,5,23,4.6667,4.6667,0,-44.3334,39.6666,0
0,1,4,24,4.6667,4.6666,0,-49,44.3334,0
0,1,4,23,4.6667,4.6666,0,-49,39.6666,0
0,1,4,22,4.6666,4.6666,0,-49,35,0
0,1,5,22,4.6666,4.6667,0,-44.3334,35,0
0,1,6,22,4.6666,4.6667,0,-39.6666,35,0
0,1,6,23,4.6667,4.6667,0,-39.6666,39.6666,0
0,1,6,24,4.6667,4.6667,0,-39.6666,44.3334,0
0,1,5,24,4.6667,4.6667,0,-44.3334,44.3334,0
0,0,6,23,4.6667,4.6667,0,-39.6666,39.6666,0
0,1,5,24,4.6667,4.6667,0,-44.3334,44.3334,0
0,1,5,23,4.6667,4.6667,0,-44.3334,39.6666,0
0,1,5,22,4.6666,4.6667,0,-44.3334,35,0
0,1,6,22,4.6666,4.6667,0,-39.6666,35,0
0,1,7,22,4.6666,4.6666,0,-35,35,0
0,1,7,23,4.6667,4.6666,0,-35,39.6666,0
0,1,7,24,4.6667,4.6666,0,-35,44.3334,0
0,1,6,24,4.6667,4.6667,0,-39.6666,44.3334,0
0,0,7,23,4.6667,4.6666,0,-35,39.6666,0
0,1,6,24,4.6667,4.6667,0,-39.6666,44.3334,0
0,1,6,23,4.6667,4.6667,0,-39.6666,39.6666,0
0,1,6,22,4.6666,4.6667,0,-39.6666,35,0
0,1,7,22,4.6666,4.6666,0,-35,35,0
0,1,8,22,4.6666,4.6667,0,-30.3333,35,0
0,1,8,23,4.6667,4.6667,0,-30.3333,39.6666,0
0,1,8,24,4.6667,4.6667,0,-30.3333,44.3334,0
0,1,7,24,4.6667,4.6666,0,-35,44.3334,0
0,0,8,23,4.6667,4.6667,0,-30.3333,39.6666,0
0,1,7,24,4.6667,4.6666,0,-35,44.3334,0
0,1,7,23,4.6667,4.6666,0,-35,39.6666,0
0,1,7,22,4.6666,4.6666,0,-35,35,0
0,1,8,22,4.6666,4.6667,0,-30.3333,35,0
0,1,9,22,4.6666,4.6667,0,-25.6666,35,0
0,1,9,23,4.6667,4.6667,0,-25.6666,39.6666,0
0,1,9,24,4.6667,4.6667,0,-25.6666,44.3334,0
0,1,8,24,4.6667,4.6667,0,-30.3333,44.3334,0
0,0,9,23,4.6667,4.6667,0,-25.6666,39.6666,0
0,1,8,24,4.6667,4.6667,0,-30.3333,44.3334,0
0,1,8,23,4.6667,4.6667,0,-30.3333,39.6666,0
0,1,8,22,4.6666,4.6667,0,-30.3333,35,0
0,1,9,22,4.6666,4.6667,0,-25.6666,35,0
0,1,10,22,4.6666,4.6666,0,-21,35,0
0,1,10,23,4.6667,4.6666,0,-21,39.6666,0
0,1,10,24,4.6667,4.6666,0,-21,44.3334,0
0,1,9,24,4.6667,4.6667,0,-25.6666,44.3334,0
0,0,10,23,4.6667,4.6666,0,-21,39.6666,0
0,1,9,24,4.6667,4.6667,0,-25.6666,44.3334,0
0,1,9,23,4.6667,4.6667,0,-25.6666,39.6666,0
0,1,9,22,4.6666,4.6667,0,-25.6666,35,0
0,1,10,22,4.6666,4.6666,0,-21,35,0
0,1,11,22,4.6666,4.6667,0,-16.3334,35,0
0,1,11,23,4.6667,4.6667,0,-16.3334,39.6666,0
0,1,11,24,4.6667,4.6667,0,-16.3334,44.3334,0
0,1,10,24,4.6667,4.6666,0,-21,44.3334,0
0,0,11,23,4.6667,4.6667,0,-16.3334,39.6666,0
0,1,10,24,4.6667,4.6666,0,-21,44.3334,0
0,1,10,23,4.6667,4.6666,0,-21,39.6666,0
0,1,10,22,4.6666,4.6666,0,-21,35,0
0,1,11,22,4.6666,4.6667,0,-16.3334,35,0
0,1,12,22,4.6666,4.66667,0,-11.6667,35,0
0,1,12,23,4.6667,4.66667,0,-11.6667,39.6666,0
0,1,12,24,4.6667,4.66667,0,-11.6667,44.3334,0
0,1,11,24,4.6667,4.6667,0,-16.3334,44.3334,0
0,0,12,23,4.6667,4.66667,0,-11.6667,39.6666,0
0,1,11,24,4.6667,4.6667,0,-16.3334,44.3334,0
0,1,11,23,4.6667,4.6667,0,-16.3334,39.6666,0
0,1,11,22,4.6666,4.6667,0,-16.3334,35,0
0,1,12,22,4.6666,4.66667,0,-11.6667,35,0
0,1,13,22,4.6666,4.66667,0,-7,35,0
0,1,13,23,4.6667,4.66667,0,-7,39.6666,0
0,1,13,24,4.6667,4.66667,0,-7,44.3334,0
0,1,12,24,4.6667,4.66667,0,-11.6667,44.3334,0
0,0,13,23,4.6667,4.66667,0,-7,39.6666,0
0,1,12,24,4.6667,4.66667,0,-11.6667,44.3334,0
0,1,12,23,4.6667,4.66667,0,-11.6667,39.6666,0
0,1,12,22,4.6666,4.66667,0,-11.6667,35,0
0,1,13,22,4.6666,4.66667,0,-7,35,0
0,1,14,22,4.6666,4.66666,0,-2.33333,35,0
0,1,14,23,4.6667,4.66666,0,-2.33333,39.6666,0
0,1,14,24,4.6667,4.66666,0,-2.33333,44.3334,0
0,1,13,24,4.6667,4.66667,0,-7,44.3334,0
0,0,14,23,4.6667,4.66666,0,-2.33333,39.6666,0
0,1,13,24,4.6667,4.66667,0,-7,44.3334,0
0,1,13,23,4.6667,4.66667,0,-7,39.6666,0
0,1,13,22,4.6666,4.66667,0,-7,35,0
0,1,14,22,4.6666,4.66666,0,-2.33333,35,0
0,1,15,22,4.6666,4.66667,0,2.33334,35,0
0,1,15,23,4.6667,4.66667,0,2.33334,39.6666,0
0,1,15,24,4.6667,4.66667,0,2.33334,44.3334,0
0,1,14,24,4.6667,4.66666,0,-2.33333,44.3334,0
0,0,15,23,4.6667,4.66667,0,2.33334,39.6666,0
0,1,14,24,4.6667,4.66666,0,-2.33333,44.3334,0
0,1,14,23,4.6667,4.66666,0,-2.33333,39.6666,0
0,1,14,22,4.6666,4.66666,0,-2.33333,35,0
0,1,15,22,4.6666,4.66667,0,2.33334,35,0
0,1,16,22,4.6666,4.66667,0,7,35,0
0,1,16,23,4.6667,4.66667,0,7,39.6666,0
0,1,16,24,4.6667,4.66667,0,7,44.3334,0
0,1,15,24,4.6667,4.66667,0,2.33334,44.3334,0
0,0,16,23,4.6667,4.66667,0,7,39.6666,0
0,1,15,24,4.6667,4.66667,0,2.33334,44.3334,0
0,1,15,23,4.6667,4.66667,0,2.33334,39.6666,0
0,1,15,22,4.6666,4.66667,0,2.33334,35,0
0,1,16,22,4.6666,4.66667,0,7,35,0
0,1,17,22,4.6666,4.66666,0,11.6667,35,0
0,1,17,23,4.6667,4.66666,0,11.6667,39.6666,0
0,1,17,24,4.6667,4.66666,0,11.6667,44.3334,0
0,1,16,24,4.6667,4.66667,0,7,44.3334,0
0,0,17,23,4.6667,4.66666,0,11.6667,39.6666,0
0,1,16,24,4.6667,4.66667,0,7,44.3334,0
0,1,16,23,4.6667,4.66667,0,7,39.6666,0
0,1,16,22,4.6666,4.66667,0,7,35,0
0,1,17,22,4.6666,4.66666,0,11.6667,35,0
0,1,18,22,4.6666,4.6667,0,16.3334,35,0
0,1,18,23,4.6667,4.6667,0,16.3334,39.6666,0
0,1,18,24,4.6667,4.6667,0,16.3334,44.3334,0
0,1,17,24,4.6667,4.66666,0,11.6667,44.3334,0
0,0,18,23,4.6667,4.6667,0,16.3334,39.6666,0
0,1,17,24,4.6667,4.66666,0,11.6667,44.3334,0
0,1,17,23,4.6667,4.66666,0,11.6667,39.6666,0
0,1,17,22,4.6666,4.66666,0,11.6667,35,0
0,1,18,22,4.6666,4.6667,0,16.3334,35,0
0,1,19,22,4.6666,4.6666,0,21,35,0
0,1,19,23,4.6667,4.6666,0,21,39.6666,0
0,1,19,24,4.6667,4.6666,0,21,44.3334,0
0,1,18,24,4.6667,4.6667,0,16.3334,44.3334,0
0,0,19,23,4.6667,4.6666,0,21,39.6666,0
0,1,18,24,4.6667,4.6667,0,16.3334,44.3334,0
0,1,18,23,4.6667,4.6667,0,16.3334,39.6666,0
0,1,18,22,4.6666,4.6667,0,16.3334,35,0
0,1,19,22,4.6666,4.6666,0,21,35,0
0,1,20,22,4.6666,4.6667,0,25.6666,35,0
0,1,20,23,4.6667,4.6667,0,25.6666,39.6666,0
0,1,20,24,4.6667,4.6667,0,25.6666,44.3334,0
0,1,19,24,4.6667,4.6666,0,21,44.3334,0
0,0,20,23,4.6667,4.6667,0,25.6666,39.6666,0
0,1,19,24,4.6667,4.6666,0,21,44.3334,0
0,1,19,23,4.6667,4.6666,0,21,39.6666,0
0,1,19,22,4.6666,4.6666,0,21,35,0
0,1,20,22,4.6666,4.6667,0,25.6666,35,0
0,1,21,22,4.6666,4.6667,0,30.3333,35,0
0,1,21,23,4.6667,4.6667,0,30.3333,39.6666,0
0,1,21,24,4.6667,4.6667,0,30.3333,44.3334,0
0,1,20,24,4.6667,4.6667,0,25.6666,44.3334,0
0,0,21,23,4.6667,4.6667,0,30.3333,39.6666,0
0,1,20,24,4.6667,4.6667,0,25.6666,44.3334,0
0,1,20,23,4.6667,4.6667,0,25.6666,39.6666,0
0,1,20,22,4.6666,4.6667,0,25.6666,35,0
0,1,21,22,4.6666,4.6667,0,30.3333,35,0
0,1,22,22,4.6666,4.6666,0,35,35,0
0,1,22,23,4.6667,4.6666,0,35,39.6666,0
0,1,22,24,4.6667,4.6666,0,35,44.3334,0
0,1,21,24,4.6667,4.6667,0,30.3333,44.3334,0
0,0,22,23,4.6667,4.6666,0,35,39.6666,0
0,1,21,24,4.6667,4.6667,0,30.3333,44.3334,0
0,1,21,23,4.6667,4.6667,0,30.3333,39.6666,0
0,1,21,22,4.6666,4.6667,0,30.3333,35,0
0,1,22,22,4.6666,4.6666,0,35,35,0
0,1,23,22,4.6666,4.6667,0,39.6666,35,0
0,1,23,23,4.6667,4.6667,0,39.6666,39.6666,0
0,1,23,24,4.6667,4.6667,0,39.6666,44.3334,0
0,1,22,24,4.6667,4.6666,0,35,44.3334,0
0,0,23,23,4.6667,4.6667,0,39.6666,39.6666,0
0,1,22,24,4.6667,4.6666,0,35,44.3334,0
0,1,22,23,4.6667,4.6666,0,35,39.6666,0
0,1,22,22,4.6666,4.6666,0,35,35,0
0,1,23,22,4.6666,4.6667,0,39.6666,35,0
0,1,24,22,4.6666,4.6667,0,44.3334,35,0
0,1,24,23,4.6667,4.6667,0,44.3334,39.6666,0
0,1,24,24,4.6667,4.6667,0,44.3334,44.3334,0
0,1,23,24,4.6667,4.6667,0,39.6666,44.3334,0
0,0,24,23,4.6667,4.6667,0,44.3334,39.6666,0
0,1,23,24,4.6667,4.6667,0,39.6666,44.3334,0
0,1,23,23,4.6667,4.6667,0,39.6666,39.6666,0
0,1,23,22,4.6666,4.6667,0,39.6666,35,0
0,1,24,22,4.6666,4.6667,0,44.3334,35,0
0,1,25,22,4.6666,4.6666,0,49,35,0
0,1,25,23,4.6667,4.6666,0,49,39.6666,0
0,1,25,24,4.6667,4.6666,0,49,44.3334,0
0,1,24,24,4.6667,4.6667,0,44.3334,44.3334,0
0,0,25,23,4.6667,4.6666,0,49,39.6666,0
0,1,24,24,4.6667,4.6667,0,44.3334,44.3334,0
0,1,24,23,4.6667,4.6667,0,44.3334,39.6666,0
0,1,24,22,4.6666,4.6667,0,44.3334,35,0
0,1,25,22,4.6666,4.6666,0,49,35,0
0,1,26,22,4.6666,4.6667,0,53.6666,35,0
0,1,26,23,4.6667,4.6667,0,53.6666,39.6666,0
0,1,26,24,4.6667,4.6667,0,53.6666,44.3334,0
0,1,25,24,4.6667,4.6666,0,49,44.3334,0
0,0,26,23,4.6667,4.6667,0,53.6666,39.6666,0
0,1,25,24,4.6667,4.6666,0,49,44.3334,0
0,1,25,23,4.6667,4.6666,0,49,39.6666,0
0,1,25,22,4.6666,4.6666,0,49,35,0
0,1,26,22,4.6666,4.6667,0,53.6666,35,0
0,1,27,22,4.6666,4.6667,0,58.3334,35,0
0,1,27,23,4.6667,4.6667,0,58.3334,39.6666,0
0,1,27,24,4.6667,4.6667,0,58.3334,44.3334,0
0,1,26,24,4.6667,4.6667,0,53.6666,44.3334,0
0,0,27,23,4.6667,4.6667,0,58.3334,39.6666,0
0,1,26,24,4.6667,4.6667,0,53.6666,44.3334,0
0,1,26,23,4.6667,4.6667,0,53.6666,39.6666,0
0,1,26,22,4.6666,4.6667,0,53.6666,35,0
0,1,27,22,4.6666,4.6667,0,58.3334,35,0
0,1,28,22,4.6666,4.6666,0,63,35,0
0,1,28,23,4.6667,4.6666,0,63,39.6666,0
0,1,28,24,4.6667,4.6666,0,63,44.3334,0
0,1,27,24,4.6667,4.6667,0,58.3334,44.3334,0
0,0,28,23,4.6667,4.6666,0,63,39.6666,0
0,1,27,24,4.6667,4.6667,0,58.3334,44.3334,0
0,1,27,23,4.6667,4.6667,0,58.3334,39.6666,0
0,1,27,22,4.6666,4.6667,0,58.3334,35,0
0,1,28,22,4.6666,4.6666,0,63,35,0
0,1,29,22,4.6666,4.6667,0,67.6666,35,0
0,1,29,23,4.6667,4.6667,0,67.6666,39.6666,0
0,1,29,24,4.6667,4.6667,0,67.6666,44.3334,0
0,1,28,24,4.6667,4.6666,0,63,44.3334,0
0,0,29,23,4.6667,4.6667,0,67.6666,39.6666,0
0,1,28,24,4.6667,4.6666,0,63,44.3334,0
0,1,28,23,4.6667,4.6666,0,63,39.6666,0
0,1,28,22,4.6666,4.6666,0,63,35,0
0,1,29,22,4.6666,4.6667,0,67.6666,35,0
1,1,0,0,0,0,0,0,0,0
1,1,0,0,0,0,0,0,0,0
1,1,0,0,0,0,0,0,0,0
0,1,29,24,4.6667,4.6667,0,67.6666,44.3334,0
0,0,0,24,4.6667,4.6667,0,-67.6666,44.3334,0
1,1,0,0,0,0,0,0,0,0
1,1,0,0,0,0,0,0,0,0
1,1,0,0,0,0,0,0,0,0
0,1,0,23,4.6667,4.6667,0,-67.6666,39.6666,0
0,1,1,23,4.6667,4.6666,0,-63,39.6666,0
0,1,1,24,4.6667,4.6666,0,-63,44.3334,0
0,1,1,25,4.6666,4.6666,0,-63,49,0
0,1,0,25,4.6666,4.6667,0,-67.6666,49,0
0,0,1,24,4.6667,4.6666,0,-63,44.3334,0
0,1,0,25,4.6666,4.6667,0,-67.6666,49,0
0,1,0,24,4.6667,4.6667,0,-67.6666,44.3334,0
0,1,0,23,4.6667,4.6667,0,-67.6666,39.6666,0
0,1,1,23,4.6667,4.6666,0,-63,39.6666,0
0,1,2,23,4.6667,4.6667,0,-58.3334,39.6666,0
0,1,2,24,4.6667,4.6667,0,-58.3334,44.3334,0
0,1,2,25,4.6666,4.6667,0,-58.3334,49,0
0,1,1,25,4.6666,4.6666,0,-63,49,0
0,0,2,24,4.6667,4.6667,0,-58.3334,44.3334,0
0,1,1,25,4.6666,4.6666,0,-63,49,0
0,1,1,24,4.6667,4.6666,0,-63,44.3334,0
0,1,1,23,4.6667,4.6666,0,-63,39.6666,0
0,1,2,23,4.6667,4.6667,0,-58.3334,39.6666,0
0,1,3,23,4.6667,4.6667,0,-53.6666,39.6666,0
0,1,3,24,4.6667,4.6667,0,-53.6666,44.3334,0
0,1,3,25,4.6666,4.6667,0,-53.6666,49,0
0,1,2,25,4.6666,4.6667,0,-58.3334,49,0
0,0,3,24,4.6667,4.6667,0,-53.6666,44.3334,0
0,1,2,25,4.6666,4.6667,0,-58.3334,49,0
0,1,2,24,4.6667,4.6667,0,-58.3334,44.3334,0
0,1,2,23,4.6667,4.6667,0,-58.3334,39.6666,0
0,1,3,23,4.6667,4.6667,0,-53.6666,39.6666,0
0,1,4,23,4.6667,4.6666,0,-49,39.6666,0
0,1,4,24,4.6667,4.6666,0,-49,44.3334,0
0,1,4,25,4.6666,4.6666,0,-49,49,0
0,1,3,25,4.6666,4.6667,0,-53.6666,49,0
0,0,4,24,4.6667,4.6666,0,-49,44.3334,0
0,1,3,25,4.6666,4.6667,0,-53.6666,49,0
0,1,3,24,4.6667,4.6667,0,-53.6666,44.3334,0
0,1,3,23,4.6667,4.6667,0,-53.6666,39.6666,0
0,1,4,23,4.6667,4.6666,0,-49,39.6666,0
0,1,5,23,4.6667,4.6667,0,-44.3334,39.6666,0
0,1,5,24,4.6667,4.6667,0,-44.3334,44.3334,0
0,1,5,25,4.6666,4.6667,0,-44.3334,49,0
0,1,4,25,4.6666,4.6666,0,-49,49,0
0,0,5,24,4.6667,4.6667,0,-44.3334,44.3334,0
0,1,4,25,4.6666,4.6666,0,-49,49,0
0,1,4,24,4.6667,4.6666,0,-49,44.3334,0
0,1,4,23,4.6667,4.6666,0,-49,39.6666,0
0,1,5,23,4.6667,4.6667,0,-44.3334,39.6666,0
0,1,6,23,4.6667,4.6667,0,-39.6666,39.6666,0
0,1,6,24,4.6667,4.6667,0,-39.6666,44.3334,0
0,1,6,25,4.6666,4.6667,0,-39.6666,49,0
0,1,5,25,4.6666,4.6667,0,-44.3334,49,0
0,0,6,24,4.6667,4.6667,0,-39.6666,44.3334,0
0,1,5,25,4.6666,4.6667,0,-44.3334,49,0
0,1,5,24,4.6667,4.6667,0,-44.3334,44.3334,0
0,1,5,23,4.6667,4.6667,0,-44.3334,39.6666,0
0,1,6,23,4.6667,4.6667,0,-39.6666,39.6666,0
0,1,7,23,4.6667,4.6666,0,-35,39.6666,0
0,1,7,24,4.6667,4.6666,0,-35,44.3334,0
0,1,7,25,4.6666,4.6666,0,-35,49,0
0,1,6,25,4.6666,4.6667,0,-39.6666,49,0
0,0,7,24,4.6667,4.6666,0,-35,44.3334,0
0,1,6,25,4.6666,4.6667,0,-39.6666,49,0
0,1,6,24,4.6667,4.6667,0,-39.6666,44.3334,0
0,1,6,23,4.6667,4.6667,0,-39.6666,39.6666,0
0,1,7,23,4.6667,4.6666,0,-35,39.6666,0
0,1,8,23,4.6667,4.6667,0,-30.3333,39.6666,0
0,1,8,24,4.6667,4.6667,0,-30.3333,44.3334,0
0,1,8,25,4.6666,4.6667,0,-30.3333,49,0
0,1,7,25,4.6666,4.6666,0,-35,49,0
0,0,8,24,4.6667,4.6667,0,-30.3333,44.3334,0
0,1,7,25,4.6666,4.6666,0,-35,49,0
0,1,7,24,4.6667,4.6666,0,-35,44.3334,0
0,1,7,23,4.6667,4.6666,0,-35,39.6666,0
0,1,8,23,4.6667,4.6667,0,-30.3333,39.6666,0
0,1,9,23,4.6667,4.6667,0,-25.6666,39.6666,0
0,1,9,24,4.6667,4.6667,0,-25.6666,44.3334,0
0,1,9,25,4.6666,4.6667,0,-25.6666,49,0
0,1,8,25,4.6666,4.6667,0,-30.3333,49,0
0,0,9,24,4.6667,4.6667,0,-25.6666,44.3334,0
0,1,8,25,4.6666,4.6667,0,-30.3333,49,0
0,1,8,24,4.6667,4.6667,0,-30.3333,44.3334,0
0,1,8,23,4.6667,4.6667,0,-30.3333,39.6666,0
0,1,9,23,4.6667,4.6667,0,-25.6666,39.6666,0
0,1,10,23,4.6667,4.6666,0,-21,39.6666,0
0,1,10,24,4.6667,4.6666,0,-21,44.3334,0
0,1,10,25,4.6666,4.6666,0,-21,49,0
0,1,9,25,4.6666,4.6667,0,-25.6666,49,0
0,0,10,24,4.6667,4.6666,0,-21,44.3334,0
0,1,9,25,4.6666,4.6667,0,-25.6666,49,0
0,1,9,24,4.6667,4.6667,0,-25.6666,44.3334,0
0,1,9,23,4.6667,4.6667,0,-25.6666,39.6666,0
0,1,10,23,4.6667,4.6666,0,-21,39.6666,0
0,1,11,23,4.6667,4.6667,0,-16.3334,39.6666,0
0,1,11,24,4.6667,4.6667,0,-16.3334,44.3334,0
0,1,11,25,4.6666,4.6667,0,-16.3334,49,0
0,1,10,25,4.6666,4.6666,0,-21,49,0
0,0,11,24,4.6667,4.6667,0,-16.3334,44.3334,0
0,1,10,25,4.6666,4.6666,0,-21,49,0
0,1,10,24,4.6667,4.6666,0,-21,44.3334,0
0,1,10,23,4.6667,4.6666,0,-21,39.6666,0
0,1,11,23,4.6667,4.6667,0,-16.3334,39.6666,0
0,1,12,23,4.6667,4.66667,0,-11.6667,39.6666,0
0,1,12,24,4.6667,4.66667,0,-11.6667,44.3334,0
0,1,12,25,4.6666,4.66667,0,-11.6667,49,0
0,1,11,25,4.6666,4.6667,0,-16.3334,49,0
0,0,12,24,4.6667,4.66667,0,-11.6667,44.3334,0
0,1,11,25,4.6666,4.6667,0,-16.3334,49,0
0,1,11,24,4.6667,4.6667,0,-16.3334,44.3334,0
0,1,11,23,4.6667,4.6667,0,-16.3334,39.6666,0
0,1,12,23,4.6667,4.66667,0,-11.6667,39.6666,0
0,1,13,23,4.6667,4.66667,0,-7,39.6666,0
0,1,13,24,4.6667,4.66667,0,-7,44.3334,0
0,1,13,25,4.6666,4.66667,0,-7,49,0
0,1,12,25,4.6666,4.66667,0,-11.6667,49,0
0,0,13,24,4.6667,4.66667,0,-7,44.3334,0
0,1,12,25,4.6666,4.66667,0,-11.6667,49,0
0,1,12,24,4.6667,4.66667,0,-11.6667,44.3334,0
0,1,12,23,4.6667,4.66667,0,-11.6667,39.6666,0
0,1,13,23,4.6667,4.66667,0,-7,39.6666,0
0,1,14,23,4.6667,4.66666,0,-2.33333,39.6666,0
0,1,14,24,4.6667,4.66666,0,-2.33333,44.3334,0
0,1,14,25,4.6666,4.66666,0,-2.33333,49,0
0,1,13,25,4.6666,4.66667,0,-7,49,0
0,0,14,24,4.6667,4.66666,0,-2.33333,44.3334,0
0,1,13,25,4.6666,4.66667,0,-7,49,0
0,1,13,24,4.6667,4.66667,0,-7,44.3334,0
0,1,13,23,4.6667,4.66667,0,-7,39.6666,0
0,1,14,23,4.6667,4.66666,0,-2.33333,39.6666,0
0,1,15,23,4.6667,4.66667,0,2.33334,39.6666,0
0,1,15,24,4.6667,4.66667,0,2.33334,44.3334,0
0,1,15,25,4.6666,4.66667,0,2.33334,49,0
0,1,14,25,4.6666,4.66666,0,-2.33333,49,0
0,0,15,24,4.6667,4.66667,0,2.33334,44.3334,0
0,1,14,25,4.6666,4.66666,0,-2.33333,49,0
0,1,14,24,4.6667,4.66666,0,-2.33333,44.3334,0
0,1,14,23,4.6667,4.66666,0,-2.33333,39.6666,0
0,1,15,23,4.6667,4.66667,0,2.33334,39.6666,0
0,1,16,23,4.6667,4.66667,0,7,39.6666,0
0,1,16,24,4.6667,4.66667,0,7,44.3334,0
0,1,16,25,4.6666,4.66667,0,7,49,0
0,1,15,25,4.6666,4.66667,0,2.33334,49,0
0,0,16,24,4.6667,4.66667,0,7,44.3334,0
0,1,15,25,4.6666,4.66667,0,2.33334,49,0
0,1,15,24,4.6667,4.66667,0,2.33334,44.3334,0
0,1,15,23,4.6667,4.66667,0,2.33334,39.6666,0
0,1,16,23,4.6667,4.66667,0,7,39.6666,0
0,1,17,23,4.6667,4.66666,0,11.6667,39.6666,0
0,1,17,24,4.6667,4.66666,0,11.6667,44.3334,0
0,1,17,25,4.6666,4.66666,0,11.6667,49,0
0,1,16,25,4.6666,4.66667,0,7,49,0
0,0,17,24,4.6667,4.66666,0,11.6667,44.3334,0
0,1,16,25,4.6666,4.66667,0,7,49,0
0,1,16,24,4.6667,4.66667,0,7,44.3334,0
0,1,16,23,4.6667,4.66667,0,7,39.6666,0
0,1,17,23,4.6667,4.66666,0,11.6667,39.6666,0
0,1,18,23,4.6667,4.6667,0,16.3334,39.6666,0
0,1,18,24,4.6667,4.6667,0,16.3334,44.3334,0
0,1,18,25,4.6666,4.6667,0,16.3334,49,0
0,1,17,25,4.6666,4.66666,0,11.6667,49,0
0,0,18,24,4.6667,4.6667,0,16.3334,44.3334,0
0,1,17,25,4.6666,4.66666,0,11.6667,49,0
0,1,17,24,4.6667,4.66666,0,11.6667,44.3334,0
0,1,17,23,4.6667,4.66666,0,11.6667,39.6666,0
0,1,18,23,4.6667,4.6667,0,16.3334,39.6666,0
0,1,19,23,4.6667,4.6666,0,21,39.6666,0
0,1,19,24,4.6667,4.6666,0,21,44.3334,0
0,1,19,25,4.6666,4.6666,0,21,49,0
0,1,18,25,4.6666,4.6667,0,16.3334,49,0
0,0,19,24,4.6667,4.6666,0,21,44.3334,0
0,1,18,25,4.6666,4.6667,0,16.3334,49,0
0,1,18,24,4.6667,4.6667,0,16.3334,44.3334,0
0,1,18,23,4.6667,4.6667,0,16.3334,39.6666,0
0,1,19,23,4.6667,4.6666,0,21,39.6666,0
0,1,20,23,4.6667,4.6667,0,25.6666,39.6666,0
0,1,20,24,4.6667,4.6667,0,25.6666,44.3334,0
0,1,20,25,4.6666,4.6667,0,25.6666,49,0
0,1,19,25,4.6666,4.6666,0,21,49,0
0,0,20,24,4.6667,4.6667,0,25.6666,44.3334,0
0,1,19,25,4.6666,4.6666,0,21,49,0
0,1,19,24,4.6667,4.6666,0,21,44.3334,0
0,1,19,23,4.6667,4.6666,0,21,39.6666,0
0,1,20,23,4.6667,4.6667,0,25.6666,39.6666,0
0,1,21,23,4.6667,4.6667,0,30.3333,39.6666,0
0,1,21,24,4.6667,4.6667,0,30.3333,44.3334,0
0,1,21,25,4.6666,4.6667,0,30.3333,49,0
0,1,20,25,4.6666,4.6667,0,25.6666,49,0
0,0,21,24,4.6667,4.6667,0,30.3333,44.3334,0
0,1,20,25,4.6666,4.6667,0,25.6666,49,0
0,1,20,24,4.6667,4.6667,0,25.6666,44.3334,0
0,1,20,23,4.6667,4.6667,0,25.6666,39.6666,0
0,1,21,23,4.6667,4.6667,0,30.3333,39.6666,0
0,1,22,23,4.6667,4.6666,0,35,39.6666,0
0,1,22,24,4.6667,4.6666,0,35,44.3334,0
0,1,22,25,4.6666,4.6666,0,35,49,0
0,1,21,25,4.6666,4.6667,0,30.3333,49,0
0,0,22,24,4.6667,4.6666,0,35,44.3334,0
0,1,21,25,4.6666,4.6667,0,30.3333,49,0
0,1,21,24,4.6667,4.6667,0,30.3333,44.3334,0
0,1,21,23,4.6667,4.6667,0,30.3333,39.6666,0
0,1,22,23,4.6667,4.6666,0,35,39.6666,0
0,1,23,23,4.6667,4.6667,0,39.6666,39.6666,0
0,1,23,24,4.6667,4.6667,0,39.6666,44.3334,0
0,1,23,25,4.6666,4.6667,0,39.6666,49,0
0,1,22,25,4.6666,4.6666,0,35,49,0
0,0,23,24,4.6667,4.6667,0,39.6666,44.3334,0
0,1,22,25,4.6666,4.6666,0,35,49,0
0,1,22,24,4.6667,4.6666,0,35,44.3334,0
0,1,22,23,4.6667,4.6666,0,35,39.6666,0
0,1,23,23,4.6667,4.6667,0,39.6666,39.6666,0
0,1,24,23,4.6667,4.6667,0,44.3334,39.6666,0
0,1,24,24,4.6667,4.6667,0,44.3334,44.3334,0
0,1,24,25,4.6666,4.6667,0,44.3334,49,0
0,1,23,25,4.6666,4.6667,0,39.6666,49,0
0,0,24,24,4.6667,4.6667,0,44.3334,44.3334,0
0,1,23,25,4.6666,4.6667,0,39.6666,49,0
0,1,23,24,4.6667,4.6667,0,39.6666,44.3334,0
0,1,23,23,4.6667,4.6667,0,39.6666,39.6666,0
0,1,24,23,4.6667,4.6667,0,44.3334,39.6666,0
0,1,25,23,4.6667,4.6666,0,49,39.6666,0
0,1,25,24,4.6667,4.6666,0,49,44.3334,0
0,1,25,25,4.6666,4.6666,0,49,49,0
0,1,24,25,4.6666,4.6667,0,44.3334,49,0
0,0,25,24,4.6667,4.6666,0,49,44.3334,0
0,1,24,25,4.6666,4.6667,0,44.3334,49,0
0,1,24,24,4.6667,4.6667,0,44.3334,44.3334,0
0,1,24,23,4.6667,4.6667,0,44.3334,39.6666,0
0,1,25,23,4.6667,4.6666,0,49,39.6666,0
0,1,26,23,4.6667,4.6667,0,53.6666,39.6666,0
0,1,26,24,4.6667,4.6667,0,53.6666,44.3334,0
0,1,26,25,4.6666,4.6667,0,53.6666,49,0
0,1,25,25,4.6666,4.6666,0,49,49,0
0,0,26,24,4.6667,4.6667,0,53.6666,44.3334,0
0,1,25,25,4.6666,4.6666,0,49,49,0
0,1,25,24,4.6667,4.6666,0,49,44.3334,0
0,1,25,23,4.6667,4.6666,0,49,39.6666,0
0,1,26,23,4.6667,4.6667,0,53.6666,39.6666,0
0,1,27,23,4.6667,4.6667,0,58.3334,39.6666,0
0,1,27,24,4.6667,4.6667,0,58.3334,44.3334,0
0,1,27,25,4.6666,4.6667,0,58.3334,49,0
0,1,26,25,4.6666,4.6667,0,53.6666,49,0
0,0,27,24,4.6667,4.6667,0,58.3334,44.3334,0
0,1,26,25,4.6666,4.6667,0,53.6666,49,0
0,1,26,24,4.6667,4.6667,0,53.6666,44.3334,0
0,1,26,23,4.6667,4.6667,0,53.6666,39.6666,0
0,1,27,23,4.6667,4.6667,0,58.3334,39.6666,0
0,1,28,23,4.6667,4.6666,0,63,39.6666,0
0,1,28,24,4.6667,4.6666,0,63,44.3334,0
0,1,28,25,4.6666,4.6666,0,63,49,0
0,1,27,25,4.6666,4.6667,0,58.3334,49,0
0,0,28,24,4.6667,4.6666,0,63,44.3334,0
0,1,27,25,4.6666,4.6667,0,58.3334,49,0
0,1,27,24,4.6667,4.6667,0,58.3334,44.3334,0
0,1,27,23,4.6667,4.6667,0,58.3334,39.6666,0
0,1,28,23,4.6667,4.6666,0,63,39.6666,0
0,1,29,23,4.6667,4.6667,0,67.6666,39.6666,0
0,1,29,24,4.6667,4.6667,0,67.6666,44.3334,0
0,1,29,25,4.6666,4.6667,0,67.6666,49,0
0,1,28,25,4.6666,4.6666,0,63,49,0
0,0,29,24,4.6667,4.6667,0,67.6666,44.3334,0
0,1,28,25,4.6666,4.6666,0,63,49,0
0,1,28,24,4.6667,4.6666,0,63,44.3334,0
0,1,28,23,4.6667,4.6666,0,63,39.6666,0
0,1,29,23,4.6667,4.6667,0,67.6666,39.6666,0
1,1,0,0,0,0,0,0,0,0
1,1,0,0,0,0,0,0,0,0
1,1,0,0,0,0,0,0,0,0
0,1,29,25,4.6666,4.6667,0,67.6666,49,0
0,0,0,25,4.6666,4.6667,0,-67.6666,49,0
1,1,0,0,0,0,0,0,0,0
1,1,0,0,0,0,0,0,0,0
1,1,0,0,0,0,0,0,0,0
0,1,0,24,4.6667,4.6667,0,-67.6666,44.3334,0
0,1,1,24,4.6667,4.6666,0,-63,44.3334,0
0,1,1,25,4.6666,4.6666,0,-63,49,0
0,1,1,26,4.6667,4.6666,0,-63,53.6666,0
0,1,0,26,4.6667,4.6667,0,-67.6666,53.6666,0
0,0,1,25,4.6666,4.6666,0,-63,49,0
0,1,0,26,4.6667,4.6667,0,-67.6666,53.6666,0
0,1,0,25,4.6666,4.6667,0,-67.6666,49,0
0,1,0,24,4.6667,4.6667,0,-67.6666,44.3334,0
0,1,1,24,4.6667,4.6666,0,-63,44.3334,0
0,1,2,24,4.6667,4.6667,0,-58.3334,44.3334,0
0,1,2,25,4.6666,4.6667,0,-58.3334,49,0
0,1,2,26,4.6667,4.6667,0,-58.3334,53.6666,0
0,1,1,26,4.6667,4.6666,0,-63,53.6666,0
0,0,2,25,4.6666,4.6667,0,-58.3334,49,0
0,1,1,26,4.6667,4.6666,0,-63,53.6666,0
0,1,1,25,4.6666,4.6666,0,-63,49,0
0,1,1,24,4.6667,4.6666,0,-63,44.3334,0
0,1,2,24,4.6667,4.6667,0,-58.3334,44.3334,0
0,1,3,24,4.6667,4.6667,0,-53.6666,44.3334,0
0,1,3,25,4.6666,4.6667,0,-53.6666,49,0
0,1,3,26,4.6667,4.6667,0,-53.6666,53.6666,0
0,1,2,26,4.6667,4.6667,0,-58.3334,53.6666,0
0,0,3,25,4.6666,4.6667,0,-53.6666,49,0
0,1,2,26,4.6667,4.6667,0,-58.3334,53.6666,0
0,1,2,25,4.6666,4.6667,0,-58.3334,49,0
0,1,2,24,4.6667,4.6667,0,-58.3334,44.3334,0
0,1,3,24,4.6667,4.6667,0,-53.6666,44.3334,0
0,1,4,24,4.6667,4.6666,0,-49,44.3334,0
0,1,4,25,4.6666,4.6666,0,-49,49,0
0,1,4,26,4.6667,4.6666,0,-49,53.6666,0
0,1,3,26,4.6667,4.6667,0,-53.6666,53.6666,0
0,0,4,25,4.6666,4.6666,0,-49,49,0
0,1,3,26,4.6667,4.6667,0,-53.6666,53.6666,0
0,1,3,25,4.6666,4.6667,0,-53.6666,49,0
0,1,3,24,4.6667,4.6667,0,-53.6666,44.3334,0
0,1,4,24,4.6667,4.6666,0,-49,44.3334,0
0,1,5,24,4.6667,4.6667,0,-44.3334,44.3334,0
0,1,5,25,4.6666,4.6667,0,-44.3334,49,0
0,1,5,26,4.6667,4.6667,0,-44.3334,53.6666,0
0,1,4,26,4.6667,4.6666,0,-49,53.6666,0
0,0,5,25,4.6666,4.6667,0,-44.3334,49,0
0,1,4,26,4.6667,4.6666,0,-49,53.6666,0
0,1,4,25,4.6666,4.6666,0,-49,49,0
0,1,4,24,4.6667,4.6666,0,-49,44.3334,0
0,1,5,24,4.6667,4.6667,0,-44.3334,44.3334,0
0,1,6,24,4.6667,4.6667,0,-39.6666,44.3334,0
0,1,6,25,4.6666,4.6667,0,-39.6666,49,0
0,1,6,26,4.6667,4.6667,0,-39.6666,53.6666,0
0,1,5,26,4.6667,4.6667,0,-44.3334,53.6666,0
0,0,6,25,4.6666,4.6667,0,-39.6666,49,0
0,1,5,26,4.6667,4.6667,0,-44.3334,53.6666,0
0,1,5,25,4.6666,4.6667,0,-44.3334,49,0
0,1,5,24,4.6667,4.6667,0,-44.3334,44.3334,0
0,1,6,24,4.6667,4.6667,0,-39.6666,44.3334,0
0,1,7,24,4.6667,4.6666,0,-35,44.3334,0
0,1,7,25,4.6666,4.6666,0,-35,49,0
0,1,7,26,4.6667,4.6666,0,-35,53.6666,0
0,1,6,26,4.6667,4.6667,0,-39.6666,53.6666,0
0,0,7,25,4.6666,4.6666,0,-35,49,0
0,1,6,26,4.6667,4.6667,0,-39.6666,53.6666,0
0,1,6,25,4.6666,4.6667,0,-39.6666,49,0
0,1,6,24,4.6667,4.6667,0,-39.6666,44.3334,0
0,1,7,24,4.6667,4.6666,0,-35,44.3334,0
0,1,8,24,4.6667,4.6667,0,-30.3333,44.3334,0
0,1,8,25,4.6666,4.6667,0,-30.3333,49,0
0,1,8,26,4.6667,4.6667,0,-30.3333,53.6666,0
0,1,7,26,4.6667,4.6666,0,-35,53.6666,0
0,0,8,25,4.6666,4.6667,0,-30.3333,49,0
0,1,7,26,4.6667,4.6666,0,-35,53.6666,0
0,1,7,25,4.6666,4.6666,0,-35,49,0
0,1,7,24,4.6667,4.6666,0,-35,44.3334,0
0,1,8,24,4.6667,4.6667,0,-30.3333,44.3334,0
0,1,9,24,4.6667,4.6667,0,-25.6666,44.3334,0
0,1,9,25,4.6666,4.6667,0,-25.6666,49,0
0,1,9,26,4.6667,4.6667,0,-25.6666,53.6666,0
0,1,8,26,4.6667,4.6667,0,-30.3333,53.6666,0
0,0,9,25,4.6666,4.6667,0,-25.6666,49,0
0,1,8,26,4.6667,4.6667,0,-30.3333,53.6666,0
0,1,8,25,4.6666,4.6667,0,-30.3333,49,0
0,1,8,24,4.6667,4.6667,0,-30.3333,44.3334,0
0,1,9,24,4.6667,4.6667,0,-25.6666,44.3334,0
0,1,10,24,4.6667,4.6666,0,-21,44.3334,0
0,1,10,25,4.6666,4.6666,0,-21,49,0
0,1,10,26,4.6667,4.6666,0,-21,53.6666,0
0,1,9,26,4.6667,4.6667,0,-25.6666,53.6666,0
0,0,10,25,4.6666,4.6666,0,-21,49,0
0,1,9,26,4.6667,4.6667,0,-25.6666,53.6666,0
0,1,9,25,4.6666,4.6667,0,-25.6666,49,0
0,1,9,24,4.6667,4.6667,0,-25.6666,44.3334,0
0,1,10,24,4.6667,4.6666,0,-21,44.3334,0
0,1,11,24,4.6667,4.6667,0,-16.3334,44.3334,0
0,1,11,25,4.6666,4.6667,0,-16.3334,49,0
0,1,11,26,4.6667,4.6667,0,-16.3334,53.6666,0
0,1,10,26,4.6667,4.6666,0,-21,53.6666,0
0,0,11,25,4.6666,4.6667,0,-16.3334,49,0
0,1,10,26,4.6667,4.6666,0,-21,53.6666,0
0,1,10,25,4.6666,4.6666,0,-21,49,0
0,1,10,24,4.6667,4.6666,0,-21,44.3334,0
0,1,11,24,4.6667,4.6667,0,-16.3334,44.3334,0
0,1,12,24,4.6667,4.66667,0,-11.6667,44.3334,0
0,1,12,25,4.6666,4.66667,0,-11.6667,49,0
0,1,12,26,4.6667,4.66667,0,-11.6667,53.6666,0
0,1,11,26,4.6667,4.6667,0,-16.3334,53.6666,0
0,0,12,25,4.6666,4.66667,0,-11.6667,49,0
0,1,11,26,4.6667,4.6667,0,-16.3334,53.6666,0
0,1,11,25,4.6666,4.6667,0,-16.3334,49,0
0,1,11,24,4.6667,4.6667,0,-16.3334,44.3334,0
0,1,12,24,4.6667,4.66667,0,-11.6667,44.3334,0
0,1,13,24,4.6667,4.66667,0,-7,44.3334,0
0,1,13,25,4.6666,4.66667,0,-7,49,0
0,1,13,26,4.6667,4.66667,0,-7,53.6666,0
0,1,12,26,4.6667,4.66667,0,-11.6667,53.6666,0
0,0,13,25,4.6666,4.66667,0,-7,49,0
0,1,12,26,4.6667,4.66667,0,-11.6667,53.6666,0
0,1,12,25,4.6666,4.66667,0,-11.6667,49,0
0,1,12,24,4.6667,4.66667,0,-11.6667,44.3334,0
0,1,13,24,4.6667,4.66667,0,-7,44.3334,0
0,1,14,24,4.6667,4.66666,0,-2.33333,44.3334,0
0,1,14,25,4.6666,4.66666,0,-2.33333,49,0
0,1,14,26,4.6667,4.66666,0,-2.33333,53.6666,0
0,1,13,26,4.6667,4.66667,0,-7,53.6666,0
0,0,14,25,4.6666,4.66666,0,-2.33333,49,0
0,1,13,26,4.6667,4.66667,0,-7,53.6666,0
0,1,13,25,4.6666,4.66667,0,-7,49,0
0,1,13,24,4.6667,4.66667,0,-7,44.3334,0
0,1,14,24,4.6667,4.66666,0,-2.33333,44.3334,0
0,1,15,24,4.6667,4.66667,0,2.33334,44.3334,0
0,1,15,25,4.6666,4.66667,0,2.33334,49,0
0,1,15,26,4.6667,4.66667,0,2.33334,53.6666,0
0,1,14,26,4.6667,4.66666,0,-2.33333,53.6666,0
0,0,15,25,4.6666,4.66667,0,2.33334,49,0
0,1,14,26,4.6667,4.66666,0,-2.33333,53.6666,0
0,1,14,25,4.6666,4.66666,0,-2.33333,49,0
0,1,14,24,4.6667,4.66666,0,-2.33333,44.3334,0
0,1,15,24,4.6667,4.66667,0,2.33334,44.3334,0
0,1,16,24,4.6667,4.66667,0,7,44.3334,0
0,1,16,25,4.6666,4.66667,0,7,49,0
0,1,16,26,4.6667,4.66667,0,7,53.6666,0
0,1,15,26,4.6667,4.66667,0,2.33334,53.6666,0
0,0,16,25,4.6666,4.66667,0,7,49,0
0,1,15,26,4.6667,4.66667,0,2.33334,53.6666,0
0,1,15,25,4.6666,4.66667,0,2.33334,49,0
0,1,15,24,4.6667,4.66667,0,2.33334,44.3334,0
0,1,16,24,4.6667,4.66667,0,7,44.3334,0
0,1,17,24,4.6667,4.66666,0,11.6667,44.3334,0
0,1,17,25,4.6666,4.66666,0,11.6667,49,0
0,1,17,26,4.6667,4.66666,0,11.6667,53.6666,0
0,1,16,26,4.6667,4.66667,0,7,53.6666,0
0,0,17,25,4.6666,4.66666,0,11.6667,49,0
0,1,16,26,4.6667,4.66667,0,7,53.6666,0
0,1,16,25,4.6666,4.66667,0,7,49,0
0,1,16,24,4.6667,4.66667,0,7,44.3334,0
0,1,17,24,4.6667,4.66666,0,11.6667,44.3334,0
0,1,18,24,4.6667,4.6667,0,16.3334,44.3334,0
0,1,18,25,4.6666,4.6667,0,16.3334,49,0
0,1,18,26,4.6667,4.6667,0,16.3334,53.6666,0
0,1,17,26,4.6667,4.66666,0,11.6667,53.6666,0
0,0,18,25,4.6666,4.6667,0,16.3334,49,0
0,1,17,26,4.6667,4.66666,0,11.6667,53.6666,0
0,1,17,25,4.6666,4.66666,0,11.6667,49,0
0,1,17,24,4.6667,4.66666,0,11.6667,44.3334,0
0,1,18,24,4.6667,4.6667,0,16.3334,44.3334,0
0,1,19,24,4.6667,4.6666,0,21,44.3334,0
0,1,19,25,4.6666,4.6666,0,21,49,0
0,1,19,26,4.6667,4.6666,0,21,53.6666,0
0,1,18,26,4.6667,4.6667,0,16.3334,53.6666,0
0,0,19,25,4.6666,4.6666,0,21,49,0
0,1,18,26,4.6667,4.6667,0,16.3334,53.6666,0
0,1,18,25,4.6666,4.6667,0,16.3334,49,0
0,1,18,24,4.6667,4.6667,0,16.3334,44.3334,0
0,1,19,24,4.6667,4.6666,0,21,44.3334,0
0,1,20,24,4.6667,4.6667,0,25.6666,44.3334,0
0,1,20,25,4.6666,4.6667,0,25.6666,49,0
0,1,20,26,4.6667,4.6667,0,25.6666,53.6666,0
0,1,19,26,4.6667,4.6666,0,21,53.6666,0
0,0,20,25,4.6666,4.6667,0,25.6666,49,0
0,1,19,26,4.6667,4.6666,0,21,53.6666,0
0,1,19,25,4.6666,4.6666,0,21,49,0
0,1,19,24,4.6667,4.6666,0,21,44.3334,0
0,1,20,24,4.6667,4.6667,0,25.6666,44.3334,0
0,1,21,24,4.6667,4.6667,0,30.3333,44.3334,0
0,1,21,25,4.6666,4.6667,0,30.3333,49,0
0,1,21,26,4.6667,4.6667,0,30.3333,53.6666,0
0,1,20,26,4.6667,4.6667,0,25.6666,53.6666,0
0,0,21,25,4.6666,4.6667,0,30.3333,49,0
0,1,20,26,4.6667,4.6667,0,25.6666,53.6666,0
0,1,20,25,4.6666,4.6667,0,25.6666,49,0
0,1,20,24,4.6667,4.6667,0,25.6666,44.3334,0
0,1,21,24,4.6667,4.6667,0,30.3333,44.3334,0
0,1,22,24,4.6667,4.6666,0,35,44.3334,0
0,1,22,25,4.6666,4.6666,0,35,49,0
0,1,22,26,4.6667,4.6666,0,35,53.6666,0
0,1,21,26,4.6667,4.6667,0,30.3333,53.6666,0
0,0,22,25,4.6666,4.6666,0,35,49,0
0,1,21,26,4.6667,4.6667,0,30.3333,53.6666,0
0,1,21,25,4.6666,4.6667,0,30.3333,49,0
0,1,21,24,4.6667,4.6667,0,30.3333,44.3334,0
0,1,22,24,4.6667,4.6666,0,35,44.3334,0
0,1,23,24,4.6667,4.6667,0,39.6666,44.3334,0
0,1,23,25,4.6666,4.6667,0,39.6666,49,0
0,1,23,26,4.6667,4.6667,0,39.6666,53.6666,0
0,1,22,26,4.6667,4.6666,0,35,53.6666,0
0,0,23,25,4.6666,4.6667,0,39.6666,49,0
0,1,22,26,4.6667,4.6666,0,35,53.6666,0
0,1,22,25,4.6666,4.6666,0,35,49,0
0,1,22,24,4.6667,4.6666,0,35,44.3334,0
0,1,23,24,4.6667,4.6667,0,39.6666,44.3334,0
0,1,24,24,4.6667,4.6667,0,44.3334,44.3334,0
0,1,24,25,4.6666,4.6667,0,44.3334,49,0
0,1,24,26,4.6667,4.6667,0,44.3334,53.6666,0
0,1,23,26,4.6667,4.6667,0,39.6666,53.6666,0
0,0,24,25,4.6666,4.6667,0,44.3334,49,0
0,1,23,26,4.6667,4.6667,0,39.6666,53.6666,0
0,1,23,25,4.6666,4.6667,0,39.6666,49,0
0,1,23,24,4.6667,4.6667,0,39.6666,44.3334,0
0,1,24,24,4.6667,4.6667,0,44.3334,44.3334,0
0,1,25,24,4.6667,4.6666,0,49,44.3334,0
0,1,25,25,4.6666,4.6666,0,49,49,0
0,1,25,26,4.6667,4.6666,0,49,53.6666,0
0,1,24,26,4.6667,4.6667,0,44.3334,53.6666,0
0,0,25,25,4.6666,4.6666,0,49,49,0
0,1,24,26,4.6667,4.6667,0,44.3334,53.6666,0
0,1,24,25,4.6666,4.6667,0,44.3334,49,0
0,1,24,24,4.6667,4.6667,0,44.3334,44.3334,0
0,1,25,24,4.6667,4.6666,0,49,44.3334,0
0,1,26,24,4.6667,4.6667,0,53.6666,44.3334,0
0,1,26,25,4.6666,4.6667,0,53.6666,49,0
0,1,26,26,4.6667,4.6667,0,53.6666,53.6666,0
0,1,25,26,4.6667,4.6666,0,49,53.6666,0
0,0,26,25,4.6666,4.6667,0,53.6666,49,0
0,1,25,26,4.6667,4.6666,0,49,53.6666,0
0,1,25,25,4.6666,4.6666,0,49,49,0
0,1,25,24,4.6667,4.6666,0,49,44.3334,0
0,1,26,24,4.6667,4.6667,0,53.6666,44.3334,0
0,1,27,24,4.6667,4.6667,0,58.3334,44.3334,0
0,1,27,25,4.6666,4.6667,0,58.3334,49,0
0,1,27,26,4.6667,4.6667,0,58.3334,53.6666,0
0,1,26,26,4.6667,4.6667,0,53.6666,53.6666,0
0,0,27,25,4.6666,4.6667,0,58.3334,49,0
0,1,26,26,4.6667,4.6667,0,53.6666,53.6666,0
0,1,26,25,4.6666,4.6667,0,53.6666,49,0
0,1,26,24,4.6667,4.6667,0,53.6666,44.3334,0
0,1,27,24,4.6667,4.6667,0,58.3334,44.3334,0
0,1,28,24,4.6667,4.6666,0,63,44.3334,0
0,1,28,25,4.6666,4.6666,0,63,49,0
0,1,28,26,4.6667,4.6666,0,63,53.6666,0
0,1,27,26,4.6667,4.6667,0,58.3334,53.6666,0
0,0,28,25,4.6666,4.6666,0,63,49,0
0,1,27,26,4.6667,4.6667,0,58.3334,53.6666,0
0,1,27,25,4.6666,4.6667,0,58.3334,49,0
0,1,27,24,4.6667,4.6667,0,58.3334,44.3334,0
0,1,28,24,4.6667,4.6666,0,63,44.3334,0
0,1,29,24,4.6667,4.6667,0,67.6666,44.3334,0
0,1,29,25,4.6666,4.6667,0,67.6666,49,0
0,1,29,26,4.6667,4.6667,0,67.6666,53.6666,0
0,1,28,26,4.6667,4.6666,0,63,53.6666,0
0,0,29,25,4.6666,4.6667,0,67.6666,49,0
0,1,28,26,4.6667,4.6666,0,63,53.6666,0
0,1,28,25,4.6666,4.6666,0,63,49,0
0,1,28,24,4.6667,4.6666,0,63,44.3334,0
0,1,29,24,4.6667,4.6667,0,67.6666,44.3334,0
1,1,0,0,0,0,0,0,0,0
1,1,0,0,0,0,0,0,0,0
1,1,0,0,0,0,0,0,0,0
0,1,29,26,4.6667,4.6667,0,67.6666,53.6666,0
0,0,0,26,4.6667,4.6667,0,-67.6666,53.6666,0
1,1,0,0,0,0,0,0,0,0
1,1,0,0,0,0,0,0,0,0
1,1,0,0,0,0,0,0,0,0
0,1,0,25,4.6666,4.6667,0,-67.6666,49,0
0,1,1,25,4.6666,4.6666,0,-63,49,0
0,1,1,26,4.6667,4.6666,0,-63,53.6666,0
0,1,1,27,4.6667,4.6666,0,-63,58.3334,0
0,1,0,27,4.6667,4.6667,0,-67.6666,58.3334,0
0,0,1,26,4.6667,4.6666,0,-63,53.6666,0
0,1,0,27,4.6667,4.6667,0,-67.6666,58.3334,0
0,1,0,26,4.6667,4.6667,0,-67.6666,53.6666,0
0,1,0,25,4.6666,4.6667,0,-67.6666,49,0
0,1,1,25,4.6666,4.6666,0,-63,49,0
0,1,2,25,4.6666,4.6667,0,-58.3334,49,0
0,1,2,26,4.6667,4.6667,0,-58.3334,53.6666,0
0,1,2,27,4.6667,4.6667,0,-58.3334,58.3334,0
0,1,1,27,4.6667,4.6666,0,-63,58.3334,0
0,0,2,26,4.6667,4.6667,0,-58.3334,53.6666,0
0,1,1,27,4.6667,4.6666,0,-63,58.3334,0
0,1,1,26,4.6667,4.6666,0,-63,53.6666,0
0,1,1,25,4.6666,4.6666,0,-63,49,0
0,1,2,25,4.6666,4.6667,0,-58.3334,49,0
0,1,3,25,4.6666,4.6667,0,-53.6666,49,0
0,1,3,26,4.6667,4.6667,0,-53.6666,53.6666,0
0,1,3,27,4.6667,4.6667,0,-53.6666,58.3334,0
0,1,2,27,4.6667,4.6667,0,-58.3334,58.3334,0
0,0,3,26,4.6667,4.6667,0,-53.6666,53.6666,0
0,1,2,27,4.6667,4.6667,0,-58.3334,58.3334,0
0,1,2,26,4.6667,4.6667,0,-58.3334,53.6666,0
0,1,2,25,4.6666,4.6667,0,-58.3334,49,0
0,1,3,25,4.6666,4.6667,0,-53.6666,49,0
0,1,4,25,4.6666,4.6666,0,-49,49,0
0,1,4,26,4.6667,4.6666,0,-49,53.6666,0
0,1,4,27,4.6667,4.6666,0,-49,58.3334,0
0,1,3,27,4.6667,4.6667,0,-53.6666,58.3334,0
0,0,4,26,4.6667,4.6666,0,-49,53.6666,0
0,1,3,27,4.6667,4.6667,0,-53.6666,58.3334,0
0,1,3,26,4.6667,4.6667,0,-53.6666,53.6666,0
0,1,3,25,4.6666,4.6667,0,-53.6666,49,0
0,1,4,25,4.6666,4.6666,0,-49,49,0
0,1,5,25,4.6666,4.6667,0,-44.3334,49,0
0,1,5,26,4.6667,4.6667,0,-44.3334,53.6666,0
0,1,5,27,4.6667,4.6667,0,-44.3334,58.3334,0
0,1,4,27,4.6667,4.6666,0,-49,58.3334,0
0,0,5,26,4.6667,4.6667,0,-44.3334,53.6666,0
0,1,4,27,4.6667,4.6666,0,-49,58.3334,0
0,1,4,26,4.6667,4.6666,0,-49,53.6666,0
0,1,4,25,4.6666,4.6666,0,-49,49,0
0,1,5,25,4.6666,4.6667,0,-44.3334,49,0
0,1,6,25,4.6666,4.6667,0,-39.6666,49,0
0,1,6,26,4.6667,4.6667,0,-39.6666,53.6666,0
0,1,6,27,4.6667,4.6667,0,-39.6666,58.3334,0
0,1,5,27,4.6667,4.6667,0,-44.3334,58.3334,0
0,0,6,26,4.6667,4.6667,0,-39.6666,53.6666,0
0,1,5,27,4.6667,4.6667,0,-44.3334,58.3334,0
0,1,5,26,4.6667,4.6667,0,-44.3334,53.6666,0
0,1,5,25,4.6666,4.6667,0,-44.3334,49,0
0,1,6,25,4.6666,4.6667,0,-39.6666,49,0
0,1,7,25,4.6666,4.6666,0,-35,49,0
0,1,7,26,4.6667,4.6666,0,-35,53.6666,0
0,1,7,27,4.6667,4.6666,0,-35,58.3334,0
0,1,6,27,4.6667,4.6667,0,-39.6666,58.3334,0
0,0,7,26,4.6667,4.6666,0,-35,53.6666,0
0,1,6,27,4.6667,4.6667,0,-39.6666,58.3334,0
0,1,6,26,4.6667,4.6667,0,-39.6666,53.6666,0
0,1,6,25,4.6666,4.6667,0,-39.6666,49,0
0,1,7,25,4.6666,4.6666,0,-35,49,0
0,1,8,25,4.6666,4.6667,0,-30.3333,49,0
0,1,8,26,4.6667,4.6667,0,-30.3333,53.6666,0
0,1,8,27,4.6667,4.6667,0,-30.3333,58.3334,0
0,1,7,27,4.6667,4.6666,0,-35,58.3334,0
0,0,8,26,4.6667,4.6667,0,-30.3333,53.6666,0
0,1,7,27,4.6667,4.6666,0,-35,58.3334,0
0,1,7,26,4.6667,4.6666,0,-35,53.6666,0
0,1,7,25,4.6666,4.6666,0,-35,49,0
0,1,8,25,4.6666,4.6667,0,-30.3333,49,0
0,1,9,25,4.6666,4.6667,0,-25.6666,49,0
0,1,9,26,4.6667,4.6667,0,-25.6666,53.6666,0
0,1,9,27,4.6667,4.6667,0,-25.6666,58.3334,0
0,1,8,27,4.6667,4.6667,0,-30.3333,58.3334,0
0,0,9,26,4.6667,4.6667,0,-25.6666,53.6666,0
0,1,8,27,4.6667,4.6667,0,-30.3333,58.3334,0
0,1,8,26,4.6667,4.6667,0,-30.3333,53.6666,0
0,1,8,25,4.6666,4.6667,0,-30.3333,49,0
0,1,9,25,4.6666,4.6667,0,-25.6666,49,0
0,1,10,25,4.6666,4.6666,0,-21,49,0
0,1,10,26,4.6667,4.6666,0,-21,53.6666,0
0,1,10,27,4.6667,4.6666,0,-21,58.3334,0
0,1,9,27,4.6667,4.6667,0,-25.6666,58.3334,0
0,0,10,26,4.6667,4.6666,0,-21,53.6666,0
0,1,9,27,4.6667,4.6667,0,-25.6666,58.3334,0
0,1,9,26,4.6667,4.6667,0,-25.6666,53.6666,0
0,1,9,25,4.6666,4.6667,0,-25.6666,49,0
0,1,10,25,4.6666,4.6666,0,-21,49,0
0,1,11,25,4.6666,4.6667,0,-16.3334,49,0
0,1,11,26,4.6667,4.6667,0,-16.3334,53.6666,0
0,1,11,27,4.6667,4.6667,0,-16.3334,58.3334,0
0,1,10,27,4.6667,4.6666,0,-21,58.3334,0
0,0,11,26,4.6667,4.6667,0,-16.3334,53.6666,0
0,1,10,27,4.6667,4.6666,0,-21,58.3334,0
0,1,10,26,4.6667,4.6666,0,-21,53.6666,0
0,1,10,25,4.6666,4.6666,0,-21,49,0
0,1,11,25,4.6666,4.6667,0,-16.3334,49,0
0,1,12,25,4.6666,4.66667,0,-11.6667,49,0
0,1,12,26,4.6667,4.66667,0,-11.6667,53.6666,0
0,1,12,27,4.6667,4.66667,0,-11.6667,58.3334,0
0,1,11,27,4.6667,4.6667,0,-16.3334,58.3334,0
0,0,12,26,4.6667,4.66667,0,-11.6667,53.6666,0
0,1,11,27,4.6667,4.6667,0,-16.3334,58.3334,0
0,1,11,26,4.6667,4.6667,0,-16.3334,53.6666,0
0,1,11,25,4.6666,4.6667,0,-16.3334,49,0
0,1,12,25,4.6666,4.66667,0,-11.6667,49,0
0,1,13,25,4.6666,4.66667,0,-7,49,0
0,1,13,26,4.6667,4.66667,0,-7,53.6666,0
0,1,13,27,4.6667,4.66667,0,-7,58.3334,0
0,1,12,27,4.6667,4.66667,0,-11.6667,58.3334,0
0,0,13,26,4.6667,4.66667,0,-7,53.6666,0
0,1,12,27,4.6667,4.66667,0,-11.6667,58.3334,0
0,1,12,26,4.6667,4.66667,0,-11.6667,53.6666,0
0,1,12,25,4.6666,4.66667,0,-11.6667,49,0
0,1,13,25,4.6666,4.66667,0,-7,49,0
0,1,14,25,4.6666,4.66666,0,-2.33333,49,0
0,1,14,26,4.6667,4.66666,0,-2.33333,53.6666,0
0,1,14,27,4.6667,4.66666,0,-2.33333,58.3334,0
0,1,13,27,4.6667,4.66667,0,-7,58.3334,0
0,0,14,26,4.6667,4.66666,0,-2.33333,53.6666,0
0,1,13,27,4.6667,4.66667,0,-7,58.3334,0
0,1,13,26,4.6667,4.66667,0,-7,53.6666,0
0,1,13,25,4.6666,4.66667,0,-7,49,0
0,1,14,25,4.6666,4.66666,0,-2.33333,49,0
0,1,15,25,4.6666,4.66667,0,2.33334,49,0
0,1,15,26,4.6667,4.66667,0,2.33334,53.6666,0
0,1,15,27,4.6667,4.66667,0,2.33334,58.3334,0
0,1,14,27,4.6667,4.66666,0,-2.33333,58.3334,0
0,0,15,26,4.6667,4.66667,0,2.33334,53.6666,0
0,1,14,27,4.6667,4.66666,0,-2.33333,58.3334,0
0,1,14,26,4.6667,4.66666,0,-2.33333,53.6666,0
0,1,14,25,4.6666,4.66666,0,-2.33333,49,0
0,1,15,25,4.6666,4.66667,0,2.33334,49,0
0,1,16,25,4.6666,4.66667,0,7,49,0
0,1,16,26,4.6667,4.66667,0,7,53.6666,0
0,1,16,27,4.6667,4.66667,0,7,58.3334,0
0,1,15,27,4.6667,4.66667,0,2.33334,58.3334,0
0,0,16,26,4.6667,4.66667,0,7,53.6666,0
0,1,15,27,4.6667,4.66667,0,2.33334,58.3334,0
0,1,15,26,4.6667,4.66667,0,2.33334,53.6666,0
0,1,15,25,4.6666,4.66667,0,2.33334,49,0
0,1,16,25,4.6666,4.66667,0,7,49,0
0,1,17,25,4.6666,4.66666,0,11.6667,49,0
0,1,17,26,4.6667,4.66666,0,11.6667,53.6666,0
0,1,17,27,4.6667,4.66666,0,11.6667,58.3334,0
0,1,16,27,4.6667,4.66667,0,7,58.3334,0
0,0,17,26,4.6667,4.66666,0,11.6667,53.6666,0
0,1,16,27,4.6667,4.66667,0,7,58.3334,0
0,1,16,26,4.6667,4.66667,0,7,53.6666,0
0,1,16,25,4.6666,4.66667,0,7,49,0
0,1,17,25,4.6666,4.66666,0,11.6667,49,0
0,1,18,25,4.6666,4.6667,0,16.3334,49,0
0,1,18,26,4.6667,4.6667,0,16.3334,53.6666,0
0,1,18,27,4.6667,4.6667,0,16.3334,58.3334,0
0,1,17,27,4.6667,4.66666,0,11.6667,58.3334,0
0,0,18,26,4.6667,4.6667,0,16.3334,53.6666,0
0,1,17,27,4.6667,4.66666,0,11.6667,58.3334,0
0,1,17,26,4.6667,4.66666,0,11.6667,53.6666,0
0,1,17,25,4.6666,4.66666,0,11.6667,49,0
0,1,18,25,4.6666,4.6667,0,16.3334,49,0
0,1,19,25,4.6666,4.6666,0,21,49,0
0,1,19,26,4.6667,4.6666,0,21,53.6666,0
0,1,19,27,4.6667,4.6666,0,21,58.3334,0
0,1,18,27,4.6667,4.6667,0,16.3334,58.3334,0
0,0,19,26,4.6667,4.6666,0,21,53.6666,0
0,1,18,27,4.6667,4.6667,0,16.3334,58.3334,0
0,1,18,26,4.6667,4.6667,0,16.3334,53.6666,0
0,1,18,25,4.6666,4.6667,0,16.3334,49,0
0,1,19,25,4.6666,4.6666,0,21,49,0
0,1,20,25,4.6666,4.6667,0,25.6666,49,0
0,1,20,26,4.6667,4.6667,0,25.6666,53.6666,0
0,1,20,27,4.6667,4.6667,0,25.6666,58.3334,0
0,1,19,27,4.6667,4.6666,0,21,58.3334,0
0,0,20,26,4.6667,4.6667,0,25.6666,53.6666,0
0,1,19,27,4.6667,4.6666,0,21,58.3334,0
0,1,19,26,4.6667,4.6666,0,21,53.6666,0
0,1,19,25,4.6666,4.6666,0,21,49,0
0,1,20,25,4.6666,4.6667,0,25.6666,49,0
0,1,21,25,4.6666,4.6667,0,30.3333,49,0
0,1,21,26,4.6667,4.6667,0,30.3333,53.6666,0
0,1,21,27,4.6667,4.6667,0,30.3333,58.3334,0
0,1,20,27,4.6667,4.6667,0,25.6666,58.3334,0
0,0,21,26,4.6667,4.6667,0,30.3333,53.6666,0
0,1,20,27,4.6667,4.6667,0,25.6666,58.3334,0
0,1,20,26,4.6667,4.6667,0,25.6666,53.6666,0
0,1,20,25,4.6666,4.6667,0,25.6666,49,0
0,1,21,25,4.6666,4.6667,0,30.3333,49,0
0,1,22,25,4.6666,4.6666,0,35,49,0
0,1,22,26,4.6667,4.6666,0,35,53.6666,0
0,1,22,27,4.6667,4.6666,0,35,58.3334,0
0,1,21,27,4.6667,4.6667,0,30.3333,58.3334,0
0,0,22,26,4.6667,4.6666,0,35,53.6666,0
0,1,21,27,4.6667,4.6667,0,30.3333,58.3334,0
0,1,21,26,4.6667,4.6667,0,30.3333,53.6666,0
0,1,21,25,4.6666,4.6667,0,30.3333,49,0
0,1,22,25,4.6666,4.6666,0,35,49,0
0,1,23,25,4.6666,4.6667,0,39.6666,49,0
0,1,23,26,4.6667,4.6667,0,39.6666,53.6666,0
0,1,23,27,4.6667,4.6667,0,39.6666,58.3334,0
0,1,22,27,4.6667,4.6666,0,35,58.3334,0
0,0,23,26,4.6667,4.6667,0,39.6666,53.6666,0
0,1,22,27,4.6667,4.6666,0,35,58.3334,0
0,1,22,26,4.6667,4.6666,0,35,53.6666,0
0,1,22,25,4.6666,4.6666,0,35,49,0
0,1,23,25,4.6666,4.6667,0,39.6666,49,0
0,1,24,25,4.6666,4.6667,0,44.3334,49,0
0,1,24,26,4.6667,4.6667,0,44.3334,53.6666,0
0,1,24,27,4.6667,4.6667,0,44.3334,58.3334,0
0,1,23,27,4.6667,4.6667,0,39.6666,58.3334,0
0,0,24,26,4.6667,4.6667,0,44.3334,53.6666,0
0,1,23,27,4.6667,4.6667,0,39.6666,58.3334,0
0,1,23,26,4.6667,4.6667,0,39.6666,53.6666,0
0,1,23,25,4.6666,4.6667,0,39.6666,49,0
0,1,24,25,4.6666,4.6667,0,44.3334,49,0
0,1,25,25,4.6666,4.6666,0,49,49,0
0,1,25,26,4.6667,4.6666,0,49,53.6666,0
0,1,25,27,4.6667,4.6666,0,49,58.3334,0
0,1,24,27,4.6667,4.6667,0,44.3334,58.3334,0
0,0,25,26,4.6667,4.6666,0,49,53.6666,0
0,1,24,27,4.6667,4.6667,0,44.3334,58.3334,0
0,1,24,26,4.6667,4.6667,0,44.3334,53.6666,0
0,1,24,25,4.6666,4.6667,0,44.3334,49,0
0,1,25,25,4.6666,4.6666,0,49,49,0
0,1,26,25,4.6666,4.6667,0,53.6666,49,0
0,1,26,26,4.6667,4.6667,0,53.6666,53.6666,0
0,1,26,27,4.6667,4.6667,0,53.6666,58.3334,0
0,1,25,27,4.6667,4.6666,0,49,58.3334,0
0,0,26,26,4.6667,4.6667,0,53.6666,53.6666,0
0,1,25,27,4.6667,4.6666,0,49,58.3334,0
0,1,25,26,4.6667,4.6666,0,49,53.6666,0
0,1,25,25,4.6666,4.6666,0,49,49,0
0,1,26,25,4.6666,4.6667,0,53.6666,49,0
0,1,27,25,4.6666,4.6667,0,58.3334,49,0
0,1,27,26,4.6667,4.6667,0,58.3334,53.6666,0
0,1,27,27,4.6667,4.6667,0,58.3334,58.3334,0
0,1,26,27,4.6667,4.6667,0,53.6666,58.3334,0
0,0,27,26,4.6667,4.6667,0,58.3334,53.6666,0
0,1,26,27,4.6667,4.6667,0,53.6666,58.3334,0
0,1,26,26,4.6667,4.6667,0,53.6666,53.6666,0
0,1,26,25,4.6666,4.6667,0,53.6666,49,0
0,1,27,25,4.6666,4.6667,0,58.3334,49,0
0,1,28,25,4.6666,4.6666,0,63,49,0
0,1,28,26,4.6667,4.6666,0,63,53.6666,0
0,1,28,27,4.6667,4.6666,0,63,58.3334,0
0,1,27,27,4.6667,4.6667,0,58.3334,58.3334,0
0,0,28,26,4.6667,4.6666,0,63,53.6666,0
0,1,27,27,4.6667,4.6667,0,58.3334,58.3334,0
0,1,27,26,4.6667,4.6667,0,58.3334,53.6666,0
0,1,27,25,4.6666,4.6667,0,58.3334,49,0
0,1,28,25,4.6666,4.6666,0,63,49,0
0,1,29,25,4.6666,4.6667,0,67.6666,49,0
0,1,29,26,4.6667,4.6667,0,67.6666,53.6666,0
0,1,29,27,4.6667,4.6667,0,67.6666,58.3334,0
0,1,28,27,4.6667,4.6666,0,63,58.3334,0
0,0,29,26,4.6667,4.6667,0,67.6666,53.6666,0
0,1,28,27,4.6667,4.6666,0,63,58.3334,0
0,1,28,26,4.6667,4.6666,0,63,53.6666,0
0,1,28,25,4.6666,4.6666,0,63,49,0
0,1,29,25,4.6666,4.6667,0,67.6666,49,0
1,1,0,0,0,0,0,0,0,0
1,1,0,0,0,0,0,0,0,0
1,1,0,0,0,0,0,0,0,0
0,1,29,27,4.6667,4.6667,0,67.6666,58.3334,0
0,0,0,27,4.6667,4.6667,0,-67.6666,58.3334,0
1,1,0,0,0,0,0,0,0,0
1,1,0,0,0,0,0,0,0,0
1,1,0,0,0,0,0,0,0,0
0,1,0,26,4.6667,4.6667,0,-67.6666,53.6666,0
0,1,1,26,4.6667,4.6666,0,-63,53.6666,0
0,1,1,27,4.6667,4.6666,0,-63,58.3334,0
0,1,1,28,4.6666,4.6666,0,-63,63,0
0,1,0,28,4.6666,4.6667,0,-67.6666,63,0
0,0,1,27,4.6667,4.6666,0,-63,58.3334,0
0,1,0,28,4.6666,4.6667,0,-67.6666,63,0
0,1,0,27,4.6667,4.6667,0,-67.6666,58.3334,0
0,1,0,26,4.6667,4.6667,0,-67.6666,53.6666,0
0,1,1,26,4.6667,4.6666,0,-63,53.6666,0
0,1,2,26,4.6667,4.6667,0,-58.3334,53.6666,0
0,1,2,27,4.6667,4.6667,0,-58.3334,58.3334,0
0,1,2,28,4.6666,4.6667,0,-58.3334,63,0
0,1,1,28,4.6666,4.6666,0,-63,63,0
0,0,2,27,4.6667,4.6667,0,-58.3334,58.3334,0
0,1,1,28,4.6666,4.6666,0,-63,63,0
0,1,1,27,4.6667,4.6666,0,-63,58.3334,0
0,1,1,26,4.6667,4.6666,0,-63,53.6666,0
0,1,2,26,4.6667,4.6667,0,-58.3334,53.6666,0
0,1,3,26,4.6667,4.6667,0,-53.6666,53.6666,0
0,1,3,27,4.6667,4.6667,0,-53.6666,58.3334,0
0,1,3,28,4.6666,4.6667,0,-53.6666,63,0
0,1,2,28,4.6666,4.6667,0,-58.3334,63,0
0,0,3,27,4.6667,4.6667,0,-53.6666,58.3334,0
0,1,2,28,4.6666,4.6667,0,-58.3334,63,0
0,1,2,27,4.6667,4.6667,0,-58.3334,58.3334,0
0,1,2,26,4.6667,4.6667,0,-58.3334,53.6666,0
0,1,3,26,4.6667,4.6667,0,-53.6666,53.6666,0
0,1,4,26,4.6667,4.6666,0,-49,53.6666,0
0,1,4,27,4.6667,4.6666,0,-49,58.3334,0
0,1,4,28,4.6666,4.6666,0,-49,63,0
0,1,3,28,4.6666,4.6667,0,-53.6666,63,0
0,0,4,27,4.6667,4.6666,0,-49,58.3334,0
0,1,3,28,4.6666,4.6667,0,-53.6666,63,0
0,1,3,27,4.6667,4.6667,0,-53.6666,58.3334,0
0,1,3,26,4.6667,4.6667,0,-53.6666,53.6666,0
0,1,4,26,4.6667,4.6666,0,-49,53.6666,0
0,1,5,26,4.6667,4.6667,0,-44.3334,53.6666,0
0,1,5,27,4.6667,4.6667,0,-44.3334,58.3334,0
0,1,5,28,4.6666,4.6667,0,-44.3334,63,0
0,1,4,28,4.6666,4.6666,0,-49,63,0
0,0,5,27,4.6667,4.6667,0,-44.3334,58.3334,0
0,1,4,28,4.6666,4.6666,0,-49,63,0
0,1,4,27,4.6667,4.6666,0,-49,58.3334,0
0,1,4,26,4.6667,4.6666,0,-49,53.6666,0
0,1,5,26,4.6667,4.6667,0,-44.3334,53.6666,0
0,1,6,26,4.6667,4.6667,0,-39.6666,53.6666,0
0,1,6,27,4.6667,4.6667,0,-39.6666,58.3334,0
0,1,6,28,4.6666,4.6667,0,-39.6666,63,0
0,1,5,28,4.6666,4.6667,0,-44.3334,63,0
0,0,6,27,4.6667,4.6667,0,-39.6666,58.3334,0
0,1,5,28,4.6666,4.6667,0,-44.3334,63,0
0,1,5,27,4.6667,4.6667,0,-44.3334,58.3334,0
0,1,5,26,4.6667,4.6667,0,-44.3334,53.6666,0
0,1,6,26,4.6667,4.6667,0,-39.6666,53.6666,0
0,1,7,26,4.6667,4.6666,0,-35,53.6666,0
0,1,7,27,4.6667,4.6666,0,-35,58.3334,0
0,1,7,28,4.6666,4.6666,0,-35,63,0
0,1,6,28,4.6666,4.6667,0,-39.6666,63,0
0,0,7,27,4.6667,4.6666,0,-35,58.3334,0
0,1,6,28,4.6666,4.6667,0,-39.6666,63,0
0,1,6,27,4.6667,4.6667,0,-39.6666,58.3334,0
0,1,6,26,4.6667,4.6667,0,-39.6666,53.6666,0
0,1,7,26,4.6667,4.6666,0,-35,53.6666,0
0,1,8,26,4.6667,4.6667,0,-30.3333,53.6666,0
0,1,8,27,4.6667,4.6667,0,-30.3333,58.3334,0
0,1,8,28,4.6666,4.6667,0,-30.3333,63,0
0,1,7,28,4.6666,4.6666,0,-35,63,0
0,0,8,27,4.6667,4.6667,0,-30.3333,58.3334,0
0,1,7,28,4.6666,4.6666,0,-35,63,0
0,1,7,27,4.6667,4.6666,0,-35,58.3334,0
0,1,7,26,4.6667,4.6666,0,-35,53.6666,0
0,1,8,26,4.6667,4.6667,0,-30.3333,53.6666,0
0,1,9,26,4.6667,4.6667,0,-25.6666,53.6666,0
0,1,9,27,4.6667,4.6667,0,-25.6666,58.3334,0
0,1,9,28,4.6666,4.6667,0,-25.6666,63,0
0,1,8,28,4.6666,4.6667,0,-30.3333,63,0
0,0,9,27,4.6667,4.6667,0,-25.6666,58.3334,0
0,1,8,28,4.6666,4.6667,0,-30.3333,63,0
0,1,8,27,4.6667,4.6667,0,-30.3333,58.3334,0
0,1,8,26,4.6667,4.6667,0,-30.3333,53.6666,0
0,1,9,26,4.6667,4.6667,0,-25.6666,53.6666,0
0,1,10,26,4.6667,4.6666,0,-21,53.6666,0
0,1,10,27,4.6667,4.6666,0,-21,58.3334,0
0,1,10,28,4.6666,4.6666,0,-21,63,0
0,1,9,28,4.6666,4.6667,0,-25.6666,63,0
0,0,10,27,4.6667,4.6666,0,-21,58.3334,0
0,1,9,28,4.6666,4.6667,0,-25.6666,63,0
0,1,9,27,4.6667,4.6667,0,-25.6666,58.3334,0
0,1,9,26,4.6667,4.6667,0,-25.6666,53.6666,0
0,1,10,26,4.6667,4.6666,0,-21,53.6666,0
0,1,11,26,4.6667,4.6667,0,-16.3334,53.6666,0
0,1,11,27,4.6667,4.6667,0,-16.3334,58.3334,0
0,1,11,28,4.6666,4.6667,0,-16.3334,63,0
0,1,10,28,4.6666,4.6666,0,-21,63,0
0,0,11,27,4.6667,4.6667,0,-16.3334,58.3334,0
0,1,10,28,4.6666,4.6666,0,-21,63,0
0,1,10,27,4.6667,4.6666,0,-21,58.3334,0
0,1,10,26,4.6667,4.6666,0,-21,53.6666,0
0,1,11,26,4.6667,4.6667,0,-16.3334,53.6666,0
0,1,12,26,4.6667,4.66667,0,-11.6667,53.6666,0
0,1,12,27,4.6667,4.66667,0,-11.6667,58.3334,0
0,1,12,28,4.6666,4.66667,0,-11.6667,63,0
0,1,11,28,4.6666,4.6667,0,-16.3334,63,0
0,0,12,27,4.6667,4.66667,0,-11.6667,58.3334,0
0,1,11,28,4.6666,4.6667,0,-16.3334,63,0
0,1,11,27,4.6667,4.6667,0,-16.3334,58.3334,0
0,1,11,26,4.6667,4.6667,0,-16.3334,53.6666,0
0,1,12,26,4.6667,4.66667,0,-11.6667,53.6666,0
0,1,13,26,4.6667,4.66667,0,-7,53.6666,0
0,1,13,27,4.6667,4.66667,0,-7,58.3334,0
0,1,13,28,4.6666,4.66667,0,-7,63,0
0,1,12,28,4.6666,4.66667,0,-11.6667,63,0
0,0,13,27,4.6667,4.66667,0,-7,58.3334,0
0,1,12,28,4.6666,4.66667,0,-11.6667,63,0
0,1,12,27,4.6667,4.66667,0,-11.6667,58.3334,0
0,1,12,26,4.6667,4.66667,0,-11.6667,53.6666,0
0,1,13,26,4.6667,4.66667,0,-7,53.6666,0
0,1,14,26,4.6667,4.66666,0,-2.33333,53.6666,0
0,1,14,27,4.6667,4.66666,0,-2.33333,58.3334,0
0,1,14,28,4.6666,4.66666,0,-2.33333,63,0
0,1,13,28,4.6666,4.66667,0,-7,63,0
0,0,14,27,4.6667,4.66666,0,-2.33333,58.3334,0
0,1,13,28,4.6666,4.66667,0,-7,63,0
0,1,13,27,4.6667,4.66667,0,-7,58.3334,0
0,1,13,26,4.6667,4.66667,0,-7,53.6666,0
0,1,14,26,4.6667,4.66666,0,-2.33333,53.6666,0
0,1,15,26,4.6667,4.66667,0,2.33334,53.6666,0
0,1,15,27,4.6667,4.66667,0,2.33334,58.3334,0
0,1,15,28,4.6666,4.66667,0,2.33334,63,0
0,1,14,28,4.6666,4.66666,0,-2.33333,63,0
0,0,15,27,4.6667,4.66667,0,2.33334,58.3334,0
0,1,14,28,4.6666,4.66666,0,-2.33333,63,0
0,1,14,27,4.6667,4.66666,0,-2.33333,58.3334,0
0,1,14,26,4.6667,4.66666,0,-2.33333,53.6666,0
0,1,15,26,4.6667,4.66667,0,2.33334,53.6666,0
0,1,16,26,4.6667,4.66667,0,7,53.6666,0
0,1,16,27,4.6667,4.66667,0,7,58.3334,0
0,1,16,28,4.6666,4.66667,0,7,63,0
0,1,15,28,4.6666,4.66667,0,2.33334,63,0
0,0,16,27,4.6667,4.66667,0,7,58.3334,0
0,1,15,28,4.6666,4.66667,0,2.33334,63,0
0,1,15,27,4.6667,4.66667,0,2.33334,58.3334,0
0,1,15,26,4.6667,4.66667,0,2.33334,53.6666,0
0,1,16,26,4.6667,4.66667,0,7,53.6666,0
0,1,17,26,4.6667,4.66666,0,11.6667,53.6666,0
0,1,17,27,4.6667,4.66666,0,11.6667,58.3334,0
0,1,17,28,4.6666,4.66666,0,11.6667,63,0
0,1,16,28,4.6666,4.66667,0,7,63,0
0,0,17,27,4.6667,4.66666,0,11.6667,58.3334,0
0,1,16,28,4.6666,4.66667,0,7,63,0
0,1,16,27,4.6667,4.66667,0,7,58.3334,0
0,1,16,26,4.6667,4.66667,0,7,53.6666,0
0,1,17,26,4.6667,4.66666,0,11.6667,53.6666,0
0,1,18,26,4.6667,4.6667,0,16.3334,53.6666,0
0,1,18,27,4.6667,4.6667,0,16.3334,58.3334,0
0,1,18,28,4.6666,4.6667,0,16.3334,63,0
0,1,17,28,4.6666,4.66666,0,11.6667,63,0
0,0,18,27,4.6667,4.6667,0,16.3334,58.3334,0
0,1,17,28,4.6666,4.66666,0,11.6667,63,0
0,1,17,27,4.6667,4.66666,0,11.6667,58.3334,0
0,1,17,26,4.6667,4.66666,0,11.6667,53.6666,0
0,1,18,26,4.6667,4.6667,0,16.3334,53.6666,0
0,1,19,26,4.6667,4.6666,0,21,53.6666,0
0,1,19,27,4.6667,4.6666,0,21,58.3334,0
0,1,19,28,4.6666,4.6666,0,21,63,0
0,1,18,28,4.6666,4.6667,0,16.3334,63,0
0,0,19,27,4.6667,4.6666,0,21,58.3334,0
0,1,18,28,4.6666,4.6667,0,16.3334,63,0
0,1,18,27,4.6667,4.6667,0,16.3334,58.3334,0
0,1,18,26,4.6667,4.6667,0,16.3334,53.6666,0
0,1,19,26,4.6667,4.6666,0,21,53.6666,0
0,1,20,26,4.6667,4.6667,0,25.6666,53.6666,0
0,1,20,27,4.6667,4.6667,0,25.6666,58.3334,0
0,1,20,28,4.6666,4.6667,0,25.6666,63,0
0,1,19,28,4.6666,4.6666,0,21,63,0
0,0,20,27,4.6667,4.6667,0,25.6666,58.3334,0
0,1,19,28,4.6666,4.6666,0,21,63,0
0,1,19,27,4.6667,4.6666,0,21,58.3334,0
0,1,19,26,4.6667,4.6666,0,21,53.6666,0
0,1,20,26,4.6667,4.6667,0,25.6666,53.6666,0
0,1,21,26,4.6667,4.6667,0,30.3333,53.6666,0
0,1,21,27,4.6667,4.6667,0,30.3333,58.3334,0
0,1,21,28,4.6666,4.6667,0,30.3333,63,0
0,1,20,28,4.6666,4.6667,0,25.6666,63,0
0,0,21,27,4.6667,4.6667,0,30.3333,58.3334,0
0,1,20,28,4.6666,4.6667,0,25.6666,63,0
0,1,20,27,4.6667,4.6667,0,25.6666,58.3334,0
0,1,20,26,4.6667,4.6667,0,25.6666,53.6666,0
0,1,21,26,4.6667,4.6667,0,30.3333,53.6666,0
0,1,22,26,4.6667,4.6666,0,35,53.6666,0
0,1,22,27,4.6667,4.6666,0,35,58.3334,0
0,1,22,28,4.6666,4.6666,0,35,63,0
0,1,21,28,4.6666,4.6667,0,30.3333,63,0
0,0,22,27,4.6667,4.6666,0,35,58.3334,0
0,1,21,28,4.6666,4.6667,0,30.3333,63,0
0,1,21,27,4.6667,4.6667,0,30.3333,58.3334,0
0,1,21,26,4.6667,4.6667,0,30.3333,53.6666,0
0,1,22,26,4.6667,4.6666,0,35,53.6666,0
0,1,23,26,4.6667,4.6667,0,39.6666,53.6666,0
0,1,23,27,4.6667,4.6667,0,39.6666,58.3334,0
0,1,23,28,4.6666,4.6667,0,39.6666,63,0
0,1,22,28,4.6666,4.6666,0,35,63,0
0,0,23,27,4.6667,4.6667,0,39.6666,58.3334,0
0,1,22,28,4.6666,4.6666,0,35,63,0
0,1,22,27,4.6667,4.6666,0,35,58.3334,0
0,1,22,26,4.6667,4.6666,0,35,53.6666,0
0,1,23,26,4.6667,4.6667,0,39.6666,53.6666,0
0,1,24,26,4.6667,4.6667,0,44.3334,53.6666,0
0,1,24,27,4.6667,4.6667,0,44.3334,58.3334,0
0,1,24,28,4.6666,4.6667,0,44.3334,63,0
0,1,23,28,4.6666,4.6667,0,39.6666,63,0
0,0,24,27,4.6667,4.6667,0,44.3334,58.3334,0
0,1,23,28,4.6666,4.6667,0,39.6666,63,0
0,1,23,27,4.6667,4.6667,0,39.6666,58.3334,0
0,1,23,26,4.6667,4.6667,0,39.6666,53.6666,0
0,1,24,26,4.6667,4.6667,0,44.3334,53.6666,0
0,1,25,26,4.6667,4.6666,0,49,53.6666,0
0,1,25,27,4.6667,4.6666,0,49,58.3334,0
0,1,25,28,4.6666,4.6666,0,49,63,0
0,1,24,28,4.6666,4.6667,0,44.3334,63,0
0,0,25,27,4.6667,4.6666,0,49,58.3334,0
0,1,24,28,4.6666,4.6667,0,44.3334,63,0
0,1,24,27,4.6667,4.6667,0,44.3334,58.3334,0
0,1,24,26,4.6667,4.6667,0,44.3334,53.6666,0
0,1,25,26,4.6667,4.6666,0,49,53.6666,0
0,1,26,26,4.6667,4.6667,0,53.6666,53.6666,0
0,1,26,27,4.6667,4.6667,0,53.6666,58.3334,0
0,1,26,28,4.6666,4.6667,0,53.6666,63,0
0,1,25,28,4.6666,4.6666,0,49,63,0
0,0,26,27,4.6667,4.6667,0,53.6666,58.3334,0
0,1,25,28,4.6666,4.6666,0,49,63,0
0,1,25,27,4.6667,4.6666,0,49,58.3334,0
0,1,25,26,4.6667,4.6666,0,49,53.6666,0
0,1,26,26,4.6667,4.6667,0,53.6666,53.6666,0
0,1,27,26,4.6667,4.6667,0,58.3334,53.6666,0
0,1,27,27,4.6667,4.6667,0,58.3334,58.3334,0
0,1,27,28,4.6666,4.6667,0,58.3334,63,0
0,1,26,28,4.6666,4.6667,0,53.6666,63,0
0,0,27,27,4.6667,4.6667,0,58.3334,58.3334,0
0,1,26,28,4.6666,4.6667,0,53.6666,63,0
0,1,26,27,4.6667,4.6667,0,53.6666,58.3334,0
0,1,26,26,4.6667,4.6667,0,53.6666,53.6666,0
0,1,27,26,4.6667,4.6667,0,58.3334,53.6666,0
0,1,28,26,4.6667,4.6666,0,63,53.6666,0
0,1,28,27,4.6667,4.6666,0,63,58.3334,0
0,1,28,28,4.6666,4.6666,0,63,63,0
0,1,27,28,4.6666,4.6667,0,58.3334,63,0
0,0,28,27,4.6667,4.6666,0,63,58.3334,0
0,1,27,28,4.6666,4.6667,0,58.3334,63,0
0,1,27,27,4.6667,4.6667,0,58.3334,58.3334,0
0,1,27,26,4.6667,4.6667,0,58.3334,53.6666,0
0,1,28,26,4.6667,4.6666,0,63,53.6666,0
0,1,29,26,4.6667,4.6667,0,67.6666,53.6666,0
0,1,29,27,4.6667,4.6667,0,67.6666,58.3334,0
0,1,29,28,4.6666,4.6667,0,67.6666,63,0
0,1,28,28,4.6666,4.6666,0,63,63,0
0,0,29,27,4.6667,4.6667,0,67.6666,58.3334,0
0,1,28,28,4.6666,4.6666,0,63,63,0
0,1,28,27,4.6667,4.6666,0,63,58.3334,0
0,1,28,26,4.6667,4.6666,0,63,53.6666,0
0,1,29,26,4.6667,4.6667,0,67.6666,53.6666,0
1,1,0,0,0,0,0,0,0,0
1,1,0,0,0,0,0,0,0,0
1,1,0,0,0,0,0,0,0,0
0,1,29,28,4.6666,4.6667,0,67.6666,63,0
0,0,0,28,4.6666,4.6667,0,-67.6666,63,0
1,1,0,0,0,0,0,0,0,0
1,1,0,0,0,0,0,0,0,0
1,1,0,0,0,0,0,0,0,0
0,1,0,27,4.6667,4.6667,0,-67.6666,58.3334,0
0,1,1,27,4.6667,4.6666,0,-63,58.3334,0
0,1,1,28,4.6666,4.6666,0,-63,63,0
0,1,1,29,4.6667,4.6666,0,-63,67.6666,0
0,1,0,29,4.6667,4.6667,0,-67.6666,67.6666,0
0,0,1,28,4.6666,4.6666,0,-63,63,0
0,1,0,29,4.6667,4.6667,0,-67.6666,67.6666,0
0,1,0,28,4.6666,4.6667,0,-67.6666,63,0
0,1,0,27,4.6667,4.6667,0,-67.6666,58.3334,0
0,1,1,27,4.6667,4.6666,0,-63,58.3334,0
0,1,2,27,4.6667,4.6667,0,-58.3334,58.3334,0
0,1,2,28,4.6666,4.6667,0,-58.3334,63,0
0,1,2,29,4.6667,4.6667,0,-58.3334,67.6666,0
0,1,1,29,4.6667,4.6666,0,-63,67.6666,0
0,0,2,28,4.6666,4.6667,0,-58.3334,63,0
0,1,1,29,4.6667,4.6666,0,-63,67.6666,0
0,1,1,28,4.6666,4.6666,0,-63,63,0
0,1,1,27,4.6667,4.6666,0,-63,58.3334,0
0,1,2,27,4.6667,4.6667,0,-58.3334,58.3334,0
0,1,3,27,4.6667,4.6667,0,-53.6666,58.3334,0
0,1,3,28,4.6666,4.6667,0,-53.6666,63,0
0,1,3,29,4.6667,4.6667,0,-53.6666,67.6666,0
0,1,2,29,4.6667,4.6667,0,-58.3334,67.6666,0
0,0,3,28,4.6666,4.6667,0,-53.6666,63,0
0,1,2,29,4.6667,4.6667,0,-58.3334,67.6666,0
0,1,2,28,4.6666,4.6667,0,-58.3334,63,0
0,1,2,27,4.6667,4.6667,0,-58.3334,58.3334,0
0,1,3,27,4.6667,4.6667,0,-53.6666,58.3334,0
0,1,4,27,4.6667,4.6666,0,-49,58.3334,0
0,1,4,28,4.6666,4.6666,0,-49,63,0
0,1,4,29,4.6667,4.6666,0,-49,67.6666,0
0,1,3,29,4.6667,4.6667,0,-53.6666,67.6666,0
0,0,4,28,4.6666,4.6666,0,-49,63,0
0,1,3,29,4.6667,4.6667,0,-53.6666,67.6666,0
0,1,3,28,4.6666,4.6667,0,-53.6666,63,0
0,1,3,27,4.6667,4.6667,0,-53.6666,58.3334,0
0,1,4,27,4.6667,4.6666,0,-49,58.3334,0
0,1,5,27,4.6667,4.6667,0,-44.3334,58.3334,0
0,1,5,28,4.6666,4.6667,0,-44.3334,63,0
0,1,5,29,4.6667,4.6667,0,-44.3334,67.6666,0
0,1,4,29,4.6667,4.6666,0,-49,67.6666,0
0,0,5,28,4.6666,4.6667,0,-44.3334,63,0
0,1,4,29,4.6667,4.6666,0,-49,67.6666,0
0,1,4,28,4.6666,4.6666,0,-49,63,0
0,1,4,27,4.6667,4.6666,0,-49,58.3334,0
0,1,5,27,4.6667,4.6667,0,-44.3334,58.3334,0
0,1,6,27,4.6667,4.6667,0,-39.6666,58.3334,0
0,1,6,28,4.6666,4.6667,0,-39.6666,63,0
0,1,6,29,4.6667,4.6667,0,-39.6666,67.6666,0
0,1,5,29,4.6667,4.6667,0,-44.3334,67.6666,0
0,0,6,28,4.6666,4.6667,0,-39.6666,63,0
0,1,5,29,4.6667,4.6667,0,-44.3334,67.6666,0
0,1,5,28,4.6666,4.6667,0,-44.3334,63,0
0,1,5,27,4.6667,4.6667,0,-44.3334,58.3334,0
0,1,6,27,4.6667,4.6667,0,-39.6666,58.3334,0
0,1,7,27,4.6667,4.6666,0,-35,58.3334,0
0,1,7,28,4.6666,4.6666,0,-35,63,0
0,1,7,29,4.6667,4.6666,0,-35,67.6666,0
0,1,6,29,4.6667,4.6667,0,-39.6666,67.6666,0
0,0,7,28,4.6666,4.6666,0,-35,63,0
0,1,6,29,4.6667,4.6667,0,-39.6666,67.6666,0
0,1,6,28,4.6666,4.6667,0,-39.6666,63,0
0,1,6,27,4.6667,4.6667,0,-39.6666,58.3334,0
0,1,7,27,4.6667,4.6666,0,-35,58.3334,0
0,1,8,27,4.6667,4.6667,0,-30.3333,58.3334,0
0,1,8,28,4.6666,4.6667,0,-30.3333,63,0
0,1,8,29,4.6667,4.6667,0,-30.3333,67.6666,0
0,1,7,29,4.6667,4.6666,0,-35,67.6666,0
0,0,8,28,4.6666,4.6667,0,-30.3333,63,0
0,1,7,29,4.6667,4.6666,0,-35,67.6666,0
0,1,7,28,4.6666,4.6666,0,-35,63,0
0,1,7,27,4.6667,4.6666,0,-35,58.3334,0
0,1,8,27,4.6667,4.6667,0,-30.3333,58.3334,0
0,1,9,27,4.6667,4.6667,0,-25.6666,58.3334,0
0,1,9,28,4.6666,4.6667,0,-25.6666,63,0
0,1,9,29,4.6667,4.6667,0,-25.6666,67.6666,0
0,1,8,29,4.6667,4.6667,0,-30.3333,67.6666,0
0,0,9,28,4.6666,4.6667,0,-25.6666,63,0
0,1,8,29,4.6667,4.6667,0,-30.3333,67.6666,0
0,1,8,28,4.6666,4.6667,0,-30.3333,63,0
0,1,8,27,4.6667,4.6667,0,-30.3333,58.3334,0
0,1,9,27,4.6667,4.6667,0,-25.6666,58.3334,0
0,1,10,27,4.6667,4.6666,0,-21,58.3334,0
0,1,10,28,4.6666,4.6666,0,-21,63,0
0,1,10,29,4.6667,4.6666,0,-21,67.6666,0
0,1,9,29,4.6667,4.6667,0,-25.6666,67.6666,0
0,0,10,28,4.6666,4.6666,0,-21,63,0
0,1,9,29,4.6667,4.6667,0,-25.6666,67.6666,0
0,1,9,28,4.6666,4.6667,0,-25.6666,63,0
0,1,9,27,4.6667,4.6667,0,-25.6666,58.3334,0
0,1,10,27,4.6667,4.6666,0,-21,58.3334,0
0,1,11,27,4.6667,4.6667,0,-16.3334,58.3334,0
0,1,11,28,4.6666,4.6667,0,-16.3334,63,0
0,1,11,29,4.6667,4.6667,0,-16.3334,67.6666,0
0,1,10,29,4.6667,4.6666,0,-21,67.6666,0
0,0,11,28,4.6666,4.6667,0,-16.3334,63,0
0,1,10,29,4.6667,4.6666,0,-21,67.6666,0
0,1,10,28,4.6666,4.6666,0,-21,63,0
0,1,10,27,4.6667,4.6666,0,-21,58.3334,0
0,1,11,27,4.6667,4.6667,0,-16.3334,58.3334,0
0,1,12,27,4.6667,4.66667,0,-11.6667,58.3334,0
0,1,12,28,4.6666,4.66667,0,-11.6667,63,0
0,1,12,29,4.6667,4.66667,0,-11.6667,67.6666,0
0,1,11,29,4.6667,4.6667,0,-16.3334,67.6666,0
0,0,12,28,4.6666,4.66667,0,-11.6667,63,0
0,1,11,29,4.6667,4.6667,0,-16.3334,67.6666,0
0,1,11,28,4.6666,4.6667,0,-16.3334,63,0
0,1,11,27,4.6667,4.6667,0,-16.3334,58.3334,0
0,1,12,27,4.6667,4.66667,0,-11.6667,58.3334,0
0,1,13,27,4.6667,4.66667,0,-7,58.3334,0
0,1,13,28,4.6666,4.66667,0,-7,63,0
0,1,13,29,4.6667,4.66667,0,-7,67.6666,0
0,1,12,29,4.6667,4.66667,0,-11.6667,67.6666,0
0,0,13,28,4.6666,4.66667,0,-7,63,0
0,1,12,29,4.6667,4.66667,0,-11.6667,67.6666,0
0,1,12,28,4.6666,4.66667,0,-11.6667,63,0
0,1,12,27,4.6667,4.66667,0,-11.6667,58.3334,0
0,1,13,27,4.6667,4.66667,0,-7,58.3334,0
0,1,14,27,4.6667,4.66666,0,-2.33333,58.3334,0
0,1,14,28,4.6666,4.66666,0,-2.33333,63,0
0,1,14,29,4.6667,4.66666,0,-2.33333,67.6666,0
0,1,13,29,4.6667,4.66667,0,-7,67.6666,0
0,0,14,28,4.6666,4.66666,0,-2.33333,63,0
0,1,13,29,4.6667,4.66667,0,-7,67.6666,0
0,1,13,28,4.6666,4.66667,0,-7,63,0
0,1,13,27,4.6667,4.66667,0,-7,58.3334,0
0,1,14,27,4.6667,4.66666,0,-2.33333,58.3334,0
0,1,15,27,4.6667,4.66667,0,2.33334,58.3334,0
0,1,15,28,4.6666,4.66667,0,2.33334,63,0
0,1,15,29,4.6667,4.66667,0,2.33334,67.6666,0
0,1,14,29,4.6667,4.66666,0,-2.33333,67.6666,0
0,0,15,28,4.6666,4.66667,0,2.33334,63,0
0,1,14,29,4.6667,4.66666,0,-2.33333,67.6666,0
0,1,14,28,4.6666,4.66666,0,-2.33333,63,0
0,1,14,27,4.6667,4.66666,0,-2.33333,58.3334,0
0,1,15,27,4.6667,4.66667,0,2.33334,58.3334,0
0,1,16,27,4.6667,4.66667,0,7,58.3334,0
0,1,16,28,4.6666,4.66667,0,7,63,0
0,1,16,29,4.6667,4.66667,0,7,67.6666,0
0,1,15,29,4.6667,4.66667,0,2.33334,67.6666,0
0,0,16,28,4.6666,4.66667,0,7,63,0
0,1,15,29,4.6667,4.66667,0,2.33334,67.6666,0
0,1,15,28,4.6666,4.66667,0,2.33334,63,0
0,1,15,27,4.6667,4.66667,0,2.33334,58.3334,0
0,1,16,27,4.6667,4.66667,0,7,58.3334,0
0,1,17,27,4.6667,4.66666,0,11.6667,58.3334,0
0,1,17,28,4.6666,4.66666,0,11.6667,63,0
0,1,17,29,4.6667,4.66666,0,11.6667,67.6666,0
0,1,16,29,4.6667,4.66667,0,7,67.6666,0
0,0,17,28,4.6666,4.66666,0,11.6667,63,0
0,1,16,29,4.6667,4.66667,0,7,67.6666,0
0,1,16,28,4.6666,4.66667,0,7,63,0
0,1,16,27,4.6667,4.66667,0,7,58.3334,0
0,1,17,27,4.6667,4.66666,0,11.6667,58.3334,0
0,1,18,27,4.6667,4.6667,0,16.3334,58.3334,0
0,1,18,28,4.6666,4.6667,0,16.3334,63,0
0,1,18,29,4.6667,4.6667,0,16.3334,67.6666,0
0,1,17,29,4.6667,4.66666,0,11.6667,67.6666,0
0,0,18,28,4.6666,4.6667,0,16.3334,63,0
0,1,17,29,4.6667,4.66666,0,11.6667,67.6666,0
0,1,17,28,4.6666,4.66666,0,11.6667,63,0
0,1,17,27,4.6667,4.66666,0,11.6667,58.3334,0
0,1,18,27,4.6667,4.6667,0,16.3334,58.3334,0
0,1,19,27,4.6667,4.6666,0,21,58.3334,0
0,1,19,28,4.6666,4.6666,0,21,63,0
0,1,19,29,4.6667,4.6666,0,21,67.6666,0
0,1,18,29,4.6667,4.6667,0,16.3334,67.6666,0
0,0,19,28,4.6666,4.6666,0,21,63,0
0,1,18,29,4.6667,4.6667,0,16.3334,67.6666,0
0,1,18,28,4.6666,4.6667,0,16.3334,63,0
0,1,18,27,4.6667,4.6667,0,16.3334,58.3334,0
0,1,19,27,4.6667,4.6666,0,21,58.3334,0
0,1,20,27,4.6667,4.6667,0,25.6666,58.3334,0
0,1,20,28,4.6666,4.6667,0,25.6666,63,0
0,1,20,29,4.6667,4.6667,0,25.6666,67.6666,0
0,1,19,29,4.6667,4.6666,0,21,67.6666,0
0,0,20,28,4.6666,4.6667,0,25.6666,63,0
0,1,19,29,4.6667,4.6666,0,21,67.6666,0
0,1,19,28,4.6666,4.6666,0,21,63,0
0,1,19,27,4.6667,4.6666,0,21,58.3334,0
0,1,20,27,4.6667,4.6667,0,25.6666,58.3334,0
0,1,21,27,4.6667,4.6667,0,30.3333,58.3334,0
0,1,21,28,4.6666,4.6667,0,30.3333,63,0
0,1,21,29,4.6667,4.6667,0,30.3333,67.6666,0
0,1,20,29,4.6667,4.6667,0,25.6666,67.6666,0
0,0,21,28,4.6666,4.6667,0,30.3333,63,0
0,1,20,29,4.6667,4.6667,0,25.6666,67.6666,0
0,1,20,28,4.6666,4.6667,0,25.6666,63,0
0,1,20,27,4.6667,4.6667,0,25.6666,58.3334,0
0,1,21,27,4.6667,4.6667,0,30.3333,58.3334,0
0,1,22,27,4.6667,4.6666,0,35,58.3334,0
0,1,22,28,4.6666,4.6666,0,35,63,0
0,1,22,29,4.6667,4.6666,0,35,67.6666,0
0,1,21,29,4.6667,4.6667,0,30.3333,67.6666,0
0,0,22,28,4.6666,4.6666,0,35,63,0
0,1,21,29,4.6667,4.6667,0,30.3333,67.6666,0
0,1,21,28,4.6666,4.6667,0,30.3333,63,0
0,1,21,27,4.6667,4.6667,0,30.3333,58.3334,0
0,1,22,27,4.6667,4.6666,0,35,58.3334,0
0,1,23,27,4.6667,4.6667,0,39.6666,58.3334,0
0,1,23,28,4.6666,4.6667,0,39.6666,63,0
0,1,23,29,4.6667,4.6667,0,39.6666,67.6666,0
0,1,22,29,4.6667,4.6666,0,35,67.6666,0
0,0,23,28,4.6666,4.6667,0,39.6666,63,0
0,1,22,29,4.6667,4.6666,0,35,67.6666,0
0,1,22,28,4.6666,4.6666,0,35,63,0
0,1,22,27,4.6667,4.6666,0,35,58.3334,0
0,1,23,27,4.6667,4.6667,0,39.6666,58.3334,0
0,1,24,27,4.6667,4.6667,0,44.3334,58.3334,0
0,1,24,28,4.6666,4.6667,0,44.3334,63,0
0,1,24,29,4.6667,4.6667,0,44.3334,67.6666,0
0,1,23,29,4.6667,4.6667,0,39.6666,67.6666,0
0,0,24,28,4.6666,4.6667,0,44.3334,63,0
0,1,23,29,4.6667,4.6667,0,39.6666,67.6666,0
0,1,23,28,4.6666,4.6667,0,39.6666,63,0
0,1,23,27,4.6667,4.6667,0,39.6666,58.3334,0
0,1,24,27,4.6667,4.6667,0,44.3334,58.3334,0
0,1,25,27,4.6667,4.6666,0,49,58.3334,0
0,1,25,28,4.6666,4.6666,0,49,63,0
0,1,25,29,4.6667,4.6666,0,49,67.6666,0
0,1,24,29,4.6667,4.6667,0,44.3334,67.6666,0
0,0,25,28,4.6666,4.6666,0,49,63,0
0,1,24,29,4.6667,4.6667,0,44.3334,67.6666,0
0,1,24,28,4.6666,4.6667,0,44.3334,63,0
0,1,24,27,4.6667,4.6667,0,44.3334,58.3334,0
0,1,25,27,4.6667,4.6666,0,49,58.3334,0
0,1,26,27,4.6667,4.6667,0,53.6666,58.3334,0
0,1,26,28,4.6666,4.6667,0,53.6666,63,0
0,1,26,29,4.6667,4.6667,0,53.6666,67.6666,0
0,1,25,29,4.6667,4.6666,0,49,67.6666,0
0,0,26,28,4.6666,4.6667,0,53.6666,63,0
0,1,25,29,4.6667,4.6666,0,49,67.6666,0
0,1,25,28,4.6666,4.6666,0,49,63,0
0,1,25,27,4.6667,4.6666,0,49,58.3334,0
0,1,26,27,4.6667,4.6667,0,53.6666,58.3334,0
0,1,27,27,4.6667,4.6667,0,58.3334,58.3334,0
0,1,27,28,4.6666,4.6667,0,58.3334,63,0
0,1,27,29,4.6667,4.6667,0,58.3334,67.6666,0
0,1,26,29,4.6667,4.6667,0,53.6666,67.6666,0
0,0,27,28,4.6666,4.6667,0,58.3334,63,0
0,1,26,29,4.6667,4.6667,0,53.6666,67.6666,0
0,1,26,28,4.6666,4.6667,0,53.6666,63,0
0,1,26,27,4.6667,4.6667,0,53.6666,58.3334,0
0,1,27,27,4.6667,4.6667,0,58.3334,58.3334,0
0,1,28,27,4.6667,4.6666,0,63,58.3334,0
0,1,28,28,4.6666,4.6666,0,63,63,0
0,1,28,29,4.6667,4.6666,0,63,67.6666,0
0,1,27,29,4.6667,4.6667,0,58.3334,67.6666,0
0,0,28,28,4.6666,4.6666,0,63,63,0
0,1,27,29,4.6667,4.6667,0,58.3334,67.6666,0
0,1,27,28,4.6666,4.6667,0,58.3334,63,0
0,1,27,27,4.6667,4.6667,0,58.3334,58.3334,0
0,1,28,27,4.6667,4.6666,0,63,58.3334,0
0,1,29,27,4.6667,4.6667,0,67.6666,58.3334,0
0,1,29,28,4.6666,4.6667,0,67.6666,63,0
0,1,29,29,4.6667,4.6667,0,67.6666,67.6666,0
0,1,28,29,4.6667,4.6666,0,63,67.6666,0
0,0,29,28,4.6666,4.6667,0,67.6666,63,0
0,1,28,29,4.6667,4.6666,0,63,67.6666,0
0,1,28,28,4.6666,4.6666,0,63,63,0
0,1,28,27,4.6667,4.6666,0,63,58.3334,0
0,1,29,27,4.6667,4.6667,0,67.6666,58.3334,0
1,1,0,0,0,0,0,0,0,0
1,1,0,0,0,0,0,0,0,0
1,1,0,0,0,0,0,0,0,0
0,1,29,29,4.6667,4.6667,0,67.6666,67.6666,0
0,0,0,29,4.6667,4.6667,0,-67.6666,67.6666,0
1,1,0,0,0,0,0,0,0,0
1,1,0,0,0,0,0,0,0,0
1,1,0,0,0,0,0,0,0,0
0,1,0,28,4.6666,4.6667,0,-67.6666,63,0
0,1,1,28,4.6666,4.6666,0,-63,63,0
0,1,1,29,4.6667,4.6666,0,-63,67.6666,0
1,1,0,0,0,0,0,0,0,0
1,1,0,0,0,0,0,0,0,0
0,0,1,29,4.6667,4.6666,0,-63,67.6666,0
1,1,0,0,0,0,0,0,0,0
0,1,0,29,4.6667,4.6667,0,-67.6666,67.6666,0
0,1,0,28,4.6666,4.6667,0,-67.6666,63,0
0,1,1,28,4.6666,4.6666,0,-63,63,0
0,1,2,28,4.6666,4.6667,0,-58.3334,63,0
0,1,2,29,4.6667,4.6667,0,-58.3334,67.6666,0
1,1,0,0,0,0,0,0,0,0
1,1,0,0,0,0,0,0,0,0
0,0,2,29,4.6667,4.6667,0,-58.3334,67.6666,0
1,1,0,0,0,0,0,0,0,0
0,1,1,29,4.6667,4.6666,0,-63,67.6666,0
0,1,1,28,4.6666,4.6666,0,-63,63,0
0,1,2,28,4.6666,4.6667,0,-58.3334,63,0
0,1,3,28,4.6666,4.6667,0,-53.6666,63,0
0,1,3,29,4.6667,4.6667,0,-53.6666,67.6666,0
1,1,0,0,0,0,0,0,0,0
1,1,0,0,0,0,0,0,0,0
0,0,3,29,4.6667,4.6667,0,-53.6666,67.6666,0
1,1,0,0,0,0,0,0,0,0
0,1,2,29,4.6667,4.6667,0,-58.3334,67.6666,0
0,1,2,28,4.6666,4.6667,0,-58.3334,63,0
0,1,3,28,4.6666,4.6667,0,-53.6666,63,0
0,1,4,28,4.6666,4.6666,0,-49,63,0
0,1,4,29,4.6667,4.6666,0,-49,67.6666,0
1,1,0,0,0,0,0,0,0,0
1,1,0,0,0,0,0,0,0,0
0,0,4,29,4.6667,4.6666,0,-49,67.6666,0
1,1,0,0,0,0,0,0,0,0
0,1,3,29,4.6667,4.6667,0,-53.6666,67.6666,0
0,1,3,28,4.6666,4.6667,0,-53.6666,63,0
0,1,4,28,4.6666,4.6666,0,-49,63,0
0,1,5,28,4.6666,4.6667,0,-44.3334,63,0
0,1,5,29,4.6667,4.6667,0,-44.3334,67.6666,0
1,1,0,0,0,0,0,0,0,0
1,1,0,0,0,0,0,0,0,0
0,0,5,29,4.6667,4.6667,0,-44.3334,67.6666,0
1,1,0,0,0,0,0,0,0,0
0,1,4,29,4.6667,4.6666,0,-49,67.6666,0
0,1,4,28,4.6666,4.6666,0,-49,63,0
0,1,5,28,4.6666,4.6667,0,-44.3334,63,0
0,1,6,28,4.6666,4.6667,0,-39.6666,63,0
0,1,6,29,4.6667,4.6667,0,-39.6666,67.6666,0
1,1,0,0,0,0,0,0,0,0
1,1,0,0,0,0,0,0,0,0
0,0,6,29,4.6667,4.6667,0,-39.6666,67.6666,0
1,1,0,0,0,0,0,0,0,0
0,1,5,29,4.6667,4.6667,0,-44.3334,67.6666,0
0,1,5,28,4.6666,4.6667,0,-44.3334,63,0
0,1,6,28,4.6666,4.6667,0,-39.6666,63,0
0,1,7,28,4.6666,4.6666,0,-35,63,0
0,1,7,29,4.6667,4.6666,0,-35,67.6666,0
1,1,0,0,0,0,0,0,0,0
1,1,0,0,0,0,0,0,0,0
0,0,7,29,4.6667,4.6666,0,-35,67.6666,0
1,1,0,0,0,0,0,0,0,0
0,1,6,29,4.6667,4.6667,0,-39.6666,67.6666,0
0,1,6,28,4.6666,4.6667,0,-39.6666,63,0
0,1,7,28,4.6666,4.6666,0,-35,63,0
0,1,8,28,4.6666,4.6667,0,-30.3333,63,0
0,1,8,29,4.6667,4.6667,0,-30.3333,67.6666,0
1,1,0,0,0,0,0,0,0,0
1,1,0,0,0,0,0,0,0,0
0,0,8,29,4.6667,4.6667,0,-30.3333,67.6666,0
1,1,0,0,0,0,0,0,0,0
0,1,7,29,4.6667,4.6666,0,-35,67.6666,0
0,1,7,28,4.6666,4.6666,0,-35,63,0
0,1,8,28,4.6666,4.6667,0,-30.3333,63,0
0,1,9,28,4.6666,4.6667,0,-25.6666,63,0
0,1,9,29,4.6667,4.6667,0,-25.6666,67.6666,0
1,1,0,0,0,0,0,0,0,0
1,1,0,0,0,0,0,0,0,0
0,0,9,29,4.6667,4.6667,0,-25.6666,67.6666,0
1,1,0,0,0,0,0,0,0,0
0,1,8,29,4.6667,4.6667,0,-30.3333,67.6666,0
0,1,8,28,4.6666,4.6667,0,-30.3333,63,0
0,1,9,28,4.6666,4.6667,0,-25.6666,63,0
0,1,10,28,4.6666,4.6666,0,-21,63,0
0,1,10,29,4.6667,4.6666,0,-21,67.6666,0
1,1,0,0,0,0,0,0,0,0
1,1,0,0,0,0,0,0,0,0
0,0,10,29,4.6667,4.6666,0,-21,67.6666,0
1,1,0,0,0,0,0,0,0,0
0,1,9,29,4.6667,4.6667,0,-25.6666,67.6666,0
0,1,9,28,4.6666,4.6667,0,-25.6666,63,0
0,1,10,28,4.6666,4.6666,0,-21,63,0
0,1,11,28,4.6666,4.6667,0,-16.3334,63,0
0,1,11,29,4.6667,4.6667,0,-16.3334,67.6666,0
1,1,0,0,0,0,0,0,0,0
1,1,0,0,0,0,0,0,0,0
0,0,11,29,4.6667,4.6667,0,-16.3334,67.6666,0
1,1,0,0,0,0,0,0,0,0
0,1,10,29,4.6667,4.6666,0,-21,67.6666,0
0,1,10,28,4.6666,4.6666,0,-21,63,0
0,1,11,28,4.6666,4.6667,0,-16.3334,63,0
0,1,12,28,4.6666,4.66667,0,-11.6667,63,0
0,1,12,29,4.6667,4.66667,0,-11.6667,67.6666,0
1,1,0,0,0,0,0,0,0,0
1,1,0,0,0,0,0,0,0,0
0,0,12,29,4.6667,4.66667,0,-11.6667,67.6666,0
1,1,0,0,0,0,0,0,0,0
0,1,11,29,4.6667,4.6667,0,-16.3334,67.6666,0
0,1,11,28,4.6666,4.6667,0,-16.3334,63,0
0,1,12,28,4.6666,4.66667,0,-11.6667,63,0
0,1,13,28,4.6666,4.66667,0,-7,63,0
0,1,13,29,4.6667,4.66667,0,-7,67.6666,0
1,1,0,0,0,0,0,0,0,0
1,1,0,0,0,0,0,0,0,0
0,0,13,29,4.6667,4.66667,0,-7,67.6666,0
1,1,0,0,0,0,0,0,0,0
0,1,12,29,4.6667,4.66667,0,-11.6667,67.6666,0
0,1,12,28,4.6666,4.66667,0,-11.6667,63,0
0,1,13,28,4.6666,4.66667,0,-7,63,0
0,1,14,28,4.6666,4.66666,0,-2.33333,63,0
0,1,14,29,4.6667,4.66666,0,-2.33333,67.6666,0
1,1,0,0,0,0,0,0,0,0
1,1,0,0,0,0,0,0,0,0
0,0,14,29,4.6667,4.66666,0,-2.33333,67.6666,0
1,1,0,0,0,0,0,0,0,0
0,1,13,29,4.6667,4.66667,0,-7,67.6666,0
0,1,13,28,4.6666,4.66667,0,-7,63,0
0,1,14,28,4.6666,4.66666,0,-2.33333,63,0
0,1,15,28,4.6666,4.66667,0,2.33334,63,0
0,1,15,29,4.6667,4.66667,0,2.33334,67.6666,0
1,1,0,0,0,0,0,0,0,0
1,1,0,0,0,0,0,0,0,0
0,0,15,29,4.6667,4.66667,0,2.33334,67.6666,0
1,1,0,0,0,0,0,0,0,0
0,1,14,29,4.6667,4.66666,0,-2.33333,67.6666,0
0,1,14,28,4.6666,4.66666,0,-2.33333,63,0
0,1,15,28,4.6666,4.66667,0,2.33334,63,0
0,1,16,28,4.6666,4.66667,0,7,63,0
0,1,16,29,4.6667,4.66667,0,7,67.6666,0
1,1,0,0,0,0,0,0,0,0
1,1,0,0,0,0,0,0,0,0
0,0,16,29,4.6667,4.66667,0,7,67.6666,0
1,1,0,0,0,0,0,0,0,0
0,1,15,29,4.6667,4.66667,0,2.33334,67.6666,0
0,1,15,28,4.6666,4.66667,0,2.33334,63,0
0,1,16,28,4.6666,4.66667,0,7,63,0
0,1,17,28,4.6666,4.66666,0,11.6667,63,0
0,1,17,29,4.6667,4.66666,0,11.6667,67.6666,0
1,1,0,0,0,0,0,0,0,0
1,1,0,0,0,0,0,0,0,0
0,0,17,29,4.6667,4.66666,0,11.6667,67.6666,0
1,1,0,0,0,0,0,0,0,0
0,1,16,29,4.6667,4.66667,0,7,67.6666,0
0,1,16,28,4.6666,4.66667,0,7,63,0
0,1,17,28,4.6666,4.66666,0,11.6667,63,0
0,1,18,28,4.6666,4.6667,0,16.3334,63,0
0,1,18,29,4.6667,4.6667,0,16.3334,67.6666,0
1,1,0,0,0,0,0,0,0,0
1,1,0,0,0,0,0,0,0,0
0,0,18,29,4.6667,4.6667,0,16.3334,67.6666,0
1,1,0,0,0,0,0,0,0,0
0,1,17,29,4.6667,4.66666,0,11.6667,67.6666,0
0,1,17,28,4.6666,4.66666,0,11.6667,63,0
0,1,18,28,4.6666,4.6667,0,16.3334,63,0
0,1,19,28,4.6666,4.6666,0,21,63,0
0,1,19,29,4.6667,4.6666,0,21,67.6666,0
1,1,0,0,0,0,0,0,0,0
1,1,0,0,0,0,0,0,0,0
0,0,19,29,4.6667,4.6666,0,21,67.6666,0
1,1,0,0,0,0,0,0,0,0
0,1,18,29,4.6667,4.6667,0,16.3334,67.6666,0
0,1,18,28,4.6666,4.6667,0,16.3334,63,0
0,1,19,28,4.6666,4.6666,0,21,63,0
0,1,20,28,4.6666,4.6667,0,25.6666,63,0
0,1,20,29,4.6667,4.6667,0,25.6666,67.6666,0
1,1,0,0,0,0,0,0,0,0
1,1,0,0,0,0,0,0,0,0
0,0,20,29,4.6667,4.6667,0,25.6666,67.6666,0
1,1,0,0,0,0,0,0,0,0
0,1,19,29,4.6667,4.6666,0,21,67.6666,0
0,1,19,28,4.6666,4.6666,0,21,63,0
0,1,20,28,4.6666,4.6667,0,25.6666,63,0
0,1,21,28,4.6666,4.6667,0,30.3333,63,0
0,1,21,29,4.6667,4.6667,0,30.3333,67.6666,0
1,1,0,0,0,0,0,0,0,0
1,1,0,0,0,0,0,0,0,0
0,0,21,29,4.6667,4.6667,0,30.3333,67.6666,0
1,1,0,0,0,0,0,0,0,0
0,1,20,29,4.6667,4.6667,0,25.6666,67.6666,0
0,1,20,28,4.6666,4.6667,0,25.6666,63,0
0,1,21,28,4.6666,4.6667,0,30.3333,63,0
0,1,22,28,4.6666,4.6666,0,35,63,0
0,1,22,29,4.6667,4.6666,0,35,67.6666,0
1,1,0,0,0,0,0,0,0,0
1,1,0,0,0,0,0,0,0,0
0,0,22,29,4.6667,4.6666,0,35,67.6666,0
1,1,0,0,0,0,0,0,0,0
0,1,21,29,4.6667,4.6667,0,30.3333,67.6666,0
0,1,21,28,4.6666,4.6667,0,30.3333,63,0
0,1,22,28,4.6666,4.6666,0,35,63,0
0,1,23,28,4.6666,4.6667,0,39.6666,63,0
0,1,23,29,4.6667,4.6667,0,39.6666,67.6666,0
1,1,0,0,0,0,0,0,0,0
1,1,0,0,0,0,0,0,0,0
0,0,23,29,4.6667,4.6667,0,39.6666,67.6666,0
1,1,0,0,0,0,0,0,0,0
0,1,22,29,4.6667,4.6666,0,35,67.6666,0
0,1,22,28,4.6666,4.6666,0,35,63,0
0,1,23,28,4.6666,4.6667,0,39.6666,63,0
0,1,24,28,4.6666,4.6667,0,44.3334,63,0
0,1,24,29,4.6667,4.6667,0,44.3334,67.6666,0
1,1,0,0,0,0,0,0,0,0
1,1,0,0,0,0,0,0,0,0
0,0,24,29,4.6667,4.6667,0,44.3334,67.6666,0
1,1,0,0,0,0,0,0,0,0
0,1,23,29,4.6667,4.6667,0,39.6666,67.6666,0
0,1,23,28,4.6666,4.6667,0,39.6666,63,0
0,1,24,28,4.6666,4.6667,0,44.3334,63,0
0,1,25,28,4.6666,4.6666,0,49,63,0
0,1,25,29,4.6667,4.6666,0,49,67.6666,0
1,1,0,0,0,0,0,0,0,0
1,1,0,0,0,0,0,0,0,0
0,0,25,29,4.6667,4.6666,0,49,67.6666,0
1,1,0,0,0,0,0,0,0,0
0,1,24,29,4.6667,4.6667,0,44.3334,67.6666,0
0,1,24,28,4.6666,4.6667,0,44.3334,63,0
0,1,25,28,4.6666,4.6666,0,49,63,0
0,1,26,28,4.6666,4.6667,0,53.6666,63,0
0,1,26,29,4.6667,4.6667,0,53.6666,67.6666,0
1,1,0,0,0,0,0,0,0,0
1,1,0,0,0,0,0,0,0,0
0,0,26,29,4.6667,4.6667,0,53.6666,67.6666,0
1,1,0,0,0,0,0,0,0,0
0,1,25,29,4.6667,4.6666,0,49,67.6666,0
0,1,25,28,4.6666,4.6666,0,49,63,0
0,1,26,28,4.6666,4.6667,0,53.6666,63,0
0,1,27,28,4.6666,4.6667,0,58.3334,63,0
0,1,27,29,4.6667,4.6667,0,58.3334,67.6666,0
1,1,0,0,0,0,0,0,0,0
1,1,0,0,0,0,0,0,0,0
0,0,27,29,4.6667,4.6667,0,58.3334,67.6666,0
1,1,0,0,0,0,0,0,0,0
0,1,26,29,4.6667,4.6667,0,53.6666,67.6666,0
0,1,26,28,4.6666,4.6667,0,53.6666,63,0
0,1,27,28,4.6666,4.6667,0,58.3334,63,0
0,1,28,28,4.6666,4.6666,0,63,63,0
0,1,28,29,4.6667,4.6666,0,63,67.6666,0
1,1,0,0,0,0,0,0,0,0
1,1,0,0,0,0,0,0,0,0
0,0,28,29,4.6667,4.6666,0,63,67.6666,0
1,1,0,0,0,0,0,0,0,0
0,1,27,29,4.6667,4.6667,0,58.3334,67.6666,0
0,1,27,28,4.6666,4.6667,0,58.3334,63,0
0,1,28,28,4.6666,4.6666,0,63,63,0
0,1,29,28,4.6666,4.6667,0,67.6666,63,0
0,1,29,29,4.6667,4.6667,0,67.6666,67.6666,0
1,1,0,0,0,0,0,0,0,0
1,1,0,0,0,0,0,0,0,0
0,0,29,29,4.6667,4.6667,0,67.6666,67.6666,0
1,1,0,0,0,0,0,0,0,0
0,1,28,29,4.6667,4.6666,0,63,67.6666,0
0,1,28,28,4.6666,4.6666,0,63,63,0
0,1,29,28,4.6666,4.6667,0,67.6666,63,0
1,1,0,0,0,0,0,0,0,0
1,1,0,0,0,0,0,0,0,0
1,1,0,0,0,0,0,0,0,0
1,1,0,0,0,0,0,0,0,0
